master_record_number,agency,agency_tracking_number,county,city,collision_date,vehicles_involved,number_injured,number_dead,latitude,longitude,roadway_name,roadway_suffix,roadway_number,roadway_local_id,distance_from_reference,miles-feet_indicator,direction_from_reference,intersection_road_name,intersection_road_name_suffix,intersection_road_number,intersection_local_id,mile_marker,intersection_indicator,intersect_type,interchange_related_indicator,relation_to_junction,work_zone_type,construction_maintenance_zone,construction_maintenance_zone_location,fatal_case_number,officer_first_name,officer_last_name,weather_condition(s),manner_of_crash,pedestrian,bicycle,scooter,parking,hitrun,mou
100880119,METROPOLITAN NASHVILLE POLICE DEPT,20150630148,Davidson,Nashville,7/2/2015 4:27:00 PM,2,0,0,36.063700,-86.771640,I 65,,,,0.00,,,,,,,75.50,N,Not at Intersection, ,Non-Junction,None,,,         ,Eric,Burford,Clear,"Sideswipe, Same Direction",no,no,no,no,no,False
100880120,METROPOLITAN NASHVILLE POLICE DEPT,20150630326,Davidson,Nashville,7/2/2015 4:30:00 PM,2,0,0,36.038940,-86.782500,STATE HWY 254,,,,0.00,,,-- UNKNOWN RAMP/ROAD --,,,,0.00,Y,OTHER, ,Non-Junction,None,,,         ,Eric,Burford,Clear,Front to Rear,no,no,no,no,no,False
100880135,METROPOLITAN NASHVILLE POLICE DEPT,20150630415,Davidson,Antioch,7/2/2015 5:26:00 PM,2,2,0,36.015850,-86.620100,STATE HWY 171,,,,0.00,Feet,,-- UNKNOWN RAMP/ROAD --,,,,0.00,Y,Y-Intersection,N,Intersection-Related,None,,,         ,Kevin,Keating,Cloudy,Front to Rear,no,no,no,no,no,False
100880139,METROPOLITAN NASHVILLE POLICE DEPT,20150630343,Davidson,Goodlettsville,7/2/2015 5:06:00 PM,1,1,0,36.286260,-86.727560,I 65,,,,0.00,,,,,,,93.90,N,Not at Intersection,N,Non-Junction,None,,,         ,Samuel,Miller,Rain,Not Collision with Motor Vehicle in Transport,no,no,no,no,no,False
100880140,METROPOLITAN NASHVILLE POLICE DEPT,2015-0625518,Davidson,Nashville,7/1/2015 8:54:00 AM,2,0,0,36.177720,-86.605010,-- UNKNOWN RAMP/ROAD --,,,,0.00,,,STATE HWY 45,,,,0.00,Y,T-Intersection, ,Entrance/Exit Ramp Related,None,,,         ,Jeb,Johnston,Cloudy,Front to Rear,no,no,no,no,no,False
100880146,METROPOLITAN NASHVILLE POLICE DEPT,20150630368,Davidson,Nashville,7/2/2015 5:13:00 PM,1,0,0,36.152490,-86.847250,50TH AVE N,,,,178.00,Feet,North,US HWY 70,,,,0.00,N,Not at Intersection,N,OtherLocation,None,,,         ,Brandon,Rardin,Rain,Not Collision with Motor Vehicle in Transport,no,no,no,no,no,False
100880147,METROPOLITAN NASHVILLE POLICE DEPT,20150630575,Davidson,Nashville,7/2/2015 12:30:00 PM,2,0,0,36.133940,-86.697610,ARBOR CREEK LN,,,,271.00,Feet,East,STATE HWY 155,,,,0.00,N,Not at Intersection,N,OtherLocation,None,,,         ,Shawn,Taylor,Rain,"Sideswipe, Same Direction",no,no,no,yes,yes,False
100880151,METROPOLITAN NASHVILLE POLICE DEPT,20150630307,Davidson,Nashville,7/2/2015 4:30:00 PM,3,0,0,36.239170,-86.777360,EXIT 17,,,,0.00,Feet,East,STATE HWY 155,,,,0.00,N,Not at Intersection, ,Non-Junction,None,,,         ,Jerry,Pirtle,Rain,Front to Rear,no,no,no,no,yes,False
100880152,METROPOLITAN NASHVILLE POLICE DEPT,2015-0625929,Davidson,Nashville,7/1/2015 11:39:00 AM,1,0,0,36.143290,-86.653620,ELM HILL PIKE,,,,422.00,Feet,East,MCCRORY CREEK RD,,,,0.00,N,Not at Intersection,N,Non-Junction,None,,,         ,Jeb,Johnston,Cloudy,Not Collision with Motor Vehicle in Transport,no,no,no,no,no,False
100880164,GOODLETTSVILLE POLICE DEPT,15-24927,Davidson,Goodlettsville,7/2/2015 4:38:00 PM,2,1,0,36.306840,-86.694510,CONFERENCE DR,,,,0.00,,,STATE HWY 386,,,,0.00,Y,Four-Way,N,Intersection-Related,None,,,         ,Brian,Hajdu,Rain,Front to Rear,no,no,no,no,no,False
100880165,METROPOLITAN NASHVILLE POLICE DEPT,20150630641,Davidson,Nashville,7/2/2015 6:37:00 PM,2,0,0,36.088310,-86.790830,BATTERY LN,,,,38.00,Feet,East,LEALAND LN,,,,0.00,N,Not at Intersection, ,Non-Junction,None,,,         ,Brenton,Adcox,Cloudy,Front to Rear,no,no,no,no,no,False
100880166,METROPOLITAN NASHVILLE POLICE DEPT,20150630678,Davidson,Nashville,7/2/2015 6:45:00 PM,1,1,0,36.240110,-86.769260,STATE HWY 155,,,,291.00,Feet,South,DOVERSIDE DR,,,,0.00,N,Not at Intersection,N,Non-Junction,None,,,         ,Nathan,Dungan,Rain,Not Collision with Motor Vehicle in Transport,no,no,no,no,no,False
100880168,METROPOLITAN NASHVILLE POLICE DEPT,20150630520,Davidson,Nashville,7/2/2015 5:58:00 PM,2,1,0,36.247360,-86.756890,US HWY 31W,,,,832.00,Feet,South,OLD DUE WEST AVE,,,,0.00,N,Not at Intersection,N,"Driveway, Alley Access, etc",None,,,         ,Ryan,Allen,Clear,Angle,no,no,no,yes,no,False
100880171,METROPOLITAN NASHVILLE POLICE DEPT,2015-0628730,Davidson,Nashville,7/2/2015 7:04:00 AM,2,0,0,36.152070,-86.690480,EXIT 7,,,,0.00,,,ELM HILL PIKE,,,,0.00,Y,T-Intersection, ,Intersection,None,,,         ,Jeb,Johnston,Rain,Front to Rear,no,no,no,no,no,False
100880174,Nashville Airport Police,2015-01451,Davidson,Nashville,7/2/2015 4:26:00 PM,2,1,0,0.000000,0.000000,AIRPORT SERVICE,RD,,,0.10,Miles,West,DONELSON PIKE,PIKE,SR255,,0.00,N,Not at Intersection,N,Non-Junction,None,,,         ,Gary,Polk,Cloudy,"Sideswipe, Opposite Direction",no,no,no,no,no,False
100880180,METROPOLITAN NASHVILLE POLICE DEPT,20150630594,Davidson,Nashville,7/2/2015 6:22:00 PM,2,0,0,36.181180,-86.745170,CALVIN AVE,,,,0.00,,,N 14TH ST,,,,0.00,Y,Four-Way, ,Intersection,None,,,         ,Cressie,Prill,Rain,Not Collision with Motor Vehicle in Transport,no,no,no,no,no,False
100880183,METROPOLITAN NASHVILLE POLICE DEPT,20150630475,Davidson,Nashville,7/2/2015 6:10:00 PM,2,0,0,36.089150,-86.702350,I 24,,,,0.00,,,,,,,55.45,N,Not at Intersection,N,Non-Junction,None,,,         ,Jessie,Meadows,Clear,Angle,no,no,no,no,no,False
100880185,METROPOLITAN NASHVILLE POLICE DEPT,20150630726,Davidson,Nashville,7/2/2015 7:10:00 PM,1,0,0,36.081480,-86.681760,FRANKLIN LIMESTONE RD,,,,1117.00,Feet,North,ANTIOCH PIKE,,,,0.00,N,Not at Intersection,N,Non-Junction,None,,,         ,William,Durham,Clear,Not Collision with Motor Vehicle in Transport,no,no,no,no,yes,False
100880190,METROPOLITAN NASHVILLE POLICE DEPT,20150630674,Davidson,Goodlettsville,7/2/2015 6:44:00 PM,2,3,0,36.286820,-86.705370,US HWY 31E,,,,0.00,,,EDENWOLD RD,,,,0.00,Y,Four-Way,Y,Intersection,None,,,         ,Samuel,Miller,Cloudy,Angle,no,no,no,no,no,False
100880191,METROPOLITAN NASHVILLE POLICE DEPT,20150630488,Davidson,Nashville,7/2/2015 5:54:00 PM,2,2,0,36.199300,-86.740790,GALLATIN PIKE,,,,100.00,Feet,North,DELMAS AVE,,,,0.00,N,Not at Intersection,N,Non-Junction,None,,,         ,Whitney,Arnold,Rain,Angle,no,no,no,no,no,False
100880193,METROPOLITAN NASHVILLE POLICE DEPT,20150630759,Davidson,Nashville,7/2/2015 6:50:00 PM,1,1,0,36.239710,-86.770850,STATE HWY 155,,,,1558.00,Feet,West,EXIT 16B,,,,0.00,N,Not at Intersection,N,Non-Junction,None,,,         ,Nathan,Dungan,Rain,Not Collision with Motor Vehicle in Transport,no,no,no,no,no,False
100880197,METROPOLITAN NASHVILLE POLICE DEPT,20150630540,Davidson,Nashville,7/2/2015 12:00:00 AM,1,0,0,36.168230,-86.816810,26TH AVE N,,,,40.00,Feet,North,JEFFERSON ST,,,,0.00,N,Not at Intersection,N,Non-Junction,Unknown,Unknown,Unknown,         ,Jaby,Djabbarov,Cloudy,Not Collision with Motor Vehicle in Transport,no,no,no,no,yes,False
100880199,METROPOLITAN NASHVILLE POLICE DEPT,20150629891,Davidson,Nashville,7/2/2015 2:40:00 PM,2,0,0,36.097090,-86.876010,US HWY 70S,,,,75.00,Feet,West,OLD HARDING RD,,,,0.00,N,Not at Intersection,N,Non-Junction,None,,,         ,Michael,Russell,Cloudy,Front to Rear,no,no,no,no,no,False
100880201,METROPOLITAN NASHVILLE POLICE DEPT,20150630502,Davidson,Madison,7/2/2015 5:31:00 PM,2,0,0,36.263900,-86.690310,STATE HWY 45,,,,0.00,,,MYATT DR,,,,0.00,Y,Four-Way, ,Intersection,None,,,         ,Carlos,Urrutia,Rain,"Sideswipe, Same Direction",no,no,no,no,no,False
100880204,METROPOLITAN NASHVILLE POLICE DEPT,20150630845,Davidson,Nashville,7/2/2015 7:56:00 PM,2,2,0,36.169890,-86.674640,US HWY 70,,,,300.00,Feet,East,PARK DR,,,,0.00,N,Not at Intersection,N,Non-Junction,None,,,         ,Tyler,Conrads,Clear,HeadOn,no,no,no,no,no,False
100880206,METROPOLITAN NASHVILLE POLICE DEPT,20150630608,Davidson,Nashville,7/2/2015 6:24:00 PM,2,0,0,36.193180,-86.751560,CLINE AVE,,,,34.00,Feet,South,DOUGLAS AVE,,,,0.00,N,Not at Intersection, ,Non-Junction,None,,,         ,Paul,Stein,Rain,Angle,no,no,no,no,no,False
100880210,BERRY HILL POLICE DEPT,15-2598,Davidson,Berry Hill,7/2/2015 7:00:00 PM,2,0,0,36.119860,-86.765820,BRANSFORD AVE,,,,0.00,,,MELROSE AVE,,,,0.00,Y,OTHER,N,Intersection-Related,None,,,         ,Larry,Carter,Cloudy,Angle,no,no,no,no,no,False
100880214,METROPOLITAN NASHVILLE POLICE DEPT,20150626531,Davidson,Not in City Limit,7/1/2015 3:55:00 PM,3,0,0,36.272870,-86.689490,MYATT DR,,,,98.00,Feet,North,RAMP,,,,0.00,N,Not at Intersection,N,Non-Junction,None,,,         ,Nathan,Dungan,Cloudy,Front to Rear,no,no,no,no,no,False
100880217,METROPOLITAN NASHVILLE POLICE DEPT,20150631104,Davidson,Nashville,7/2/2015 9:06:00 PM,2,0,0,36.051800,-86.645340,STATE HWY 254,,,,595.00,Feet,East,EAGLE VIEW BLVD,,,,0.00,N,Not at Intersection,N,Non-Junction,None,,,         ,Jason,Door,Clear,Front to Rear,no,no,no,no,yes,False
100880220,METROPOLITAN NASHVILLE POLICE DEPT,20150626336,Davidson,Nashville,7/1/2015 2:45:00 PM,2,0,0,36.239800,-86.774650,STATE HWY 155,,,,450.00,Feet,East,DOVERSIDE DR,,,,0.00,N,Not at Intersection, ,Non-Junction,None,,,         ,Nathan,Dungan,Rain,Front to Rear,no,no,no,no,no,False
100880222,METROPOLITAN NASHVILLE POLICE DEPT,20150630664,Davidson,Nashville,7/2/2015 6:43:00 PM,2,1,0,36.155580,-86.771150,LEA AVE,,,,0.00,,,2ND AVE S,,,,0.00,Y,Four-Way,N,Intersection,None,,,         ,Jeffrey,Livingston,Rain,Front to Rear,no,no,no,no,no,False
100880234,METROPOLITAN NASHVILLE POLICE DEPT,20150631216,Davidson,Nashville,7/2/2015 9:32:00 PM,2,0,0,36.214130,-86.727710,STRATFORD AVE,,,,0.00,,,KATHERINE ST,,,,0.00,Y,Four-Way, ,Intersection-Related,None,,,         ,Kevin,Reynolds,Clear,"Sideswipe, Same Direction",no,no,no,no,no,False
100880238,METROPOLITAN NASHVILLE POLICE DEPT,20150630989,Davidson,Not in City Limit,7/2/2015 8:28:00 PM,1,1,0,36.334640,-86.908260,I 24,,,,0.00,,,,,,,32.55,N,Not at Intersection,N,Non-Junction,None,,,         ,Joshua,Lackey,Cloudy,Not Collision with Motor Vehicle in Transport,no,no,no,no,no,False
100880243,METROPOLITAN NASHVILLE POLICE DEPT,20150631150,Davidson,Nashville,7/2/2015 9:14:00 PM,1,0,0,36.120980,-86.727610,DODGE DR,,,,212.00,Feet,South,STIRTON RD,,,,0.00,N,Not at Intersection,N,Non-Junction,None,,,         ,William,Durham,Cloudy,Not Collision with Motor Vehicle in Transport,no,no,no,no,yes,False
100880244,METROPOLITAN NASHVILLE POLICE DEPT,20150631279,Davidson,Not in City Limit,7/2/2015 9:40:00 PM,2,1,0,36.073900,-86.926890,US HWY 70S,,,,109.00,Feet,East,WATERFORD CIR,,,,0.00,N,Not at Intersection,N,Non-Junction,None,,,         ,Brandon,Pedigo,Cloudy,Angle,no,no,no,no,no,False
100880249,METROPOLITAN NASHVILLE POLICE DEPT,20150629967,Davidson,Nashville,7/2/2015 3:27:00 PM,2,0,0,36.158800,-86.798160,17TH AVE N,,,,0.00,,,US HWY 70,,,,0.00,Y,Four-Way, ,Non-Junction,None,,,         ,Michael,Brooks,Cloudy,Front to Rear,no,no,no,no,no,False
100880250,METROPOLITAN NASHVILLE POLICE DEPT,20150630075,Davidson,Nashville,7/2/2015 3:14:00 PM,2,0,0,36.182130,-86.799480,I 65,,,,0.00,,,,,,,85.15,N,Not at Intersection, ,Non-Junction,None,,,         ,Michael,Brooks,Cloudy,"Sideswipe, Same Direction",no,no,no,no,no,False
100880251,METROPOLITAN NASHVILLE POLICE DEPT,20150630727,Davidson,Nashville,7/2/2015 6:40:00 PM,2,0,0,36.163030,-86.795100,PEARL ST,,,,0.00,,,,,,,0.00,,Not at Intersection,N,Non-Junction,None,,,         ,Michael,Brooks,Cloudy,Unknown,no,no,no,yes,yes,False
100880252,GOODLETTSVILLE POLICE DEPT,15-24937,Davidson,Goodlettsville,7/2/2015 5:59:00 PM,3,1,0,36.324330,-86.706000,EXIT RAMP 97,,,,0.00,,,I 65,,,,0.00,Y,Y-Intersection,Y,Entrance/Exit Ramp Related,None,,,         ,Matt,Shoesmith,Rain,Front to Rear,no,no,no,no,yes,False
100880269,METROPOLITAN NASHVILLE POLICE DEPT,20150628632,Davidson,Nashville,7/2/2015 5:55:00 AM,3,2,0,36.120780,-86.802920,I 440,,,,0.00,,,,,,,2.95,N,Not at Intersection,N,Non-Junction,None,,,         ,Charles,Wingo,Rain,Front to Rear,no,no,no,no,no,False
100880272,METROPOLITAN NASHVILLE POLICE DEPT,20150630996,Davidson,Nashville,7/2/2015 7:30:00 PM,1,0,0,36.126860,-86.734160,S LYLE LN,,,,113.00,Feet,South,LYLE LN,,,,0.00,N,Not at Intersection,N,Non-Junction,None,,,         ,Jarret,Sonnenberg,Clear,Not Collision with Motor Vehicle in Transport,no,no,no,no,yes,False
100880278,METROPOLITAN NASHVILLE POLICE DEPT,20150631283,Davidson,Nashville,7/2/2015 9:56:00 PM,2,0,0,36.090820,-86.790650,LEALAND LN,,,,0.00,,,MILESDALE DR,,,,0.00,Y,T-Intersection,N,Intersection,None,,,         ,Mekisha,Page,Clear,Other,no,no,no,no,no,False
100880281,METROPOLITAN NASHVILLE POLICE DEPT,20150631425,Davidson,Nashville,7/2/2015 10:56:00 PM,2,0,0,36.160490,-86.778440,5TH AVE S,,,,0.00,,,US HWY 70,,,,0.00,Y,Four-Way, ,Intersection,None,,,         ,Brandon,Hicks,Clear,Front to Rear,no,no,no,no,no,False
100880292,METROPOLITAN NASHVILLE POLICE DEPT,2015-0628621,Davidson,Nashville,7/2/2015 6:00:00 AM,2,1,0,36.253250,-86.716760,EMMITT AVE,,,,0.00,,,US HWY 31E,,,,0.00,Y,Four-Way,N,Intersection,None,,,         ,Nathan,Clark,Cloudy,Front to Rear,no,no,no,no,no,False
100880307,METROPOLITAN NASHVILLE POLICE DEPT,2015-0631403,Davidson,Nashville,7/2/2015 10:17:00 PM,3,1,0,36.220060,-86.774270,I 65,,,,0.00,,,,,,,88.30,N,Not at Intersection,N,Non-Junction,Construction Zone,Other,Activity Area,         ,Michael,Agee,Cloudy,Front to Rear,no,no,no,no,no,False
100880318,METROPOLITAN NASHVILLE POLICE DEPT,20150628474,Davidson,Not in City Limit,7/2/2015 12:00:00 AM,1,0,0,36.270710,-86.879430,OLD HICKORY BLVD,,,,829.00,Feet,South,CARNEY RD,,,,0.00,N,Not at Intersection,N,Non-Junction,None,,,         ,Eric,Mumaw,Cloudy,Unknown,no,no,no,no,no,False
100880319,METROPOLITAN NASHVILLE POLICE DEPT,20150628306,Davidson,Nashville,7/2/2015 3:00:00 AM,1,0,0,36.186660,-86.819310,CLARKSVILLE PIKE,,,,192.00,Feet,West,26TH AVE N,,,,0.00,N,Not at Intersection,N,Non-Junction,None,,,         ,James,Jarvis,Cloudy,Not Collision with Motor Vehicle in Transport,no,no,no,no,no,False
100880342,METROPOLITAN NASHVILLE POLICE DEPT,20150631642,Davidson,Nashville,7/2/2015 10:45:00 PM,2,0,0,36.045400,-86.713360,US HWY 31 ALT,,,,0.00,,,STATE HWY 254,,,,0.00,Y,OTHER,N,Non-Junction,None,,,         ,Gilbert,Mana,Rain,"Sideswipe, Opposite Direction",no,no,no,yes,yes,False
100880349,METROPOLITAN NASHVILLE POLICE DEPT,20150632212,Davidson,Nashville,7/3/2015 3:37:00 AM,2,0,0,36.149400,-86.773350,I 40,,,,0.00,,,,,,,210.20,N,Not at Intersection,N,Non-Junction,None,,,         ,Evan,Hibschman,Clear,"Sideswipe, Same Direction",no,no,no,no,yes,False
100880354,METROPOLITAN NASHVILLE POLICE DEPT,20150631978,Davidson,Nashville,7/3/2015 2:38:00 AM,3,0,0,36.064270,-86.691330,PACKARD DR,,,,0.00,,,,,,,0.00,,,N,Non-Junction,None,,,         ,Steven,Williams,Rain,Angle,no,no,no,yes,yes,False
100880358,METROPOLITAN NASHVILLE POLICE DEPT,20150632296,Davidson,Nashville,7/3/2015 4:56:00 AM,1,0,0,36.153280,-86.772180,4TH AVE S,,,,0.00,,,ELM ST,,,,0.00,Y,Four-Way,N,Non-Junction,None,,,         ,Brandon,Hicks,Clear,Not Collision with Motor Vehicle in Transport,no,no,no,no,no,False
100880370,METROPOLITAN NASHVILLE POLICE DEPT,2015-0626293,Davidson,Nashville,7/1/2015 2:30:00 PM,2,1,0,36.158330,-86.863270,STATE HWY 155,,,,10.00,Feet,East,-- UNKNOWN RAMP/ROAD --,,,,0.00,N,Not at Intersection,N,Non-Junction,None,,,         ,Curtis,Rich,Rain,Front to Rear,no,no,no,no,no,False
100880374,METROPOLITAN NASHVILLE POLICE DEPT,20150629614,Davidson,Nashville,7/2/2015 12:37:00 PM,2,0,0,36.133580,-86.779760,US HWY 31,,,,162.00,Feet,West,ROYCROFT PL,,,,0.00,N,Not at Intersection, ,Non-Junction,None,,,         ,Erik,Wagner,Cloudy,Angle,no,no,no,yes,yes,False
100880377,METROPOLITAN NASHVILLE POLICE DEPT,2015-0632350,Davidson,Nashville,7/3/2015 5:25:00 AM,2,0,0,36.038020,-86.784470,EXIT 74B,,,,0.00,,,STATE HWY 254,,,,0.00,Y,T-Intersection, ,,None,,,         ,Alan,Digruttolo,,,no,no,no,no,no,False
100880389,METROPOLITAN NASHVILLE POLICE DEPT,20150629805,Davidson,Nashville,7/2/2015 1:30:00 PM,2,0,0,36.125700,-86.772520,I 65,,,,0.00,,,,,,,80.75,N,Not at Intersection, ,Non-Junction,None,,,         ,Thomas,West,Clear,Front to Rear,no,no,no,no,no,False
100880403,METROPOLITAN NASHVILLE POLICE DEPT,2015-0629560,Davidson,Madison,7/2/2015 12:15:00 PM,2,1,0,36.263060,-86.711910,STATE HWY 45,,,,0.00,,,US HWY 31E,,,,0.00,Y,Four-Way,Y,Intersection,None,,,         ,Gary,Walsh,Cloudy,Angle,no,no,no,no,no,False
100880406,METROPOLITAN NASHVILLE POLICE DEPT,20150629703,Davidson,Madison,7/2/2015 1:17:00 PM,2,1,0,36.264240,-86.735580,-- UNKNOWN RAMP/ROAD --,,,,0.00,,,STATE HWY 45,,,,0.00,Y,Y-Intersection,N,Entrance/Exit Ramp Related,None,,,         ,Melvin,Taylor,Clear,Rear to Rear,no,no,no,no,no,False
100880423,METROPOLITAN NASHVILLE POLICE DEPT,20150632492,Davidson,Not in City Limit,7/3/2015 7:10:00 AM,1,0,0,36.320260,-86.850460,I 24,,,,0.00,,,,,,,36.00,N,Not at Intersection,N,Non-Junction,None,,,         ,Noah,Melton,Clear,Not Collision with Motor Vehicle in Transport,no,no,no,no,no,False
100880446,METROPOLITAN NASHVILLE POLICE DEPT,20150632698,Davidson,Nashville,7/3/2015 8:40:00 AM,1,0,0,36.139850,-86.726440,I 40,,,,0.00,,,,,,,213.30,N,Not at Intersection,Y,Entrance/Exit Ramp Related,None,,,         ,James,Curtis,Cloudy,Not Collision with Motor Vehicle in Transport,no,no,no,no,no,False
100880463,VANDERBILT UNIVERSITY POLICE,15-0629708,Davidson,Nashville,7/2/2015 12:00:00 AM,2,0,0,36.142820,-86.800040,US HWY 431,,,,0.00,,,MEDICAL CENTER DR,,,,0.00,Y,OTHER,N,Non-Junction,None,,,         ,Brent,Clark,Cloudy,"Sideswipe, Same Direction",no,no,no,yes,yes,Campus
100880476,METROPOLITAN NASHVILLE POLICE DEPT,2015-0632579,Davidson,Nashville,7/3/2015 8:00:00 AM,2,0,0,36.126790,-86.753080,US HWY 31 ALT,,,,0.00,,,VIVELLE AVE,,,,0.00,Y,T-Intersection,N,Intersection,None,,,         ,William,Whitworth,Clear,Angle,no,no,no,no,no,False
100880477,METROPOLITAN NASHVILLE POLICE DEPT,2015-0632885,Davidson,Nashville,7/3/2015 9:46:00 AM,1,0,0,36.099820,-86.710990,I 24,,,,0.00,,,,,,,54.60,N,Not at Intersection, ,Non-Junction,None,,,         ,William,Whitworth,Cloudy,Not Collision with Motor Vehicle in Transport,no,no,no,no,no,False
100880485,VANDERBILT UNIVERSITY POLICE,15-0629245,Davidson,Nashville,7/2/2015 10:10:00 AM,2,1,0,36.147880,-86.806460,24TH AVE S,,,,0.00,,,US HWY 70S,,,,0.00,Y,OTHER,N,"Driveway, Alley Access, etc",None,,,         ,Anthony,Jones,Rain,Angle,no,no,no,no,no,Campus
100880501,METROPOLITAN NASHVILLE POLICE DEPT,20150633005,Davidson,Nashville,7/3/2015 10:25:00 AM,2,2,0,36.170260,-86.772880,N 1ST ST,,,,0.00,,,MAIN ST,,,,0.00,Y,Four-Way,N,Intersection,None,,,         ,Michael,Johnson,Cloudy,Other,no,no,no,no,no,False
100880513,METROPOLITAN NASHVILLE POLICE DEPT,2015-0625169,Davidson,Nashville,7/1/2015 7:20:00 AM,2,1,0,36.152460,-86.766250,I 40,,,,0.00,,,,,,,210.60,N,Not at Intersection,N,Entrance/Exit Ramp Related,None,,,         ,Daniel,Massey,Clear,Front to Rear,no,no,no,no,no,False
100880517,METROPOLITAN NASHVILLE POLICE DEPT,2015-0633201,Davidson,Not in City Limit,7/3/2015 11:40:00 AM,1,1,0,36.184400,-86.953340,STATE HWY 251,,,,0.76,Miles,South,CUB CREEK RD,,,,0.00,N,Not at Intersection,N,Non-Junction,None,,,         ,Curtis,Rich,Clear,Not Collision with Motor Vehicle in Transport,no,no,no,no,no,False
100880536,METROPOLITAN NASHVILLE POLICE DEPT,20150633293,Davidson,Nashville,7/3/2015 12:10:00 PM,2,0,0,36.192130,-86.828720,US HWY 41 ALT,,,,134.00,Feet,East,CLIFF DR,,,,0.00,N,Not at Intersection, ,,None,,,         ,Edmond,Strickling,,,no,no,no,yes,no,False
100880548,METROPOLITAN NASHVILLE POLICE DEPT,20150633349,Davidson,Nashville,7/3/2015 12:15:00 PM,2,0,0,36.225850,-86.777330,I 24,,,,0.00,,,,,,,44.75,N,Not at Intersection, ,Non-Junction,Construction Zone,,,         ,Clint,Gilleland,Clear,Front to Rear,no,no,no,no,no,False
100880551,METROPOLITAN NASHVILLE POLICE DEPT,121025035,Davidson,Nashville,7/3/2015 11:47:00 AM,2,0,0,36.170020,-86.789310,US HWY 41 ALT,,,,634.00,Feet,North,HARRISON ST,,,,0.00,N,Not at Intersection,N,Non-Junction,None,,,         ,Joshua,Hollins,Clear,Unknown,no,no,no,yes,yes,False
100880556,METROPOLITAN NASHVILLE POLICE DEPT,2015-0633442,Davidson,Nashville,7/3/2015 1:00:00 PM,2,0,0,36.123330,-86.809190,I 440,,,,0.00,Feet,East,-- UNKNOWN RAMP/ROAD --,,,,0.00,N,Not at Intersection, ,Entrance/Exit Ramp Related,None,,,         ,Curtis,Rich,Cloudy,Front to Rear,no,no,no,no,no,False
100880569,METROPOLITAN NASHVILLE POLICE DEPT,20150633066,Davidson,Nashville,7/3/2015 10:40:00 AM,1,1,0,36.130130,-86.760830,CRAIGHEAD ST,,,,0.00,,,,,,,0.00,,,N,Non-Junction,None,,,         ,Justin,Pinkelton,Cloudy,Not Collision with Motor Vehicle in Transport,no,no,no,yes,no,False
100880582,METROPOLITAN NASHVILLE POLICE DEPT,20150628859,Davidson,Nashville,7/2/2015 7:56:00 AM,2,0,0,36.118700,-86.767800,EXIT 5,,,,0.00,Feet,East,I 440,,,,0.00,N,Not at Intersection, ,Entrance/Exit Ramp Related,None,,,         ,Erik,Wagner,Rain,Front to Rear,no,no,no,no,no,False
100880584,METROPOLITAN NASHVILLE POLICE DEPT,20150633379,Davidson,Nashville,7/3/2015 12:41:00 PM,1,0,0,36.190000,-86.759780,N 7TH ST,,,,90.00,Feet,South,EVANSTON AVE,,,,0.00,N,Not at Intersection,N,Non-Junction,None,,,         ,Eric,Westbrook,Cloudy,Not Collision with Motor Vehicle in Transport,no,no,no,no,yes,False
100880586,METROPOLITAN NASHVILLE POLICE DEPT,20150633391,Davidson,Not in City Limit,7/3/2015 1:29:00 PM,2,0,0,36.308520,-86.681940,US HWY 31E,,,,127.00,Feet,West,RIVERCHASE BLVD,,,,0.00,N,Not at Intersection, ,Non-Junction,None,,,         ,Andrew,Ivey,Clear,Front to Rear,no,no,no,no,no,False
100880587,METROPOLITAN NASHVILLE POLICE DEPT,2015-0633362,Davidson,Nashville,7/3/2015 12:20:00 PM,2,0,0,36.082840,-86.766090,STATE HWY 255,,,,164.00,Feet,South,-- UNKNOWN RAMP/ROAD --,,,,0.00,N,Not at Intersection, ,Non-Junction,None,,,         ,Paul,Joyner,Clear,Front to Rear,no,no,no,no,no,False
100880602,METROPOLITAN NASHVILLE POLICE DEPT,20150633338,Davidson,Nashville,7/3/2015 12:15:00 PM,2,3,0,36.117860,-86.809940,GOLF CLUB LN,,,,18.00,Feet,East,US HWY 431,,,,0.00,N,Not at Intersection,N,Non-Junction,None,,,         ,Thomas,West,Clear,Angle,no,no,no,no,no,False
100880607,METROPOLITAN NASHVILLE POLICE DEPT,2015-0633454,Davidson,Antioch,7/3/2015 12:56:00 PM,2,0,0,36.049860,-86.599880,STATE HWY 171,,,,197.00,Feet,North,PIN HOOK RD,,,,0.00,N,Not at Intersection, ,Non-Junction,None,,,         ,William,Whitworth,Cloudy,Front to Rear,no,no,no,no,no,False
100880609,METROPOLITAN NASHVILLE POLICE DEPT,20150633409,Davidson,Nashville,7/3/2015 12:51:00 PM,2,0,0,36.216940,-86.597630,ANDREW JACKSON PKWY,,,,336.00,Feet,South,JACKSON MEADOWS DR,,,,0.00,N,Not at Intersection, ,Non-Junction,None,,,         ,Wesley,Young,Clear,Front to Rear,no,no,no,no,no,False