master_record_number,agency,agency_tracking_number,county,city,collision_date,vehicles_involved,number_injured,number_dead,latitude,longitude,roadway_name,roadway_suffix,roadway_number,roadway_local_id,distance_from_reference,miles-feet_indicator,direction_from_reference,intersection_road_name,intersection_road_name_suffix,intersection_road_number,intersection_local_id,mile_marker,intersection_indicator,intersect_type,interchange_related_indicator,relation_to_junction,work_zone_type,construction_maintenance_zone,construction_maintenance_zone_location,fatal_case_number,officer_first_name,officer_last_name,weather_condition(s),manner_of_crash,pedestrian,bicycle,scooter,parking,hitrun,mou
100881620,METROPOLITAN NASHVILLE POLICE DEPT,20150638770,Davidson,Nashville,7/5/2015 1:30:00 PM,2,0,0,36.217980,-86.775060,I 65,,,,0.00,,,,,,,88.15,N,Not at Intersection, ,Non-Junction,Work Zone,,,         ,Michael,Parman,Cloudy,Front to Rear,no,no,no,no,no,False
100881621,METROPOLITAN NASHVILLE POLICE DEPT,20150638548,Davidson,Nashville,7/5/2015 12:00:00 AM,2,0,0,36.177190,-86.753990,MAIN ST,,,,394.00,Feet,West,FINN ST,,,,0.00,N,Not at Intersection, ,Non-Junction,None,,,         ,Jared,Eaves,Unknown,"Sideswipe, Same Direction",no,no,no,no,yes,False
100881644,METROPOLITAN NASHVILLE POLICE DEPT,20150638766,Davidson,Nashville,7/5/2015 1:15:00 PM,2,0,0,36.125830,-86.751860,GLENROSE AVE,,,,87.00,Feet,West,WHITNEY AVE,,,,0.00,N,Not at Intersection, ,Non-Junction,None,,,         ,Mark,Harrison,Cloudy,Front to Rear,no,no,no,yes,yes,False
100881645,METROPOLITAN NASHVILLE POLICE DEPT,20150638842,Davidson,Nashville,7/5/2015 2:18:00 PM,2,0,0,36.081300,-86.759440,RAMP,,,,0.00,,,STATE HWY 255,,,,0.00,Y,Four-Way, ,Intersection-Related,None,,,         ,Tien,Nguyen,Clear,Front to Rear,no,no,no,no,no,False
100881672,METROPOLITAN NASHVILLE POLICE DEPT,20150637075,Davidson,Not in City Limit,7/4/2015 6:49:00 PM,1,1,0,36.273330,-86.832310,US HWY 431,,,,0.92,Miles,South,TRANHAM RD,,,,0.00,N,Not at Intersection,N,Non-Junction,None,,,         ,Victor,Alexander,Cloudy,Not Collision with Motor Vehicle in Transport,no,no,no,no,no,False
100881700,METROPOLITAN NASHVILLE POLICE DEPT,20150638944,Davidson,Nashville,7/5/2015 3:36:00 PM,1,1,0,36.078830,-86.885220,STATE HWY 100,,,,0.00,,,VAUGHNS GAP RD,,,,0.00,Y,T-Intersection,N,Intersection-Related,None,,,         ,Michael,Wilson,Clear,Not Collision with Motor Vehicle in Transport,no,yes,no,no,yes,False
100881727,METROPOLITAN NASHVILLE POLICE DEPT,20150639028,Davidson,Nashville,7/5/2015 4:31:00 PM,1,2,0,36.212950,-86.863920,EATONS CREEK RD,,,,83.00,Feet,North,CATO RD,,,,0.00,N,Not at Intersection,N,Non-Junction,None,,,         ,Victor,Alexander,Clear,Not Collision with Motor Vehicle in Transport,no,no,no,no,no,False
100881741,METROPOLITAN NASHVILLE POLICE DEPT,20150639096,Davidson,Nashville,7/5/2015 5:31:00 PM,1,2,0,36.200650,-86.740090,GALLATIN PIKE,,,,112.00,Feet,South,BURCHWOOD AVE,,,,0.00,N,Not at Intersection,N,Non-Junction,None,,,         ,Joshua,Murray,Clear,Not Collision with Motor Vehicle in Transport,no,no,no,no,no,False
100881747,METROPOLITAN NASHVILLE POLICE DEPT,20150639186,Davidson,Nashville,7/5/2015 5:23:00 PM,1,0,0,36.052990,-86.711050,BREWER DR,,,,192.00,Feet,West,BYRNE DR,,,,0.00,N,Not at Intersection, ,Non-Junction,None,,,         ,Michael,Moss,Clear,Not Collision with Motor Vehicle in Transport,no,no,no,no,yes,False
100881751,METROPOLITAN NASHVILLE POLICE DEPT,20150639187,Davidson,Nashville,7/5/2015 5:24:00 PM,2,0,0,36.242360,-86.759860,DOVERSIDE DR,,,,562.00,Feet,North,-- UNKNOWN RAMP/ROAD --,,,,0.00,N,Not at Intersection,N,OtherLocation,None,,,         ,Luis,Lopez,Clear,Angle,no,no,no,yes,yes,False
100881766,METROPOLITAN NASHVILLE POLICE DEPT,20150639312,Davidson,Nashville,7/5/2015 12:00:00 AM,2,0,0,36.176950,-86.771890,SPRING ST,,,,0.00,,,I 24,,,,0.00,Y,OTHER, ,Entrance/Exit Ramp Related,None,,,         ,Paul,Stein,Clear,Front to Rear,no,no,no,no,no,False
100881786,METROPOLITAN NASHVILLE POLICE DEPT,20150635648,Davidson,Nashville,7/4/2015 3:12:00 AM,1,0,0,36.146680,-86.816330,31ST AVE N,,,,88.00,Feet,North,LONG BLVD,,,,0.00,N,Not at Intersection,N,Non-Junction,None,,,         ,John,Riddle,Clear,Not Collision with Motor Vehicle in Transport,no,no,no,no,no,False
100881794,METROPOLITAN NASHVILLE POLICE DEPT,20150639452,Davidson,Nashville,7/5/2015 9:45:00 PM,2,0,0,36.102100,-86.869960,HARDING PL,,,,93.00,Feet,East,US HWY 70S,,,,0.00,N,Not at Intersection, ,Non-Junction,None,,,         ,Douglas,Sykes,Clear,Other,no,no,no,no,no,False
100881797,METROPOLITAN NASHVILLE POLICE DEPT,2015-0639185,Davidson,Not in City Limit,7/5/2015 6:22:00 PM,1,1,0,36.284600,-86.703400,DINWIDDIE DR,,,,67.00,Feet,West,MCMURTRY CT,,,,0.00,N,Not at Intersection,N,Non-Junction,None,,,         ,Sandra,Talavera,Clear,Not Collision with Motor Vehicle in Transport,no,no,no,yes,no,False
100881799,METROPOLITAN NASHVILLE POLICE DEPT,20150638188,Davidson,Nashville,7/5/2015 5:00:00 AM,2,0,0,36.156010,-86.788830,13TH AVE S,,,,0.00,,,US HWY 70,,,,0.00,Y,Four-Way, ,Intersection-Related,None,,,         ,Adam,Crutcher,Clear,Front to Rear,no,no,no,no,no,False
100881810,METROPOLITAN NASHVILLE POLICE DEPT,2015-637683,Davidson,Nashville,7/4/2015 11:12:00 PM,2,0,0,36.136560,-86.727230,EXIT 52,,,,0.00,Feet,East,I 24,,,,0.00,N,Not at Intersection, ,Non-Junction,None,,,         ,Marti,Roberts,Rain,Front to Rear,no,no,no,no,no,False
100881827,METROPOLITAN NASHVILLE POLICE DEPT,20150639334,Davidson,Nashville,7/5/2015 6:27:00 PM,2,0,0,36.111690,-86.710910,STATE HWY 155,,,,397.00,Feet,West,CURREY RD,,,,0.00,N,Not at Intersection,N,Non-Junction,None,,,         ,Kevin,Keating,Clear,Front to Rear,no,no,no,no,yes,False
100881828,METROPOLITAN NASHVILLE POLICE DEPT,20150639500,Davidson,Nashville,7/5/2015 9:54:00 PM,1,1,0,36.028130,-86.665970,PETTUS RD,,,,1122.00,Feet,North,PRESTON RD,,,,0.00,N,Not at Intersection,N,Non-Junction,None,,,         ,Kevin,Keating,Clear,Not Collision with Motor Vehicle in Transport,no,no,no,no,no,False
100881839,METROPOLITAN NASHVILLE POLICE DEPT,20150639169,Davidson,Nashville,7/5/2015 6:10:00 PM,1,0,0,36.204340,-86.606420,ANDREW JACKSON PL,,,,0.00,,,ANDREW JACKSON PKWY,,,,0.00,Y,T-Intersection,N,Non-Junction,None,,,         ,Darryl,Williams,Clear,Not Collision with Motor Vehicle in Transport,no,no,no,no,no,False
100881846,METROPOLITAN NASHVILLE POLICE DEPT,20150638822,Davidson,Nashville,7/5/2015 2:00:00 PM,2,0,0,36.168660,-86.817220,BEASLEY ST,,,,99.00,Feet,West,26TH AVE N,,,,0.00,N,Not at Intersection,N,OtherLocation,None,,,         ,Ky,Luu,Cloudy,Other,no,no,no,yes,yes,False
100881886,METROPOLITAN NASHVILLE POLICE DEPT,20150639910,Davidson,Nashville,7/6/2015 1:49:00 AM,1,0,0,36.109370,-86.922490,STATE HWY 251,,,,174.00,Feet,South,SONYA DR,,,,0.00,N,Not at Intersection, ,Non-Junction,None,,,         ,Tyler,Bryson,Clear,Not Collision with Motor Vehicle in Transport,no,no,no,no,no,False
100881891,METROPOLITAN NASHVILLE POLICE DEPT,20150637919,Davidson,Nashville,7/5/2015 12:01:00 AM,2,0,0,36.167320,-86.762850,SHELBY AVE,,,,207.00,Feet,West,S 5TH ST,,,,0.00,N,Not at Intersection, ,,,,,         ,Kelcey,Bell,,,no,no,no,no,no,False
100881902,METROPOLITAN NASHVILLE POLICE DEPT,20150639879,Davidson,Nashville,7/6/2015 1:20:00 AM,1,0,0,36.224170,-86.725610,RIVERWOOD DR,,,,0.00,,,GALLATIN PIKE,,,,0.00,Y,T-Intersection,N,Intersection-Related,None,,,         ,Robert,Crow,Clear,Not Collision with Motor Vehicle in Transport,no,no,no,no,no,False
100881913,METROPOLITAN NASHVILLE POLICE DEPT,20150633355,Davidson,Nashville,7/3/2015 12:12:00 PM,2,0,0,36.148670,-86.807040,24TH AVE N,,,,0.00,Feet,,ELLISTON PL,,,,0.00,Y,Four-Way, ,Intersection,None,,,         ,Erik,Wagner,Cloudy,Angle,no,no,no,no,no,Campus
100881916,METROPOLITAN NASHVILLE POLICE DEPT,20150638786,Davidson,Nashville,7/5/2015 1:30:00 PM,2,1,0,36.080360,-86.723350,STATE HWY 255,,,,0.00,,,HARDING MALL DR,,,,0.00,Y,T-Intersection,N,Intersection,None,,,         ,Christopher,Hanor,Clear,Angle,no,no,no,no,no,False
100881921,METROPOLITAN NASHVILLE POLICE DEPT,20150638810,Davidson,Nashville,7/5/2015 2:05:00 PM,2,2,0,36.105520,-86.767530,I 65,,,,0.00,,,,,,,79.45,N,Not at Intersection,N,Non-Junction,None,,,         ,James,Smith,Clear,Not Collision with Motor Vehicle in Transport,no,no,no,no,no,False
100881922,METROPOLITAN NASHVILLE POLICE DEPT,2015-0632889,Davidson,Nashville,7/3/2015 9:39:00 AM,2,1,0,36.176340,-86.767220,US HWY 31W,,,,0.00,,,-- UNKNOWN RAMP/ROAD --,,,,0.00,Y,OTHER,N,Non-Junction,None,,,         ,Alex,Moore,Cloudy,Front to Rear,no,no,no,no,no,False
100881925,METROPOLITAN NASHVILLE POLICE DEPT,20150638784,Davidson,Madison,7/5/2015 1:45:00 PM,2,0,0,36.249320,-86.719450,US HWY 31E,,,,0.00,,,E PALESTINE AVE,,,,0.00,Y,Four-Way, ,Intersection-Related,None,,,         ,David,Boone,Cloudy,Angle,no,no,no,no,no,False
100881936,METROPOLITAN NASHVILLE POLICE DEPT,2015-0633299,Davidson,Nashville,7/3/2015 12:09:00 PM,2,0,0,36.225850,-86.760180,US HWY 31W,,,,0.00,,,HILLHURST DR,,,,0.00,Y,T-Intersection,N,Non-Junction,None,,,         ,Alex,Moore,Cloudy,"Sideswipe, Same Direction",no,no,no,no,no,False
100881951,METROPOLITAN NASHVILLE POLICE DEPT,2015-0640554,Davidson,Nashville,7/6/2015 8:10:00 AM,2,0,0,36.138160,-86.827220,MEADOWBROOK AVE,,,,187.00,Feet,West,BOWLING AVE,,,,0.00,N,Not at Intersection, ,Non-Junction,None,,,         ,Curtis,Rich,Cloudy,"Sideswipe, Opposite Direction",no,no,no,no,no,False
100881955,METROPOLITAN NASHVILLE POLICE DEPT,20150640512,Davidson,Nashville,7/6/2015 7:59:00 AM,2,0,0,36.194990,-86.807880,GREAT CIRCLE RD,,,,0.00,,,CONNECTING ROAD,,,,0.00,Y,T-Intersection, ,Non-Junction,None,,,         ,Andrae,Starling,Clear,Angle,no,no,no,no,no,False
100881965,METROPOLITAN NASHVILLE POLICE DEPT,2015-0633594,Davidson,Nashville,7/3/2015 1:30:00 PM,3,0,0,36.194020,-86.687140,STATE HWY 155,,,,0.00,,,EXIT 11,,,,0.00,Y,OTHER, ,Entrance/Exit Ramp Related,None,,,         ,Daniel,Crockett,Cloudy,Front to Rear,no,no,no,no,no,False
100881974,METROPOLITAN NASHVILLE POLICE DEPT,20150640729,Davidson,Nashville,7/6/2015 8:44:00 AM,2,0,0,36.153690,-86.721530,US HWY 70,,,,0.00,,,SPENCE LN,,,,0.00,Y,Four-Way, ,Intersection-Related,None,,,         ,James,Curtis,Clear,Front to Rear,no,no,no,no,no,False
100881989,METROPOLITAN NASHVILLE POLICE DEPT,20150636520,Davidson,Madison,7/4/2015 2:00:00 PM,2,0,0,0.000000,0.000000,,,I65,,1.00,Miles,North,,,,,1.00,N,Not at Intersection, ,Entrance/Exit Ramp Related,None,,,         ,Faye,Denson,Rain,Front to Rear,no,no,no,no,no,False
100881994,METROPOLITAN NASHVILLE POLICE DEPT,20150640764,Davidson,Nashville,7/6/2015 9:41:00 AM,3,0,0,36.149450,-86.773920,I 40,,,,0.00,,,,,,,210.20,N,Not at Intersection, ,Non-Junction,None,,,         ,Nathan,Kemp,Clear,"Sideswipe, Same Direction",no,no,no,no,no,False
100881995,METROPOLITAN NASHVILLE POLICE DEPT,20150640850,Davidson,Nashville,7/6/2015 10:06:00 AM,2,0,0,36.142140,-86.794650,17TH AVE S,,,,457.00,Feet,North,HORTON AVE,,,,0.00,N,Not at Intersection, ,Non-Junction,None,,,         ,Nathan,Kemp,Clear,"Sideswipe, Same Direction",no,no,no,no,no,False
100882012,METROPOLITAN NASHVILLE POLICE DEPT,2015-0640493,Davidson,Nashville,7/6/2015 7:52:00 AM,2,0,0,36.157870,-86.781420,US HWY 31,,,,0.00,,,MCGAVOCK ST,,,,0.00,Y,Four-Way,N,Intersection-Related,None,,,         ,Allen,Bates,Clear,"Sideswipe, Same Direction",no,no,no,no,no,False
100882017,METROPOLITAN NASHVILLE POLICE DEPT,20150641082,Davidson,Nashville,7/6/2015 11:11:00 AM,2,0,0,36.142730,-86.744100,US HWY 41,,,,78.00,Feet,East,FESSLERS LN,,,,0.00,N,Not at Intersection,N,Non-Junction,None,,,         ,James,Curtis,Clear,Front to Rear,no,no,no,no,no,False
100882031,METROPOLITAN NASHVILLE POLICE DEPT,20150641028,Davidson,Nashville,7/6/2015 11:08:00 AM,1,0,0,36.169250,-86.779670,GAY ST,,,,0.00,,,2ND AVE N,,,,0.00,Y,OTHER, ,Unknown,None,,,         ,Bryan,Birdwell,Clear,Not Collision with Motor Vehicle in Transport,no,no,no,yes,no,False
100882035,METROPOLITAN NASHVILLE POLICE DEPT,2015-0641088,Davidson,Nashville,7/6/2015 11:30:00 AM,2,1,0,36.161560,-86.783910,US HWY 31,,,,0.00,,,CHURCH ST,,,,0.00,Y,Four-Way,N,Intersection,None,,,         ,Paul,Sorace,Clear,Front to Rear,no,no,no,no,no,False
100882036,METROPOLITAN NASHVILLE POLICE DEPT,2015-0641182,Davidson,Nashville,7/6/2015 12:10:00 PM,2,0,0,36.060790,-86.916390,RAMP,,,,0.00,,,STATE HWY 100,,,,0.00,Y,OTHER, ,OtherLocation,None,,,         ,Walter,Gray II,Clear,Front to Rear,no,no,no,no,no,False
100882037,METROPOLITAN NASHVILLE POLICE DEPT,20150638852,Davidson,Antioch,7/5/2015 2:35:00 PM,2,0,0,36.018300,-86.619510,STATE HWY 171,,,,0.00,,,OWEN DR,,,,0.00,Y,T-Intersection,Y,Intersection-Related,None,,,         ,Gary,Sneed,Clear,Front to Rear,no,no,no,no,no,False
100882040,METROPOLITAN NASHVILLE POLICE DEPT,2015-0640748,Davidson,Not in City Limit,7/6/2015 9:17:00 AM,2,0,0,36.272100,-86.689480,ANDERSON LN,,,,23.00,Feet,East,MYATT DR,,,,0.00,N,Not at Intersection, ,,,,,         ,Nicholas,Truan,,,no,no,no,no,no,False
100882044,METROPOLITAN NASHVILLE POLICE DEPT,20150641041,Davidson,Nashville,7/6/2015 10:25:00 AM,2,0,0,36.114600,-86.810780,US HWY 431,,,,231.00,Feet,North,STATE HWY 155,,,,0.00,N,Not at Intersection, ,Non-Junction,None,,,         ,James,Smith,Clear,Front to Rear,no,no,no,no,no,False
100882054,METROPOLITAN NASHVILLE POLICE DEPT,20150629558,Davidson,Nashville,7/2/2015 12:18:00 PM,3,3,0,36.212300,-86.798580,US HWY 431,,,,0.00,,,AVALON DR,,,,0.00,Y,T-Intersection,N,Intersection,None,,,         ,Donald,Davidson,Clear,Angle,no,no,no,no,yes,False
100882055,METROPOLITAN NASHVILLE POLICE DEPT,20150641252,Davidson,Nashville,7/6/2015 12:36:00 PM,2,0,0,36.167660,-86.816060,EXIT 207,,,,0.00,Feet,East,I 40,,,,0.00,N,Not at Intersection, ,Non-Junction,None,,,         ,Charles,Ward,Clear,"Sideswipe, Same Direction",no,no,no,no,no,False
100882058,METROPOLITAN NASHVILLE POLICE DEPT,2015-0638675,Davidson,Nashville,7/5/2015 11:30:00 AM,2,0,0,36.153940,-86.794010,US HWY 70S,,,,129.00,Feet,East,17TH AVE S,,,,0.00,N,Not at Intersection, ,Non-Junction,None,,,         ,David,Barras,Clear,Angle,no,no,no,no,no,False
100882059,METROPOLITAN NASHVILLE POLICE DEPT,20150641391,Davidson,Nashville,7/6/2015 1:17:00 PM,2,0,0,36.031290,-86.753440,CLOVERLAND DR,,,,0.00,,,BROWNSTONE DR,,,,0.00,Y,T-Intersection, ,,,,,         ,Gary,Sneed,,,no,no,no,no,no,False
100882063,METROPOLITAN NASHVILLE POLICE DEPT,20150641268,Davidson,Nashville,7/6/2015 1:40:00 PM,2,0,0,36.040090,-86.744280,STATE HWY 254,,,,233.00,Feet,West,EDMONDSON PIKE,,,,0.00,N,Not at Intersection, ,Non-Junction,None,,,         ,Reuben,Hewit,Clear,"Sideswipe, Same Direction",no,no,no,no,no,False
100882064,METROPOLITAN NASHVILLE POLICE DEPT,2015-0641401,Davidson,Not in City Limit,7/6/2015 1:32:00 PM,1,0,0,36.073890,-86.973640,I 40,,,,0.00,,,,,,,195.20,N,Not at Intersection, ,Non-Junction,None,,,         ,Walter,Gray II,Clear,Not Collision with Motor Vehicle in Transport,no,no,no,no,no,False
100882066,METROPOLITAN NASHVILLE POLICE DEPT,20150641299,Davidson,Nashville,7/6/2015 12:30:00 PM,2,0,0,36.154540,-86.799120,19TH AVE N,,,,20.00,Feet,North,CHURCH ST,,,,0.00,N,Not at Intersection, ,Non-Junction,None,,,         ,David,Barras,Clear,Front to Rear,no,no,no,no,no,False
100882075,METROPOLITAN NASHVILLE POLICE DEPT,20150641361,Davidson,Nashville,7/6/2015 1:18:00 PM,2,0,0,36.215130,-86.597660,US HWY 70,,,,0.00,,,ANDREW JACKSON PKWY,,,,0.00,Y,OTHER, ,Non-Junction,None,,,         ,Wesley,Young,Clear,Front to Rear,no,no,no,yes,no,False
100882086,METROPOLITAN NASHVILLE POLICE DEPT,20150641365,Davidson,Nashville,7/6/2015 1:15:00 PM,1,0,0,36.166500,-86.803390,17TH AVE N,,,,7.00,Feet,North,JACKSON ST,,,,0.00,N,Not at Intersection,N,Non-Junction,None,,,         ,Ernie,Wilson,Clear,Not Collision with Motor Vehicle in Transport,no,no,no,no,yes,False
100882089,METROPOLITAN NASHVILLE POLICE DEPT,20150641373,Davidson,Nashville,7/6/2015 1:21:00 PM,2,0,0,36.198600,-86.620150,US HWY 70,,,,64.00,Feet,North,STATE HWY 45,,,,0.00,N,Not at Intersection, ,Non-Junction,None,,,         ,James,Curtis,Clear,"Sideswipe, Same Direction",no,no,no,no,no,False
100882091,METROPOLITAN NASHVILLE POLICE DEPT,2015-0639506,Davidson,Not in City Limit,7/6/2015 9:59:00 PM,2,0,0,36.045450,-86.950520,TEMPLE RD,,,,0.00,,,STATE HWY 100,,,,0.00,Y,Four-Way, ,,None,,,         ,Michael,Rogers,,,no,no,no,no,no,False
100882097,METROPOLITAN NASHVILLE POLICE DEPT,20150639395,Davidson,Nashville,7/5/2015 8:50:00 PM,2,0,0,36.190530,-86.771670,JOSEPH AVE,,,,201.00,Feet,North,EVANSTON AVE,,,,0.00,N,Not at Intersection, ,Non-Junction,None,,,         ,Jarred,Ruhlman,Clear,"Sideswipe, Opposite Direction",no,no,no,no,no,False
100882099,METROPOLITAN NASHVILLE POLICE DEPT,2015-0640892,Davidson,Nashville,7/6/2015 10:22:00 AM,2,0,0,36.103670,-86.671890,STATE HWY 255,,,,721.00,Feet,South,US HWY 41,,,,0.00,N,Not at Intersection, ,Non-Junction,None,,,         ,William,Whitworth,Clear,Front to Rear,no,no,no,no,no,False
100882100,METROPOLITAN NASHVILLE POLICE DEPT,2015-0640956,Davidson,Nashville,7/5/2015 7:00:00 PM,2,0,0,36.087550,-86.705300,REISCHA DR,,,,142.00,Feet,South,REISCHA SUE LN,,,,0.00,N,Not at Intersection,N,Non-Junction,None,,,         ,William,Whitworth,Clear,"Sideswipe, Opposite Direction",no,no,no,no,yes,False
100882101,METROPOLITAN NASHVILLE POLICE DEPT,20150641489,Davidson,Nashville,7/6/2015 1:28:00 PM,3,0,0,36.157750,-86.800790,US HWY 70,,,,128.00,Feet,West,RAMP,,,,0.00,N,Not at Intersection,N,Non-Junction,None,,,         ,Ky,Luu,Clear,Front to Rear,no,no,no,no,yes,False
100882104,METROPOLITAN NASHVILLE POLICE DEPT,20150637130,Davidson,Nashville,7/4/2015 6:24:00 PM,1,0,0,36.166250,-86.611750,EXIT 221A,,,,0.00,Feet,East,I 40,,,,0.00,N,Not at Intersection,Y,Non-Junction,None,,,         ,Sarah,Hartman,Rain,Not Collision with Motor Vehicle in Transport,no,no,no,no,no,False
100882113,METROPOLITAN NASHVILLE POLICE DEPT,20150629947,Davidson,Nashville,7/2/2015 2:59:00 PM,2,0,0,36.081490,-86.759460,STATE HWY 255,,,,58.00,Feet,North,RAMP,,,,0.00,N,Not at Intersection, ,Non-Junction,None,,,         ,Miguel,Garcia,Clear,Angle,no,no,no,no,no,False
100882131,METROPOLITAN NASHVILLE POLICE DEPT,20150641667,Davidson,Nashville,7/6/2015 3:19:00 PM,2,0,0,36.154300,-86.762740,I 40,,,,0.00,,,,,,,210.80,N,Not at Intersection, ,Non-Junction,None,,,         ,Benjamin,Smith,Clear,Front to Rear,no,no,no,no,no,False
100882138,METROPOLITAN NASHVILLE POLICE DEPT,20150641607,Davidson,Nashville,7/6/2015 3:17:00 PM,3,0,0,36.085510,-86.701940,-- UNKNOWN RAMP/ROAD --,,,,0.00,Feet,East,I 24,,,,0.00,N,Not at Intersection, ,Entrance/Exit Ramp Related,None,,,         ,Jessie,Meadows,Clear,Front to Rear,no,no,no,no,no,False
100882149,METROPOLITAN NASHVILLE POLICE DEPT,20150641757,Davidson,Nashville,7/6/2015 4:00:00 PM,2,0,0,36.146860,-86.808580,US HWY 70S,,,,0.00,,,25TH AVE N,,,,0.00,Y,Four-Way, ,Intersection-Related,None,,,         ,Tien,Nguyen,Clear,Angle,no,no,no,no,no,Campus
100882163,METROPOLITAN NASHVILLE POLICE DEPT,20150641882,Davidson,Nashville,7/6/2015 4:33:00 PM,2,0,0,36.143510,-86.814400,30TH AVE S,,,,0.00,,,US HWY 70S,,,,0.00,Y,Four-Way, ,Intersection-Related,None,,,         ,Tien,Nguyen,Clear,Front to Rear,no,no,no,no,no,Campus
100882170,METROPOLITAN NASHVILLE POLICE DEPT,20150641689,Davidson,Nashville,7/6/2015 3:30:00 PM,2,0,0,36.158880,-86.782050,US HWY 31,,,,0.00,,,US HWY 70,,,,0.00,Y,Four-Way, ,Intersection,None,,,         ,Tyler,Hutton,Clear,"Sideswipe, Same Direction",no,no,no,no,no,False
100882171,METROPOLITAN NASHVILLE POLICE DEPT,20150641929,Davidson,Nashville,7/6/2015 4:57:00 PM,2,0,0,36.188330,-86.746370,GRANADA AVE,,,,0.00,,,GALLATIN AVE,,,,0.00,Y,Four-Way, ,Intersection-Related,None,,,         ,Kevin,Reynolds,Clear,Front to Rear,no,no,no,no,no,False
100882173,METROPOLITAN NASHVILLE POLICE DEPT,2015-0641876,Davidson,Nashville,7/6/2015 4:30:00 PM,2,0,0,36.139420,-86.819540,MURPHY RD,,,,113.00,Feet,East,PARK DR,,,,0.00,N,Not at Intersection, ,Non-Junction,None,,,         ,Austin,Kendrick,Clear,"Sideswipe, Same Direction",no,no,no,no,no,False
100882177,METROPOLITAN NASHVILLE POLICE DEPT,2015-0639247,Davidson,Nashville,7/6/2015 7:09:00 PM,1,0,0,36.186590,-86.632440,STONES RIVER RD,,,,11.00,Feet,South,US HWY 70,,,,0.00,N,Not at Intersection, ,,None,,,         ,Bryan,Byrnes,,,no,no,no,no,no,False
100882182,METROPOLITAN NASHVILLE POLICE DEPT,20150641753,Davidson,Nashville,7/6/2015 3:55:00 PM,1,0,0,36.187510,-86.593420,TULIP GROVE RD,,,,0.00,,,STROMBURY DR,,,,0.00,Y,T-Intersection,N,Intersection-Related,None,,,         ,Shawn,Taylor,Clear,Not Collision with Motor Vehicle in Transport,no,no,no,no,no,False
100882183,METROPOLITAN NASHVILLE POLICE DEPT,20150641713,Davidson,Nashville,7/6/2015 3:00:00 PM,2,0,0,36.173580,-86.602060,STATE HWY 265,,,,0.00,,,STATE HWY 45,,,,0.00,Y,Four-Way,N,Intersection-Related,None,,,         ,Shawn,Taylor,Clear,"Sideswipe, Same Direction",no,no,no,no,yes,False
100882187,METROPOLITAN NASHVILLE POLICE DEPT,20150641884,Davidson,Nashville,7/6/2015 4:45:00 PM,2,0,0,36.111220,-86.755600,STATE HWY 155,,,,110.00,Feet,West,SIDCO DR,,,,0.00,N,Not at Intersection,N,Non-Junction,None,,,         ,Christopher,Davis,Clear,Front to Rear,no,no,no,no,no,False
100882188,METROPOLITAN NASHVILLE POLICE DEPT,20150642028,Davidson,Nashville,7/6/2015 5:29:00 PM,2,0,0,36.164540,-86.777030,CHURCH ST,,,,51.00,Feet,West,2ND AVE N,,,,0.00,N,Not at Intersection, ,,None,,,         ,Blaze,Williams,,,no,no,no,no,no,False
100882191,METROPOLITAN NASHVILLE POLICE DEPT,20150642052,Davidson,Nashville,7/6/2015 5:42:00 PM,2,0,0,36.146860,-86.808580,US HWY 70S,,,,0.00,,,25TH AVE N,,,,0.00,Y,Four-Way, ,Intersection-Related,None,,,         ,Tien,Nguyen,Clear,Front to Rear,no,no,no,no,no,Campus
100882192,METROPOLITAN NASHVILLE POLICE DEPT,20150642010,Davidson,Nashville,7/6/2015 5:20:00 PM,2,0,0,36.192710,-86.744340,DOUGLAS AVE,,,,0.00,Feet,,GALLATIN AVE,,,,0.00,Y,Four-Way, ,Intersection,None,,,         ,Terence,Maahs,Clear,Front to Rear,no,no,no,no,no,False
100882203,METROPOLITAN NASHVILLE POLICE DEPT,2015-0641763,Davidson,Nashville,7/6/2015 4:01:00 PM,2,1,0,36.157640,-86.873500,RIES AVE,,,,50.00,Feet,North,ROBERTSON AVE,,,,0.00,N,Not at Intersection,N,Non-Junction,None,,,         ,Walter,Gray II,Clear,Angle,no,no,no,no,no,False
100882207,METROPOLITAN NASHVILLE POLICE DEPT,20150641965,Davidson,Nashville,7/6/2015 4:45:00 PM,2,0,0,36.142500,-86.708690,I 40,,,,0.00,,,,,,,214.30,N,Not at Intersection, ,Non-Junction,None,,,         ,Sarah,Hartman,Clear,"Sideswipe, Same Direction",no,no,no,no,no,False
100882208,METROPOLITAN NASHVILLE POLICE DEPT,20150641952,Davidson,Nashville,7/6/2015 5:02:00 PM,2,0,0,36.147450,-86.685820,CENTURY BLVD,,,,0.00,,,CONNECTING ROAD,,,,0.00,Y,T-Intersection, ,Intersection,None,,,         ,Bryan,Byrnes,Clear,Angle,no,no,no,no,no,False