master_record_number,agency,agency_tracking_number,county,city,collision_date,vehicles_involved,number_injured,number_dead,latitude,longitude,roadway_name,roadway_suffix,roadway_number,roadway_local_id,distance_from_reference,miles-feet_indicator,direction_from_reference,intersection_road_name,intersection_road_name_suffix,intersection_road_number,intersection_local_id,mile_marker,intersection_indicator,intersect_type,interchange_related_indicator,relation_to_junction,work_zone_type,construction_maintenance_zone,construction_maintenance_zone_location,fatal_case_number,officer_first_name,officer_last_name,weather_condition(s),manner_of_crash,pedestrian,bicycle,scooter,parking,hitrun,mou
100882209,METROPOLITAN NASHVILLE POLICE DEPT,20150642097,Davidson,Nashville,7/6/2015 5:41:00 PM,2,0,0,36.176410,-86.768120,US HWY 31W,,,,464.00,Feet,East,RAMP,,,,0.00,N,Not at Intersection, ,,None,,,         ,Charles,Wakefield,,,no,no,no,no,no,False
100882211,METROPOLITAN NASHVILLE POLICE DEPT,20150642017,Davidson,Nashville,7/6/2015 5:25:00 PM,2,0,0,36.254840,-86.733540,CHADWELL DR,,,,0.00,,,S GRAYCROFT AVE,,,,0.00,Y,Four-Way,N,Non-Junction,None,,,         ,Landon,Bagwell,Clear,Front to Rear,no,no,no,no,no,False
100882220,METROPOLITAN NASHVILLE POLICE DEPT,2015-0641839,Davidson,Nashville,7/6/2015 4:28:00 PM,2,0,0,36.230880,-86.759030,US HWY 31W,,,,146.00,Feet,South,OAK VALLEY DR,,,,0.00,N,Not at Intersection,N,Non-Junction,None,,,         ,Anthony,Cavis,Clear,Front to Rear,no,no,no,no,no,False
100882228,METROPOLITAN NASHVILLE POLICE DEPT,20150642200,Davidson,Nashville,7/6/2015 6:42:00 PM,2,0,0,36.134230,-86.779160,US HWY 31,,,,0.00,,,WEDGEWOOD AVE,,,,0.00,Y,Four-Way, ,Intersection-Related,None,,,         ,Tien,Nguyen,Clear,Front to Rear,no,no,no,no,no,False
100882234,METROPOLITAN NASHVILLE POLICE DEPT,20150642174,Davidson,Nashville,7/6/2015 4:49:00 PM,2,0,0,36.191840,-86.796830,FRENCH LANDING DR,,,,115.00,Feet,North,RAMP,,,,0.00,N,Not at Intersection, ,OtherLocation,None,,,         ,Christopher,Mackey,Clear,Front to Rear,no,no,no,no,no,False
100882245,METROPOLITAN NASHVILLE POLICE DEPT,20150642110,Davidson,Not in City Limit,7/6/2015 6:00:00 PM,2,2,0,36.366200,-86.887970,US HWY 431,,,,85.00,Feet,North,ELLIS DR,,,,0.00,N,Not at Intersection,N,Non-Junction,None,,,         ,Zachary,Ronan,Clear,Front to Rear,no,no,no,no,no,False
100882246,METROPOLITAN NASHVILLE POLICE DEPT,20150642225,Davidson,Madison,7/6/2015 5:30:00 PM,1,0,0,36.283440,-86.729410,APPLE VALLEY RD,,,,718.00,Feet,East,W CAMPBELL RD,,,,0.00,N,Not at Intersection,N,"Driveway, Alley Access, etc",None,,,         ,Nathan,Dungan,Clear,Not Collision with Motor Vehicle in Transport,no,no,no,no,no,False
100882252,METROPOLITAN NASHVILLE POLICE DEPT,20150641923,Davidson,Nashville,7/6/2015 4:42:00 PM,2,0,0,36.153680,-86.822570,-- UNKNOWN RAMP/ROAD --,,,,0.00,,,I 440,,,,0.00,Y,OTHER,N,Non-Junction,None,,,         ,Royce,McLester,Clear,Front to Rear,no,no,no,no,no,False
100882258,BELLE MEADE POLICE DEPT,15-0172,Davidson,Belle Meade,7/6/2015 4:55:00 PM,2,0,0,36.111130,-86.859490,JACKSON BLVD,,,,90.00,Feet,West,DEER PARK CIR,,,,0.00,N,Not at Intersection,N,Non-Junction,None,,,         ,Dale,Corter,Clear,"Sideswipe, Same Direction",no,no,no,no,no,False
100882261,VANDERBILT UNIVERSITY POLICE,2015-642166,Davidson,Nashville,7/6/2015 4:05:00 PM,2,0,0,36.139060,-86.806240,CHILDRENS WAY,,,,229.00,Feet,East,25TH AVE S,,,,0.00,N,Not at Intersection,N,Non-Junction,None,,,         ,James,Goolsby,Clear,Front to Rear,no,no,no,no,yes,Campus
100882268,METROPOLITAN NASHVILLE POLICE DEPT,20150642264,Davidson,Goodlettsville,7/6/2015 7:00:00 PM,2,0,0,36.305100,-86.693220,CONFERENCE DR,,,,107.00,Feet,North,CONNECTING ROAD,,,,0.00,N,Not at Intersection,N,Non-Junction,None,,,         ,Landon,Bagwell,Clear,Front to Rear,no,no,no,no,yes,False
100882269,METROPOLITAN NASHVILLE POLICE DEPT,2015-0640794,Davidson,Nashville,7/6/2015 9:55:00 AM,2,0,0,36.154800,-86.788520,I 40,,,,0.00,,,,,,,209.20,N,Not at Intersection, ,Entrance/Exit Ramp Related,None,,,         ,Allen,Bates,Clear,Front to Rear,no,no,no,no,no,False
100882272,METROPOLITAN NASHVILLE POLICE DEPT,20150642263,Davidson,Nashville,7/6/2015 7:05:00 PM,1,1,0,36.150500,-86.695690,ELM HILL PIKE,,,,317.00,Feet,East,WANDA DR,,,,0.00,N,Not at Intersection,N,Non-Junction,None,,,         ,John,Kelley,Clear,Not Collision with Motor Vehicle in Transport,no,no,no,no,no,False
100882290,METROPOLITAN NASHVILLE POLICE DEPT,20150642236,Davidson,Not in City Limit,7/6/2015 6:52:00 PM,2,0,0,36.329730,-86.895650,I 24,,,,0.00,,,,,,,33.35,N,Not at Intersection,N,Non-Junction,None,,,         ,Joshua,Lackey,Clear,Front to Rear,no,no,no,no,no,False
100882293,METROPOLITAN NASHVILLE POLICE DEPT,20150642538,Davidson,Nashville,7/6/2015 8:30:00 PM,2,0,0,36.181690,-86.677790,MCGAVOCK PIKE,,,,0.00,,,WINDEMERE CIR,,,,0.00,Y,Four-Way, ,,None,,,         ,John,Kelley,,,no,no,no,no,no,False
100882294,METROPOLITAN NASHVILLE POLICE DEPT,20150642299,Davidson,Nashville,7/6/2015 7:24:00 PM,2,1,0,36.085590,-86.701360,-- UNKNOWN RAMP/ROAD --,,,,0.00,,,I 24,,,,0.00,Y,Four-Way,N,Entrance/Exit Ramp Related,None,,,         ,Christopher,Augustin,Clear,Angle,no,no,no,no,no,False
100882295,METROPOLITAN NASHVILLE POLICE DEPT,20150642438,Davidson,Nashville,7/6/2015 8:45:00 PM,2,0,0,36.089580,-86.702930,I 24,,,,0.00,,,,,,,55.40,N,Not at Intersection,N,Non-Junction,None,,,         ,Jessie,Meadows,Clear,Front to Rear,no,no,no,no,yes,False
100882305,METROPOLITAN NASHVILLE POLICE DEPT,20150641967,Davidson,Nashville,7/6/2015 5:00:00 PM,2,0,0,36.236900,-86.792630,STATE HWY 155,,,,477.00,Feet,West,EXIT 18B,,,,0.00,N,Not at Intersection, ,Non-Junction,None,,,         ,Victor,Alexander,Clear,HeadOn,no,no,no,no,no,False
100882306,METROPOLITAN NASHVILLE POLICE DEPT,20150642315,Davidson,Not in City Limit,7/6/2015 7:30:00 PM,3,0,0,36.329530,-86.895200,I 24,,,,0.00,,,,,,,33.35,N,Not at Intersection,N,Non-Junction,None,,,         ,Victor,Alexander,Clear,HeadOn,no,no,no,no,no,False
100882315,METROPOLITAN NASHVILLE POLICE DEPT,20150637362,Davidson,Nashville,7/4/2015 9:00:00 PM,2,0,0,36.170030,-86.763660,S 5TH ST,,,,80.00,Feet,North,FATHERLAND ST,,,,0.00,N,Not at Intersection,N,Non-Junction,None,,,         ,Clinton,Schroeder,Rain,Front to Rear,no,no,no,no,no,False
100882325,METROPOLITAN NASHVILLE POLICE DEPT,20150642567,Davidson,Nashville,7/4/2015 8:00:00 PM,1,0,0,36.152220,-86.791410,DIVISION ST,,,,0.00,,,DEMONBREUN ST,,,,0.00,Y,Roundabout, ,OtherLocation,Construction Zone,,,         ,Jarred,Ruhlman,Rain,Not Collision with Motor Vehicle in Transport,no,no,no,no,no,False
100882328,METROPOLITAN NASHVILLE POLICE DEPT,20150642003,Davidson,Nashville,7/6/2015 5:26:00 PM,2,0,0,36.107820,-86.733610,TUGGLE AVE,,,,97.00,Feet,South,TANKSLEY AVE,,,,0.00,N,Not at Intersection, ,Non-Junction,None,,,         ,William,Durham,Clear,Angle,no,no,no,no,no,False
100882329,METROPOLITAN NASHVILLE POLICE DEPT,20150642366,Davidson,Nashville,7/6/2015 7:00:00 PM,2,0,0,36.081250,-86.714950,STATE HWY 255,,,,59.00,Feet,East,HUMBER DR,,,,0.00,N,Not at Intersection,N,Non-Junction,None,,,         ,William,Durham,Clear,Front to Rear,no,no,no,no,yes,False
100882330,METROPOLITAN NASHVILLE POLICE DEPT,20150642462,Davidson,Nashville,7/6/2015 8:26:00 PM,4,4,0,36.089470,-86.702840,I 24,,,,0.00,,,,,,,55.40,N,Not at Intersection,N,Non-Junction,None,,,         ,William,Durham,Clear,"Sideswipe, Same Direction",no,no,no,no,yes,False
100882332,METROPOLITAN NASHVILLE POLICE DEPT,20150642117,Davidson,Nashville,7/6/2015 5:43:00 PM,2,0,0,36.040240,-86.767870,STATE HWY 254,,,,136.00,Feet,East,SEVEN SPRINGS WAY,,,,0.00,N,Not at Intersection, ,Non-Junction,None,,,         ,Miguel,Garcia,Clear,Front to Rear,no,no,no,no,no,False
100882342,METROPOLITAN NASHVILLE POLICE DEPT,20150641845,Davidson,Nashville,7/6/2015 4:22:00 PM,2,0,0,36.162110,-86.790620,11TH AVE N,,,,0.00,,,CHARLOTTE AVE,,,,0.00,Y,Four-Way, ,Intersection-Related,None,,,         ,Ethan,Luffman,Clear,Front to Rear,no,no,no,no,no,False
100882352,METROPOLITAN NASHVILLE POLICE DEPT,20150642614,Davidson,Nashville,7/6/2015 7:02:00 PM,2,0,0,36.196070,-86.619440,STATE HWY 45,,,,629.00,Feet,West,GORDON LN,,,,0.00,N,Not at Intersection, ,OtherLocation,None,,,         ,Bryan,Byrnes,Clear,Angle,no,no,no,no,yes,False
100882356,GOODLETTSVILLE POLICE DEPT,15-25488,Davidson,Goodlettsville,7/6/2015 9:55:00 PM,1,1,0,36.308480,-86.704350,I 65,,,,0.00,,,,,,,95.90,N,Not at Intersection,N,Non-Junction,None,,,         ,Joseph,Waldron,Clear,Not Collision with Motor Vehicle in Transport,no,no,no,no,no,False
100882363,METROPOLITAN NASHVILLE POLICE DEPT,20150642722,Davidson,Nashville,7/6/2015 10:45:00 PM,2,0,0,36.157900,-86.772600,2ND AVE S,,,,0.00,,,GATEWAY BLVD,,,,0.00,Y,Four-Way, ,Non-Junction,None,,,         ,William,Thorowgood,Clear,"Sideswipe, Same Direction",no,no,no,no,no,False
100882378,METROPOLITAN NASHVILLE POLICE DEPT,20150642718,Davidson,Nashville,7/6/2015 10:35:00 PM,1,1,0,36.144100,-86.738570,I 40,,,,0.00,,,,,,,212.40,N,Not at Intersection,N,Non-Junction,None,,,         ,Raymond,Heymann,Cloudy,Not Collision with Motor Vehicle in Transport,no,no,no,no,yes,False
100882383,GOODLETTSVILLE POLICE DEPT,15-25483,Davidson,Goodlettsville,7/6/2015 9:25:00 PM,2,1,0,36.311340,-86.705670,RIVERGATE PKWY,,,,24.00,Feet,South,MOSS TRL,,,,0.00,N,Not at Intersection,N,Non-Junction,None,,,         ,Jason,Ayers,Clear,Front to Rear,no,no,no,no,no,False
100882388,METROPOLITAN NASHVILLE POLICE DEPT,20150642727,Davidson,Not in City Limit,7/6/2015 10:30:00 PM,1,0,0,36.274870,-86.716690,E CAMPBELL RD,,,,109.00,Feet,West,OLD AMQUI RD,,,,0.00,N,Not at Intersection,N,Non-Junction,None,,,         ,David,Snowden,Clear,Not Collision with Motor Vehicle in Transport,no,no,no,no,no,False
100882397,METROPOLITAN NASHVILLE POLICE DEPT,20150642902,Davidson,Nashville,7/6/2015 10:20:00 PM,2,0,0,36.243870,-86.747110,-- UNKNOWN RAMP/ROAD --,,,,0.00,Feet,East,I 65,,,,0.00,N,Not at Intersection,N,Non-Junction,None,,,         ,Terrance,McBride,Clear,"Sideswipe, Same Direction",no,no,no,no,yes,False
100882398,METROPOLITAN NASHVILLE POLICE DEPT,20150643307,Davidson,Nashville,7/7/2015 3:20:00 AM,1,0,0,36.069750,-86.693430,RAMP,,,,0.00,,,,,,,0.00,,, ,Non-Junction,None,,,         ,Randy,Heinze,Clear,Not Collision with Motor Vehicle in Transport,no,no,no,yes,no,False
100882418,METROPOLITAN NASHVILLE POLICE DEPT,20150637665,Davidson,Nashville,7/4/2015 11:30:00 PM,1,0,0,36.129050,-86.792220,ASHWOOD AVE,,,,59.00,Feet,East,15TH AVE S,,,,0.00,N,Not at Intersection,N,Non-Junction,None,,,         ,Jessica,Johnson,Rain,Not Collision with Motor Vehicle in Transport,no,no,no,no,no,False
100882424,METROPOLITAN NASHVILLE POLICE DEPT,20150635321,Davidson,Nashville,7/4/2015 12:06:00 AM,2,0,0,36.208320,-86.839610,US HWY 41 ALT,,,,0.00,,,W HAMILTON RD,,,,0.00,Y,T-Intersection,N,Intersection,None,,,         ,Garet,Davidson,Clear,Front to Rear,no,no,no,no,yes,False
100882425,METROPOLITAN NASHVILLE POLICE DEPT,20150641226,Davidson,Nashville,7/6/2015 12:17:00 PM,2,1,0,36.153260,-86.803280,21ST AVE N,,,,0.00,,,STATE ST,,,,0.00,Y,Four-Way,N,Intersection-Related,None,,,         ,Nathan,Kemp,Clear,"Sideswipe, Same Direction",no,no,no,no,no,False
100882439,METROPOLITAN NASHVILLE POLICE DEPT,2015-0641406,Davidson,Nashville,7/6/2015 1:32:00 PM,2,0,0,36.087420,-86.692190,ANTIOCH PIKE,,,,0.00,,,STATE HWY 255,,,,0.00,Y,Four-Way, ,Non-Junction,None,,,         ,John,Neely,Clear,Angle,no,no,no,no,no,False
100882442,METROPOLITAN NASHVILLE POLICE DEPT,20150641535,Davidson,Nashville,7/6/2015 2:34:00 PM,2,1,0,36.114010,-86.792210,CLIFTON LN,,,,0.00,,,GRANNY WHITE PIKE,,,,0.00,Y,Four-Way,N,Intersection,None,,,         ,James,Smith,Clear,Angle,no,no,no,no,no,False
100882456,METROPOLITAN NASHVILLE POLICE DEPT,2015-0643579,Davidson,Nashville,7/7/2015 7:30:00 AM,2,0,0,36.144810,-86.872270,US HWY 70,,,,183.00,Feet,East,AMERICAN RD,,,,0.00,N,Not at Intersection, ,Non-Junction,None,,,         ,Curtis,Rich,Cloudy,Angle,no,no,no,no,no,False
100882465,METROPOLITAN NASHVILLE POLICE DEPT,2015-0643762,Davidson,Nashville,7/7/2015 8:00:00 AM,2,0,0,36.149250,-86.822630,I 440,,,,0.00,,,,,,,1.40,N,Not at Intersection, ,,None,,,         ,Curtis,Rich,,,no,no,no,no,no,False
100882471,METROPOLITAN NASHVILLE POLICE DEPT,20150643782,Davidson,Nashville,7/7/2015 8:11:00 AM,1,0,0,36.117190,-86.799980,I 440,,,,0.00,,,,,,,3.25,N,Not at Intersection,N,Non-Junction,None,,,         ,Nathan,Kemp,Clear,Not Collision with Motor Vehicle in Transport,no,no,no,no,no,False
100882494,METROPOLITAN NASHVILLE POLICE DEPT,20150643708,Davidson,Nashville,7/7/2015 7:40:00 AM,2,0,0,36.152100,-86.690480,ELM HILL PIKE,,,,0.00,,,RAMP,,,,0.00,Y,Four-Way, ,Non-Junction,None,,,         ,Joshua,Billotte,Clear,Front to Rear,no,no,no,no,no,False
100882515,METROPOLITAN NASHVILLE POLICE DEPT,20150644020,Davidson,Nashville,7/7/2015 9:26:00 AM,2,0,0,36.149410,-86.782370,I 40,,,,0.00,,,,,,,209.70,N,Not at Intersection, ,Entrance/Exit Ramp Related,None,,,         ,Bryan,Birdwell,Cloudy,Front to Rear,no,no,no,no,no,False
100882530,METROPOLITAN NASHVILLE POLICE DEPT,20150643725,Davidson,Nashville,7/7/2015 7:50:00 AM,2,1,0,36.044860,-86.670470,STATE HWY 254,,,,0.00,,,HICKORY PARK DR,,,,0.00,Y,T-Intersection,N,Intersection,None,,,         ,Todd,Watson,Clear,Front to Rear,no,no,no,no,no,False
100882534,METROPOLITAN NASHVILLE POLICE DEPT,2015-0643587,Davidson,Nashville,7/7/2015 6:15:00 AM,2,0,0,36.054220,-86.673540,I 24,,,,0.00,,,,,,,58.40,N,Not at Intersection, ,Non-Junction,None,,,         ,William,Whitworth,Clear,"Sideswipe, Same Direction",no,no,no,no,no,False
100882540,METROPOLITAN NASHVILLE POLICE DEPT,20150643734,Davidson,Nashville,7/7/2015 7:40:00 AM,3,0,0,36.133000,-86.726950,-- UNKNOWN RAMP/ROAD --,,,,0.00,,,I 24,,,,0.00,Y,OTHER, ,Entrance/Exit Ramp Related,None,,,         ,James,Thomas,Clear,Front to Rear,no,no,no,no,no,False
100882543,METROPOLITAN NASHVILLE POLICE DEPT,20150638720,Davidson,Nashville,7/5/2015 12:28:00 PM,2,1,0,36.133340,-86.825400,BOWLING AVE,,,,135.00,Feet,South,WHITLAND AVE,,,,0.00,N,Not at Intersection,N,Non-Junction,None,,,         ,Jack,Crouch,Clear,Front to Rear,no,no,no,no,no,False
100882550,METROPOLITAN NASHVILLE POLICE DEPT,20150644237,Davidson,Nashville,7/7/2015 10:35:00 AM,2,0,0,36.144930,-86.766650,US HWY 31 ALT,,,,0.00,,,CHESTNUT ST,,,,0.00,Y,Four-Way, ,Intersection,None,,,         ,Christopher,Hanor,Cloudy,Angle,no,no,no,no,no,False
100882564,METROPOLITAN NASHVILLE POLICE DEPT,2015-0644283,Davidson,Nashville,7/7/2015 10:35:00 AM,1,0,0,36.230870,-86.759030,US HWY 31W,,,,149.00,Feet,South,OAK VALLEY DR,,,,0.00,N,Not at Intersection,N,Non-Junction,None,,,         ,Coleman,Womack,Cloudy,Not Collision with Motor Vehicle in Transport,no,no,no,no,yes,False
100882569,METROPOLITAN NASHVILLE POLICE DEPT,20150641211,Davidson,Nashville,7/6/2015 12:10:00 PM,2,0,0,36.154870,-86.763350,US HWY 70,,,,0.00,,,LINDSLEY AVE,,,,0.00,Y,Four-Way, ,Intersection,None,,,         ,Wesley,Henderson,Clear,Angle,no,no,no,no,no,False
100882585,GOODLETTSVILLE POLICE DEPT,15-25525,Davidson,Goodlettsville,7/7/2015 7:15:00 AM,3,0,0,0.000000,0.000000,,,SR386,,1000.00,Feet,West,CONFERENCE DR.,,SR,,0.00,N,Not at Intersection,Y,Non-Junction,None,,,         ,John,Spencer,Clear,Front to Rear,no,no,no,no,no,False
100882586,GOODLETTSVILLE POLICE DEPT,15-25550,Davidson,Goodlettsville,7/7/2015 11:29:00 AM,2,0,0,0.000000,0.000000,NORTH CREEK BLVD,,,,0.00,,,NORTHGATE CIRCLE,,,,0.00,Y,Four-Way, ,Intersection,None,,,         ,John,Spencer,Clear,Angle,no,no,no,no,no,False
100882590,METROPOLITAN NASHVILLE POLICE DEPT,20150643814,Davidson,Nashville,7/7/2015 8:20:00 AM,2,0,0,36.117930,-86.800720,I 440,,,,0.00,,,,,,,3.20,N,Not at Intersection, ,Non-Junction,None,,,         ,Phillip,Murphy,Clear,Front to Rear,no,no,no,no,no,False
100882601,METROPOLITAN NASHVILLE POLICE DEPT,20150644446,Davidson,Nashville,7/7/2015 11:45:00 AM,2,0,0,36.142160,-86.666670,STATE HWY 255,,,,0.00,,,RAMP,,,,0.00,Y,Four-Way,N,Intersection-Related,None,,,         ,Joshua,Billotte,Clear,Front to Rear,no,no,no,no,yes,False
100882610,METROPOLITAN NASHVILLE POLICE DEPT,20150643906,Davidson,Nashville,7/7/2015 7:57:00 AM,2,0,0,36.167710,-86.663500,US HWY 70,,,,80.00,Feet,West,STATE HWY 255,,,,0.00,N,Not at Intersection, ,Non-Junction,None,,,         ,James,Curtis,Clear,Front to Rear,no,no,no,no,no,False
100882616,METROPOLITAN NASHVILLE POLICE DEPT,20150643828,Davidson,Nashville,7/7/2015 8:16:00 AM,3,1,0,36.137280,-86.775670,I 65,,,,0.00,,,,,,,81.60,N,Not at Intersection,N,Non-Junction,None,,,         ,Erik,Wagner,Cloudy,Front to Rear,no,no,no,no,no,False
100882621,METROPOLITAN NASHVILLE POLICE DEPT,20150644610,Davidson,Not in City Limit,7/7/2015 12:50:00 PM,2,0,0,36.264170,-86.732340,S GRAYCROFT AVE,,,,91.00,Feet,South,STATE HWY 45,,,,0.00,N,Not at Intersection,N,Non-Junction,None,,,         ,Jordan,Lowry,Clear,HeadOn,no,no,no,no,no,False
100882626,VANDERBILT UNIVERSITY POLICE,15-644188,Davidson,Nashville,7/7/2015 9:45:00 AM,2,0,0,36.139070,-86.798960,CAPERS AVE,,,,0.00,,,,,,,0.00,,, ,,,,,         ,Linda,Jennings,,,no,no,no,yes,no,Campus
100882630,METROPOLITAN NASHVILLE POLICE DEPT,20150644546,Davidson,Nashville,7/7/2015 11:39:00 AM,2,0,0,36.196050,-86.742540,GALLATIN PIKE,,,,29.00,Feet,North,GALLATIN AVE,,,,0.00,N,Not at Intersection, ,Non-Junction,None,,,         ,Aaron,Wigginton,Clear,Rear to Rear,no,no,no,yes,yes,False
100882640,METROPOLITAN NASHVILLE POLICE DEPT,20150626232,Davidson,Nashville,7/3/2015 1:50:00 PM,2,0,0,36.093390,-86.762490,I 65,,,,0.00,,,,,,,78.60,N,Not at Intersection,N,Non-Junction,None,,,         ,Darrell,Osment,Rain,Angle,no,no,no,no,no,False
100882649,METROPOLITAN NASHVILLE POLICE DEPT,20150644665,Davidson,Nashville,7/7/2015 1:13:00 PM,2,0,0,36.198440,-86.620240,STATE HWY 45,,,,0.00,,,US HWY 70,,,,0.00,Y,Four-Way, ,Intersection-Related,None,,,         ,Craig,Carlson,Cloudy,Front to Rear,no,no,no,no,no,False
100882673,METROPOLITAN NASHVILLE POLICE DEPT,2015-0644812,Davidson,Nashville,7/7/2015 1:58:00 PM,2,0,0,36.096820,-86.656670,US HWY 41,,,,390.00,Feet,West,SMITH SPRINGS RD,,,,0.00,N,Not at Intersection,N,Non-Junction,None,,,         ,William,Whitworth,Cloudy,Front to Rear,no,no,no,no,yes,False
100882674,METROPOLITAN NASHVILLE POLICE DEPT,20150644378,Davidson,Nashville,7/7/2015 11:06:00 AM,2,0,0,36.187950,-86.613880,STATE HWY 45,,,,1150.00,Feet,South,OLD LEBANON DIRT RD,,,,0.00,N,Not at Intersection,N,Non-Junction,None,,,         ,Wesley,Young,Clear,Front to Rear,no,no,no,no,no,False
100882677,METROPOLITAN NASHVILLE POLICE DEPT,20150637058,Davidson,Nashville,7/4/2015 6:45:00 PM,3,6,0,36.124320,-86.727750,I 24,,,,0.00,,,,,,,52.60,N,Not at Intersection,N,Non-Junction,None,,,         ,David,Collins,Rain,Front to Rear,no,no,no,no,no,False
100882690,METROPOLITAN NASHVILLE POLICE DEPT,20150644913,Davidson,Nashville,7/7/2015 3:06:00 PM,2,1,0,36.040010,-86.743490,STATE HWY 254,,,,0.00,Feet,,EDMONDSON PIKE,,,,0.00,Y,Four-Way,N,Intersection-Related,None,,,         ,Tien,Nguyen,Clear,"Sideswipe, Same Direction",no,no,no,no,no,False
100882691,METROPOLITAN NASHVILLE POLICE DEPT,20150644748,Davidson,Nashville,7/7/2015 1:55:00 PM,2,0,0,36.232440,-86.785970,EWING DR,,,,860.00,Feet,North,EWING LN,,,,0.00,N,Not at Intersection,N,Non-Junction,None,,,         ,Michael,McCord,Clear,"Sideswipe, Opposite Direction",no,no,no,no,yes,False
100882720,METROPOLITAN NASHVILLE POLICE DEPT,20150644877,Davidson,Nashville,7/7/2015 2:56:00 PM,2,0,0,36.191880,-86.780940,I 65,,,,0.00,,,,,,,86.30,N,Not at Intersection, ,Non-Junction,None,,,         ,Ethan,Luffman,Clear,HeadOn,no,no,no,no,no,False
100882721,METROPOLITAN NASHVILLE POLICE DEPT,20150644939,Davidson,Nashville,7/7/2015 3:30:00 PM,2,0,0,36.175580,-86.771870,I 24,,,,0.00,,,,,,,48.00,N,Not at Intersection, ,Non-Junction,None,,,         ,Ethan,Luffman,Clear,Front to Rear,no,no,no,no,no,False
100882724,METROPOLITAN NASHVILLE POLICE DEPT,2015-0644765,Davidson,Nashville,7/7/2015 2:03:00 PM,2,0,0,36.151890,-86.850400,US HWY 70,,,,146.00,Feet,West,52ND AVE N,,,,0.00,N,Not at Intersection,N,Non-Junction,None,,,         ,Walter,Gray II,Clear,Front to Rear,no,no,no,no,yes,False
100882726,METROPOLITAN NASHVILLE POLICE DEPT,20150637197,Davidson,Nashville,7/4/2015 7:50:00 PM,3,1,0,36.084930,-86.703390,TRAVELERS INN DR,,,,0.00,,,STATE HWY 255,,,,0.00,Y,T-Intersection,N,Intersection,None,,,         ,David,Collins,Rain,"Sideswipe, Opposite Direction",no,no,no,no,no,False
100882736,METROPOLITAN NASHVILLE POLICE DEPT,20150644902,Davidson,Antioch,7/7/2015 2:15:00 PM,2,0,0,36.071620,-86.600150,SEASONS DR,,,,272.00,Feet,West,SEASONS CT,,,,0.00,N,Not at Intersection, ,Non-Junction,None,,,         ,Michael,Apsey,Clear,Front to Rear,no,no,no,no,yes,False
100882741,METROPOLITAN NASHVILLE POLICE DEPT,20150644866,Davidson,Nashville,7/7/2015 2:52:00 PM,2,0,0,36.077950,-86.743020,STATE HWY 255,,,,379.00,Feet,North,BINKLEY DR,,,,0.00,N,Not at Intersection,N,Non-Junction,None,,,         ,Mekisha,Page,Clear,Angle,no,no,no,no,no,False
100882752,METROPOLITAN NASHVILLE POLICE DEPT,20150645115,Davidson,Not in City Limit,7/7/2015 3:35:00 PM,2,0,0,36.259400,-86.684890,WARRIOR RD,,,,0.00,,,LARKIN SPRINGS RD,,,,0.00,Y,T-Intersection,N,"Driveway, Alley Access, etc",None,,,         ,Edward,Draves,Cloudy,"Sideswipe, Same Direction",no,no,no,no,yes,False
100882753,METROPOLITAN NASHVILLE POLICE DEPT,20150645186,Davidson,Nashville,7/7/2015 4:28:00 PM,2,1,0,36.143510,-86.814400,30TH AVE S,,,,0.00,,,US HWY 70S,,,,0.00,Y,Four-Way,N,Intersection-Related,None,,,         ,Tien,Nguyen,Clear,Front to Rear,no,no,no,no,yes,Campus
100882755,METROPOLITAN NASHVILLE POLICE DEPT,2015-0630662,Davidson,Nashville,7/2/2015 6:34:00 PM,2,0,0,36.170340,-86.784840,5TH AVE N,,,,0.00,,,HARRISON ST,,,,0.00,Y,Four-Way, ,Non-Junction,None,,,         ,Brandon,O'Guin,Rain,Front to Rear,no,no,no,no,no,False
100882761,METROPOLITAN NASHVILLE POLICE DEPT,20150645034,Davidson,Nashville,7/7/2015 3:07:00 PM,2,0,0,36.141160,-86.721920,SPENCE LN,,,,0.00,,,EXIT 213,,,,0.00,Y,T-Intersection, ,Intersection,None,,,         ,Michael,Apsey,Cloudy,Front to Rear,no,no,no,no,no,False
100882765,METROPOLITAN NASHVILLE POLICE DEPT,20150645306,Davidson,Nashville,7/7/2015 5:20:00 PM,2,0,0,36.043330,-86.689200,STATE HWY 254,,,,1163.00,Feet,East,BENZING RD,,,,0.00,N,Not at Intersection, ,Non-Junction,None,,,         ,Jessie,Meadows,Clear,Front to Rear,no,no,no,no,no,False
100882769,METROPOLITAN NASHVILLE POLICE DEPT,20150645316,Davidson,Nashville,7/7/2015 5:21:00 PM,2,0,0,36.127520,-86.803560,US HWY 431,,,,0.00,,,BEECHWOOD AVE,,,,0.00,Y,T-Intersection, ,Intersection,None,,,         ,Mekisha,Page,Clear,Front to Rear,no,no,no,no,no,False
100882780,METROPOLITAN NASHVILLE POLICE DEPT,20150645289,Davidson,Nashville,7/7/2015 4:20:00 PM,2,0,0,36.137270,-86.699700,STATE HWY 155,,,,0.00,,,GLASTONBURY RD,,,,0.00,Y,T-Intersection, ,Intersection,None,,,         ,Michael,Apsey,Cloudy,Front to Rear,no,no,no,no,no,False