master_record_number,agency,agency_tracking_number,county,city,collision_date,vehicles_involved,number_injured,number_dead,latitude,longitude,roadway_name,roadway_suffix,roadway_number,roadway_local_id,distance_from_reference,miles-feet_indicator,direction_from_reference,intersection_road_name,intersection_road_name_suffix,intersection_road_number,intersection_local_id,mile_marker,intersection_indicator,intersect_type,interchange_related_indicator,relation_to_junction,work_zone_type,construction_maintenance_zone,construction_maintenance_zone_location,fatal_case_number,officer_first_name,officer_last_name,weather_condition(s),manner_of_crash,pedestrian,bicycle,scooter,parking,hitrun,mou
100883180,METROPOLITAN NASHVILLE POLICE DEPT,2015-0647755,Davidson,Nashville,7/8/2015 10:25:00 AM,2,0,0,36.204010,-86.776540,I 65,,,,0.00,,,,,,,87.15,N,Not at Intersection, ,Non-Junction,Construction Zone,,,         ,Coleman,Womack,Clear,"Sideswipe, Same Direction",no,no,no,no,yes,False
100883184,METROPOLITAN NASHVILLE POLICE DEPT,20150648008,Davidson,Nashville,7/8/2015 12:00:00 PM,2,0,0,36.134230,-86.778660,WEDGEWOOD AVE,,,,112.00,Feet,East,US HWY 31,,,,0.00,N,Not at Intersection, ,Non-Junction,None,,,         ,Paul,Joyner,Clear,"Sideswipe, Same Direction",no,no,no,no,no,False
100883190,METROPOLITAN NASHVILLE POLICE DEPT,15-0641264,Davidson,Nashville,7/6/2015 12:40:00 PM,2,0,0,36.074470,-86.921150,US HWY 70S,,,,0.00,,,US HWY 70S,,,,0.00,,, ,,,,,         ,Charles,Boles,,,no,no,no,yes,no,False
100883197,METROPOLITAN NASHVILLE POLICE DEPT,20150647966,Davidson,Nashville,7/8/2015 11:44:00 AM,2,0,0,36.120690,-86.807970,US HWY 431,,,,0.00,,,LOMBARDY AVE,,,,0.00,Y,Four-Way, ,Intersection,None,,,         ,Erik,Wagner,Clear,Front to Rear,no,no,no,no,no,False
100883204,METROPOLITAN NASHVILLE POLICE DEPT,20150648107,Davidson,Nashville,7/8/2015 12:15:00 PM,2,2,0,36.081440,-86.726880,US HWY 31 ALT,,,,371.00,Feet,North,RAMP,,,,0.00,N,Not at Intersection,N,Non-Junction,None,,,         ,Thomas,West,Clear,HeadOn,no,no,no,no,no,False
100883206,METROPOLITAN NASHVILLE POLICE DEPT,2015-0648184,Davidson,Not in City Limit,7/8/2015 12:32:00 PM,2,0,0,36.045310,-86.951340,STATE HWY 100,,,,248.00,Feet,West,TEMPLE RD,,,,0.00,N,Not at Intersection,N,Non-Junction,None,,,         ,Walter,Gray II,Cloudy,"Sideswipe, Opposite Direction",no,no,no,yes,yes,False
100883207,METROPOLITAN NASHVILLE POLICE DEPT,2015-0648364,Davidson,Nashville,7/8/2015 1:50:00 PM,2,0,0,36.129070,-86.853840,STATE HWY 155,,,,249.00,Feet,East,BROOKWOOD TER,,,,0.00,N,Not at Intersection, ,,None,,,         ,Curtis,Rich,,,no,no,no,no,no,False
100883208,METROPOLITAN NASHVILLE POLICE DEPT,2015-0648212,Davidson,Nashville,7/8/2015 1:03:00 PM,1,1,0,36.114340,-86.746730,US HWY 31 ALT,,,,149.00,Feet,East,CENTRAL AVE,,,,0.00,N,Not at Intersection,N,OtherLocation,None,,,         ,William,Whitworth,Clear,Not Collision with Motor Vehicle in Transport,no,no,no,yes,no,False
100883211,METROPOLITAN NASHVILLE POLICE DEPT,20150648144,Davidson,Nashville,7/8/2015 12:45:00 PM,2,0,0,0.000000,0.000000,NOLENSVILLE,PIKE,,,75.00,Feet,South,OCALA,DR,,,0.00,N,Not at Intersection, ,Non-Junction,None,,,         ,Randall,Combs,Clear,Front to Rear,no,no,no,no,no,False
100883218,METROPOLITAN NASHVILLE POLICE DEPT,15-0648200,Davidson,Nashville,7/8/2015 1:02:00 PM,2,0,0,36.167490,-86.782930,5TH AVE N,,,,149.00,Feet,South,GAY ST,,,,0.00,N,Not at Intersection, ,Non-Junction,None,,,         ,Frank,Campbell,Clear,Other,no,no,no,no,no,False
100883233,METROPOLITAN NASHVILLE POLICE DEPT,20150648244,Davidson,Nashville,7/8/2015 1:15:00 PM,2,0,0,36.045950,-86.660220,I 24,,,,0.00,,,,,,,59.35,N,Not at Intersection,N,Non-Junction,None,,,         ,Kevin,Caperton,Clear,"Sideswipe, Same Direction",no,no,no,no,no,False
100883235,METROPOLITAN NASHVILLE POLICE DEPT,20150648395,Davidson,Nashville,7/8/2015 2:34:00 PM,1,0,0,36.248590,-86.742280,I 65,,,,0.00,,,,,,,91.10,N,Not at Intersection, ,,None,,,         ,Christian,Martin,,,no,no,no,no,no,False
100883249,METROPOLITAN NASHVILLE POLICE DEPT,20150645486,Davidson,Nashville,7/7/2015 6:00:00 PM,2,0,0,36.115670,-86.725160,I 24,,,,0.00,,,,,,,53.20,N,Not at Intersection, ,Non-Junction,None,,,         ,Paul,Goebel,Clear,"Sideswipe, Same Direction",no,no,no,no,no,False
100883253,METROPOLITAN NASHVILLE POLICE DEPT,20150648460,Davidson,Nashville,7/8/2015 1:59:00 PM,2,0,0,36.156060,-86.826070,EXIT 206,,,,0.00,,,I 40,,,,0.00,Y,OTHER, ,Entrance/Exit Ramp Related,None,,,         ,Jeffrey,Livingston,Clear,"Sideswipe, Same Direction",no,no,no,no,yes,False
100883257,METROPOLITAN NASHVILLE POLICE DEPT,20150648466,Davidson,Nashville,7/8/2015 2:55:00 PM,2,1,0,36.155750,-86.789470,-- UNKNOWN RAMP/ROAD --,,,,0.00,,,I 40,,,,0.00,Y,Four-Way,N,Intersection-Related,None,,,         ,Tien,Nguyen,Clear,Angle,no,no,no,no,no,False
100883259,METROPOLITAN NASHVILLE POLICE DEPT,20150648445,Davidson,Nashville,7/8/2015 2:29:00 PM,2,0,0,36.190460,-86.626140,US HWY 70,,,,601.00,Feet,South,BONNABROOK DR,,,,0.00,N,Not at Intersection, ,Non-Junction,None,,,         ,Shawn,Taylor,Clear,Angle,no,no,no,no,no,False
100883265,METROPOLITAN NASHVILLE POLICE DEPT,20150648622,Davidson,Nashville,7/8/2015 3:46:00 PM,2,0,0,36.169150,-86.681570,US HWY 70,,,,250.00,Feet,East,FAIRWAY DR,,,,0.00,N,Not at Intersection, ,,None,,,         ,Tyler,Conrads,,,no,no,no,no,no,False
100883268,METROPOLITAN NASHVILLE POLICE DEPT,2015-0648421,Davidson,Nashville,7/8/2015 2:42:00 PM,1,0,0,36.092780,-86.840720,HARDING PL,,,,283.00,Feet,West,ESTES RD,,,,0.00,N,Not at Intersection, ,"Driveway, Alley Access, etc",None,,,         ,Walter,Gray II,Clear,Not Collision with Motor Vehicle in Transport,no,no,no,no,no,False
100883269,METROPOLITAN NASHVILLE POLICE DEPT,20150648678,Davidson,Nashville,7/8/2015 3:10:00 PM,1,0,0,36.175210,-86.759170,MAIN ST,,,,111.00,Feet,West,N 8TH ST,,,,0.00,N,Not at Intersection, ,Non-Junction,None,,,         ,Rachael,Sacco,Clear,Not Collision with Motor Vehicle in Transport,no,no,no,yes,no,False
100883270,METROPOLITAN NASHVILLE POLICE DEPT,20150648462,Davidson,Nashville,7/8/2015 1:40:00 PM,2,1,0,36.187040,-86.861000,-- UNKNOWN RAMP/ROAD --,,,,0.00,Feet,East,COUNTY HOSPITAL RD,,,,0.00,N,Not at Intersection,N,Non-Junction,None,,,         ,Brandon,Evans,Clear,Front to Rear,no,no,no,no,no,False
100883277,METROPOLITAN NASHVILLE POLICE DEPT,20150648674,Davidson,Nashville,7/8/2015 4:01:00 PM,2,0,0,36.152730,-86.796520,US HWY 70S,,,,184.00,Feet,West,18TH AVE N,,,,0.00,N,Not at Intersection,N,Non-Junction,None,,,         ,Tien,Nguyen,Clear,HeadOn,no,no,no,no,no,False
100883290,METROPOLITAN NASHVILLE POLICE DEPT,20150648605,Davidson,Nashville,7/8/2015 3:39:00 PM,2,0,0,36.111000,-86.771010,I 65,,,,0.00,,,,,,,79.80,N,Not at Intersection, ,Non-Junction,None,,,         ,Mekisha,Page,Clear,Front to Rear,no,no,no,no,no,False
100883291,METROPOLITAN NASHVILLE POLICE DEPT,20150642662,Davidson,Nashville,7/6/2015 10:00:00 PM,1,1,0,36.234260,-86.766850,I 65,,,,0.00,,,,,,,89.40,N,Not at Intersection,N,Non-Junction,Construction Zone,Work On Shoulder Or Median,Activity Area,         ,Nathan,Dungan,Cloudy,Not Collision with Motor Vehicle in Transport,no,no,no,no,no,False
100883292,METROPOLITAN NASHVILLE POLICE DEPT,20150648646,Davidson,Nashville,7/8/2015 3:30:00 PM,2,0,0,36.150260,-86.749030,I 40,,,,0.00,,,,,,,211.65,N,Not at Intersection, ,Non-Junction,None,,,         ,Bradley,McIntyre,Clear,"Sideswipe, Same Direction",no,no,no,no,no,False
100883296,METROPOLITAN NASHVILLE POLICE DEPT,20150648720,Davidson,Nashville,7/8/2015 4:00:00 PM,2,0,0,36.249390,-86.719400,E PALESTINE AVE,,,,0.00,,,US HWY 31E,,,,0.00,Y,Four-Way, ,Intersection-Related,None,,,         ,Ryan,Allen,Clear,Front to Rear,no,no,no,no,no,False
100883297,METROPOLITAN NASHVILLE POLICE DEPT,2015-0648591,Davidson,Nashville,7/8/2015 3:38:00 PM,2,2,0,36.074670,-86.920950,STATE HWY 251,,,,75.00,Feet,North,US HWY 70S,,,,0.00,N,Not at Intersection,N,Non-Junction,None,,,         ,Walter,Gray II,Cloudy,Front to Rear,no,no,no,no,no,False
100883300,METROPOLITAN NASHVILLE POLICE DEPT,20150648765,Davidson,Nashville,7/8/2015 4:04:00 PM,3,0,0,36.224370,-86.694280,STATE HWY 155,,,,0.57,Miles,North,MUSIC VALLEY DR,,,,0.00,N,Not at Intersection, ,Non-Junction,None,,,         ,Tyler,Conrads,Clear,"Sideswipe, Same Direction",no,no,no,no,no,False
100883304,METROPOLITAN NASHVILLE POLICE DEPT,20150642350,Davidson,Madison,7/6/2015 7:50:00 PM,1,1,0,36.246000,-86.721590,US HWY 31E,,,,265.00,Feet,South,BERKLEY DR,,,,0.00,N,Not at Intersection,N,Non-Junction,None,,,         ,Nathan,Dungan,Clear,Not Collision with Motor Vehicle in Transport,no,no,no,yes,no,False
100883307,METROPOLITAN NASHVILLE POLICE DEPT,2015-0648802,Davidson,Nashville,7/8/2015 4:35:00 PM,2,0,0,36.153920,-86.857610,ROBERTSON AVE,,,,0.00,,,STATE HWY 155,,,,0.00,Y,Four-Way,N,Intersection,None,,,         ,Christopher,Clark,Clear,Angle,no,no,no,no,yes,False
100883308,METROPOLITAN NASHVILLE POLICE DEPT,20150648667,Davidson,Nashville,7/8/2015 1:00:00 PM,2,0,0,36.051600,-86.647480,HICKORY HOLLOW TER,,,,0.00,,,STATE HWY 254,,,,0.00,Y,Four-Way,N,Intersection,None,,,         ,Rickie,Corman,Clear,"Sideswipe, Opposite Direction",no,no,no,no,no,False
100883309,METROPOLITAN NASHVILLE POLICE DEPT,20150648890,Davidson,Nashville,7/8/2015 5:05:00 PM,2,0,0,36.150540,-86.625380,BELL RD,,,,633.00,Feet,South,BLACKWOOD DR,,,,0.00,N,Not at Intersection, ,,None,,,         ,Timothy,Mead,,,no,no,no,no,no,False
100883311,METROPOLITAN NASHVILLE POLICE DEPT,20150648880,Davidson,Nashville,7/8/2015 5:04:00 PM,2,0,0,36.145190,-86.816440,31ST AVE N,,,,0.00,,,BELLWOOD AVE,,,,0.00,Y,T-Intersection,N,Intersection-Related,None,,,         ,Tien,Nguyen,Clear,Angle,no,no,no,no,no,False
100883312,METROPOLITAN NASHVILLE POLICE DEPT,20150648711,Davidson,Nashville,7/8/2015 4:00:00 PM,2,0,0,36.152840,-86.683350,ELM HILL PIKE,,,,0.00,,,MCGAVOCK PIKE,,,,0.00,Y,Four-Way,Y,Intersection,None,,,         ,John,Kelley,Clear,Front to Rear,no,no,no,no,no,False
100883316,METROPOLITAN NASHVILLE POLICE DEPT,201500648663,Davidson,Nashville,7/8/2015 3:55:00 PM,3,1,0,36.134860,-86.784700,WEDGEWOOD AVE,,,,50.00,Feet,East,10TH AVE S,,,,0.00,N,Not at Intersection,N,Non-Junction,None,,,         ,Clyde,Stambaugh,Clear,Front to Rear,no,no,no,no,no,False
100883317,METROPOLITAN NASHVILLE POLICE DEPT,20150648945,Davidson,Nashville,7/8/2015 4:45:00 PM,2,0,0,36.224250,-86.694760,MUSIC VALLEY DR,,,,0.00,,,MUSIC CITY CIR,,,,0.00,Y,OTHER, ,,None,,,         ,Tyler,Conrads,,,no,no,no,yes,no,False
100883325,METROPOLITAN NASHVILLE POLICE DEPT,20150648952,Davidson,Nashville,7/8/2015 5:25:00 PM,1,1,0,36.143530,-86.688960,I 40,,,,0.00,,,,,,,215.35,N,Not at Intersection,N,Non-Junction,None,,,         ,Bradley,McIntyre,Clear,Not Collision with Motor Vehicle in Transport,no,no,no,no,no,False
100883328,METROPOLITAN NASHVILLE POLICE DEPT,2015-0648894,Davidson,Nashville,7/8/2015 4:46:00 PM,2,0,0,36.109320,-86.813390,CRESTMOOR RD,,,,438.00,Feet,West,US HWY 431,,,,0.00,N,Not at Intersection, ,Non-Junction,None,,,         ,Walter,Gray II,Clear,Front to Rear,no,no,no,no,no,False
100883329,METROPOLITAN NASHVILLE POLICE DEPT,2015-0648866,Davidson,Nashville,7/8/2015 5:02:00 PM,2,1,0,36.134880,-86.784870,WEDGEWOOD AVE,,,,0.00,,,10TH AVE S,,,,0.00,Y,Four-Way,N,Intersection,None,,,         ,Clyde,Stambaugh,Clear,Angle,no,no,no,no,no,False
100883335,METROPOLITAN NASHVILLE POLICE DEPT,20150648924,Davidson,Nashville,7/8/2015 4:40:00 PM,2,0,0,36.241290,-86.756960,STATE HWY 155,,,,558.00,Feet,West,US HWY 31W,,,,0.00,N,Not at Intersection, ,Non-Junction,None,,,         ,Jarred,Ruhlman,Clear,Front to Rear,no,no,no,no,no,False
100883340,METROPOLITAN NASHVILLE POLICE DEPT,20150649119,Davidson,Goodlettsville,7/8/2015 6:15:00 PM,2,0,0,36.311550,-86.683180,STATE HWY 386,,,,100.00,Feet,East,EXIT 1,,,,0.00,N,Not at Intersection,N,Non-Junction,None,,,         ,Nathan,Dungan,Clear,Not Collision with Motor Vehicle in Transport,no,no,no,no,yes,False
100883341,METROPOLITAN NASHVILLE POLICE DEPT,20150649092,Davidson,Nashville,7/8/2015 6:11:00 PM,2,0,0,36.164550,-86.776990,CHURCH ST,,,,0.00,,,,,,,0.00,,, ,Non-Junction,None,,,         ,Derek,Betty,Clear,"Sideswipe, Same Direction",no,no,no,no,no,False
100883346,METROPOLITAN NASHVILLE POLICE DEPT,20150649066,Davidson,Nashville,7/8/2015 5:54:00 PM,2,0,0,36.085590,-86.728830,US HWY 31 ALT,,,,243.00,Feet,South,ELYSIAN FIELDS RD,,,,0.00,N,Not at Intersection,N,Non-Junction,None,,,         ,Eric,Burford,Clear,Front to Rear,no,no,no,no,yes,False
100883348,METROPOLITAN NASHVILLE POLICE DEPT,2015-0644709,Davidson,Nashville,7/7/2015 1:24:00 PM,2,0,0,36.158500,-86.771600,GATEWAY BLVD,,,,100.00,Feet,East,US HWY 70,,,,0.00,N,Not at Intersection,N,Non-Junction,None,,,         ,Allen,Bates,Cloudy,"Sideswipe, Same Direction",no,no,no,no,yes,False
100883350,VANDERBILT UNIVERSITY POLICE,15-0649052,Davidson,Nashville,7/8/2015 12:00:00 AM,2,0,0,36.140280,-86.812950,31ST AVE S,,,,702.00,Feet,West,CHILDRENS WAY,,,,0.00,N,Not at Intersection,N,Non-Junction,None,,,         ,Matthew,Neely,Clear,Unknown,no,no,no,yes,yes,Campus
100883352,METROPOLITAN NASHVILLE POLICE DEPT,20150649064,Davidson,Nashville,7/8/2015 5:40:00 PM,2,0,0,36.229790,-86.761540,EWING DR,,,,578.00,Feet,West,RAMP,,,,0.00,N,Not at Intersection, ,Non-Junction,None,,,         ,Terence,Maahs,Clear,Angle,no,no,no,no,no,False
100883356,METROPOLITAN NASHVILLE POLICE DEPT,20150648988,Davidson,Nashville,7/8/2015 5:39:00 PM,3,0,0,36.037380,-86.791000,STATE HWY 254,,,,0.00,,,EASTPARK DR,,,,0.00,Y,T-Intersection,N,Intersection,None,,,         ,Mekisha,Page,Clear,Front to Rear,no,no,no,no,no,False
100883366,METROPOLITAN NASHVILLE POLICE DEPT,20150649347,Davidson,Nashville,7/8/2015 5:50:00 PM,2,0,0,36.148370,-86.777060,I 40,,,,0.00,,,,,,,210.00,N,Not at Intersection,N,Non-Junction,None,,,         ,Eric,Harvey,Clear,Front to Rear,no,no,no,no,yes,False
100883372,METROPOLITAN NASHVILLE POLICE DEPT,20150649049,Davidson,Nashville,7/8/2015 5:25:00 PM,2,0,0,36.128630,-86.906500,US HWY 70,,,,0.00,,,RIVER RD,,,,0.00,Y,OTHER, ,Intersection,None,,,         ,Brandon,Rardin,Clear,Angle,no,no,no,no,no,False
100883373,METROPOLITAN NASHVILLE POLICE DEPT,2015-0649236,Davidson,Nashville,7/8/2015 6:55:00 PM,2,0,0,36.081100,-86.758370,STATE HWY 255,,,,0.00,,,TROUSDALE DR,,,,0.00,Y,Four-Way,N,Intersection,None,,,         ,William,King,Clear,"Sideswipe, Same Direction",no,no,no,no,yes,False
100883374,METROPOLITAN NASHVILLE POLICE DEPT,20150649392,Davidson,Nashville,7/8/2015 7:53:00 PM,1,0,0,36.259370,-86.758710,BELLSHIRE DR,,,,270.00,Feet,West,US HWY 31W,,,,0.00,N,Not at Intersection, ,"Driveway, Alley Access, etc",None,,,         ,Nathan,Dungan,Clear,Not Collision with Motor Vehicle in Transport,no,no,no,no,no,False
100883386,METROPOLITAN NASHVILLE POLICE DEPT,20150649349,Davidson,Not in City Limit,7/8/2015 7:39:00 PM,1,1,0,36.119380,-86.943170,OLD CHARLOTTE PIKE,,,,554.00,Feet,East,SULLIVAN HOLLOW RD,,,,0.00,N,Not at Intersection,N,Non-Junction,None,,,         ,Adam,Reese,Cloudy,Not Collision with Motor Vehicle in Transport,no,no,no,no,no,False
100883398,METROPOLITAN NASHVILLE POLICE DEPT,20150649011,Davidson,Nashville,7/8/2015 5:46:00 PM,2,0,0,36.166370,-86.780700,4TH AVE N,,,,0.00,,,CHARLOTTE AVE,,,,0.00,Y,T-Intersection, ,Non-Junction,None,,,         ,Michael,Douglas,Clear,"Sideswipe, Same Direction",no,no,no,no,no,False
100883406,METROPOLITAN NASHVILLE POLICE DEPT,2015-0649618,Davidson,Nashville,7/8/2015 8:51:00 PM,2,0,0,36.040600,-86.779800,STATE HWY 254,,,,150.00,Feet,West,FRANKLIN PIKE CIR,,,,0.00,N,Not at Intersection, ,Non-Junction,None,,,         ,William,King,Clear,Front to Rear,no,no,no,no,no,False
100883418,METROPOLITAN NASHVILLE POLICE DEPT,20150649050,Davidson,Nashville,7/8/2015 5:05:00 PM,2,0,0,36.244630,-86.801740,KNIGHT DR,,,,0.00,Feet,,BRICK CHURCH LN,,,,0.00,Y,T-Intersection,N,Intersection-Related,None,,,         ,Joshua,Lackey,Clear,Not Collision with Motor Vehicle in Transport,no,no,no,no,no,False
100883428,METROPOLITAN NASHVILLE POLICE DEPT,20150648442,Davidson,Nashville,7/8/2015 2:44:00 PM,2,0,0,36.185470,-86.775190,I 24,,,,0.00,,,,,,,47.20,N,Not at Intersection,N,Non-Junction,None,,,         ,Michael,Brooks,Cloudy,"Sideswipe, Same Direction",no,no,no,no,yes,False
100883429,METROPOLITAN NASHVILLE POLICE DEPT,20150648562,Davidson,Nashville,7/8/2015 3:30:00 PM,2,1,0,36.208140,-86.787330,US HWY 431,,,,0.00,,,MONTICELLO ST,,,,0.00,Y,T-Intersection,N,Non-Junction,None,,,         ,Michael,Brooks,Clear,Front to Rear,no,no,no,no,no,False
100883431,METROPOLITAN NASHVILLE POLICE DEPT,20150648913,Davidson,Nashville,7/8/2015 5:17:00 PM,2,0,0,36.209700,-86.776080,I 65,,,,0.00,,,,,,,87.60,N,Not at Intersection, ,Non-Junction,None,,,         ,Michael,Brooks,Cloudy,Front to Rear,no,no,no,no,no,False
100883433,METROPOLITAN NASHVILLE POLICE DEPT,20150649643,Davidson,Nashville,7/8/2015 8:56:00 PM,2,0,0,36.192240,-86.740720,DOUGLAS AVE,,,,232.00,Feet,East,N 14TH ST,,,,0.00,N,Not at Intersection, ,Non-Junction,None,,,         ,Robert,Croteau,Clear,"Sideswipe, Same Direction",no,no,no,no,no,False
100883434,METROPOLITAN NASHVILLE POLICE DEPT,20150649761,Davidson,Nashville,7/8/2015 9:19:00 PM,2,0,0,36.158250,-86.771820,US HWY 70,,,,0.00,,,GATEWAY BLVD,,,,0.00,Y,Four-Way, ,Intersection-Related,Construction Zone,,,         ,Tyler,Hutton,Clear,Front to Rear,no,no,no,no,no,False
100883435,Metro Park Police,2015-0649081,Davidson,Nashville,7/8/2015 5:59:00 PM,2,0,0,36.171980,-86.737160,LILLIAN ST,,,,0.00,,,S 19TH ST,,,,0.00,Y,OTHER,N,Non-Junction,None,,,         ,Richard,Ellington,Clear,Angle,no,no,no,no,no,False
100883441,METROPOLITAN NASHVILLE POLICE DEPT,20150648461,Davidson,Nashville,7/8/2015 2:51:00 PM,2,0,0,36.098060,-86.709820,I 24,,,,0.00,,,,,,,54.70,N,Not at Intersection,N,Non-Junction,None,,,         ,William,Durham,Clear,"Sideswipe, Same Direction",no,no,no,no,no,False
100883442,METROPOLITAN NASHVILLE POLICE DEPT,20150648732,Davidson,Nashville,7/8/2015 4:14:00 PM,2,0,0,36.109930,-86.721050,STATE HWY 155,,,,128.00,Feet,East,EXIT 3B,,,,0.00,N,Not at Intersection,N,Non-Junction,None,,,         ,William,Durham,Clear,Front to Rear,no,no,no,no,yes,False
100883443,METROPOLITAN NASHVILLE POLICE DEPT,20150648879,Davidson,Nashville,7/8/2015 4:55:00 PM,2,0,0,36.063490,-86.637370,STATE HWY 254,,,,68.00,Feet,North,RICE RD,,,,0.00,N,Not at Intersection, ,Non-Junction,None,,,         ,William,Durham,Clear,Front to Rear,no,no,no,no,no,False
100883444,METROPOLITAN NASHVILLE POLICE DEPT,20150649288,Davidson,Nashville,7/8/2015 6:08:00 PM,4,2,0,36.125120,-86.733670,I 440,,,,0.00,,,,,,,7.20,N,Not at Intersection,N,Non-Junction,None,,,         ,William,Durham,Clear,Front to Rear,no,no,no,no,no,False
100883445,METROPOLITAN NASHVILLE POLICE DEPT,20150649866,Davidson,Nashville,7/8/2015 10:00:00 PM,1,0,0,36.245610,-86.746060,EXIT 90A,,,,0.00,,,I 65,,,,0.00,Y,Y-Intersection, ,Non-Junction,None,,,         ,Nathan,Dungan,Clear,Not Collision with Motor Vehicle in Transport,no,no,no,no,no,False
100883450,METROPOLITAN NASHVILLE POLICE DEPT,20150648453,Davidson,Nashville,7/8/2015 2:30:00 PM,2,0,0,36.098230,-86.656190,OLD MURFREESBORO PIKE,,,,643.00,Feet,North,US HWY 41,,,,0.00,N,Not at Intersection, ,Non-Junction,None,,,         ,Darryl,Williams,Clear,Front to Rear,no,no,no,no,no,False
100883451,METROPOLITAN NASHVILLE POLICE DEPT,20150648817,Davidson,Nashville,7/8/2015 4:45:00 PM,2,0,0,36.191970,-86.781520,I 65,,,,0.00,,,,,,,86.25,N,Not at Intersection, ,Non-Junction,None,,,         ,Ethan,Luffman,Clear,Front to Rear,no,no,no,no,no,False
100883454,GOODLETTSVILLE POLICE DEPT,15-25769,Davidson,Goodlettsville,7/8/2015 5:33:00 PM,3,1,0,36.324054,-86.701072,CONFERENCE,DR,,,100.00,Feet,North,NORTHGATE,CIR,,,0.00,N,Not at Intersection,N,Non-Junction,None,,,         ,Charles,Hauskin,Clear,"Sideswipe, Same Direction",no,no,no,no,no,False
100883464,METROPOLITAN NASHVILLE POLICE DEPT,20150649895,Davidson,Nashville,7/8/2015 10:15:00 PM,2,0,0,36.213260,-86.762480,DELLWAY VILLA RD,,,,613.00,Feet,East,US HWY 31W,,,,0.00,N,Not at Intersection,N,Non-Junction,None,,,         ,Audrey,Fellingham,Clear,HeadOn,no,no,no,yes,no,False
100883471,METROPOLITAN NASHVILLE POLICE DEPT,20150649037,Davidson,Antioch,7/8/2015 5:55:00 PM,1,1,0,36.068070,-86.586370,STATE HWY 171,,,,373.00,Feet,West,SMITH SPRINGS PKWY,,,,0.00,N,Not at Intersection,N,Non-Junction,None,,,         ,Kevin,Keating,Clear,Not Collision with Motor Vehicle in Transport,no,no,no,no,no,False
100883472,METROPOLITAN NASHVILLE POLICE DEPT,20150649136,Davidson,Antioch,7/8/2015 6:17:00 PM,3,1,0,0.000000,0.000000,MURFREESBORO PKE,,,,0.00,,,MT VIEW RD,,SR,,0.00,Y,Four-Way,N,Intersection-Related,None,,,         ,Kevin,Keating,Clear,Front to Rear,no,no,no,no,no,False
100883473,METROPOLITAN NASHVILLE POLICE DEPT,20150649887,Davidson,Nashville,7/8/2015 10:12:00 PM,2,0,0,36.040980,-86.779410,FRANKLIN PIKE CIR,,,,0.00,Feet,,STATE HWY 254,,,,0.00,Y,T-Intersection,N,Intersection,None,,,         ,Mekisha,Page,Clear,Front to Rear,no,no,no,no,no,False
100883482,METROPOLITAN NASHVILLE POLICE DEPT,20150650137,Davidson,Nashville,7/8/2015 9:44:00 PM,2,0,0,36.114860,-86.719630,GLENROSE AVE,,,,0.00,,,E THOMPSON LN,,,,0.00,Y,Four-Way,N,Non-Junction,None,,,         ,richard,haley,Clear,"Sideswipe, Same Direction",no,no,no,no,yes,False
100883483,METROPOLITAN NASHVILLE POLICE DEPT,20150650302,Davidson,Nashville,7/9/2015 12:36:00 AM,2,0,0,36.047080,-86.647990,MOUNT VIEW RD,,,,0.00,,,BELL FORGE LN E,,,,0.00,Y,T-Intersection, ,,None,,,         ,Steven,Williams,,,no,no,no,no,no,False
100883486,METROPOLITAN NASHVILLE POLICE DEPT,20150637966,Davidson,Nashville,7/5/2015 2:30:00 AM,2,0,0,36.161200,-86.792650,US HWY 70,,,,0.00,,,CHARLOTTE AVE,,,,0.00,Y,Four-Way, ,Non-Junction,None,,,         ,William,Thorowgood,Clear,Front to Rear,no,no,no,no,no,False
100883493,METROPOLITAN NASHVILLE POLICE DEPT,20150647069,Davidson,Nashville,7/8/2015 5:55:00 AM,2,0,0,36.176870,-86.774480,SPRING ST,,,,0.00,,,N 1ST ST,,,,0.00,Y,Four-Way, ,Intersection,None,,,         ,Kelcey,Bell,Cloudy,Angle,no,no,no,no,no,False
100883496,METROPOLITAN NASHVILLE POLICE DEPT,20150650222,Davidson,Nashville,7/9/2015 12:10:00 AM,1,0,0,36.171440,-86.752320,S 10TH ST,,,,43.00,Feet,North,SHELBY AVE,,,,0.00,N,Not at Intersection,N,Non-Junction,None,,,         ,Christopher,Valdez,Clear,Not Collision with Motor Vehicle in Transport,no,no,no,no,no,False
100883550,METROPOLITAN NASHVILLE POLICE DEPT,20150650641,Davidson,Nashville,7/9/2015 2:13:00 AM,2,0,0,36.082600,-86.698030,I 24,,,,0.00,,,,,,,56.00,N,Not at Intersection,N,Non-Junction,None,,,         ,William,Williams,Clear,"Sideswipe, Same Direction",no,no,no,no,yes,False
100883553,METROPOLITAN NASHVILLE POLICE DEPT,20150650704,Davidson,Nashville,7/9/2015 3:45:00 AM,1,0,0,36.211090,-86.775700,I 65,,,,0.00,,,,,,,87.70,N,Not at Intersection,N,Non-Junction,Construction Zone,Work On Shoulder Or Median,Activity Area,         ,Andrew,Mrosla,Clear,Not Collision with Motor Vehicle in Transport,no,no,no,no,no,False
100883554,METROPOLITAN NASHVILLE POLICE DEPT,2015-0649956,Davidson,Nashville,7/8/2015 9:58:00 PM,2,0,0,36.165480,-86.794400,-- UNKNOWN RAMP/ROAD --,,,,0.00,Feet,East,I 40,,,,0.00,N,Not at Intersection, ,,Construction Zone,,,         ,Barry,Scarbrough,,,no,no,no,no,no,False