master_record_number,agency,agency_tracking_number,county,city,collision_date,vehicles_involved,number_injured,number_dead,latitude,longitude,roadway_name,roadway_suffix,roadway_number,roadway_local_id,distance_from_reference,miles-feet_indicator,direction_from_reference,intersection_road_name,intersection_road_name_suffix,intersection_road_number,intersection_local_id,mile_marker,intersection_indicator,intersect_type,interchange_related_indicator,relation_to_junction,work_zone_type,construction_maintenance_zone,construction_maintenance_zone_location,fatal_case_number,officer_first_name,officer_last_name,weather_condition(s),manner_of_crash,pedestrian,bicycle,scooter,parking,hitrun,mou
100885298,METROPOLITAN NASHVILLE POLICE DEPT,20150660758,Davidson,Nashville,7/12/2015 2:28:00 PM,2,1,0,36.163210,-86.761930,I 24,,,,0.00,,,,,,,49.25,N,Not at Intersection,N,Non-Junction,None,,,         ,Blaze,Williams,Clear,Front to Rear,no,no,no,no,no,False
100885312,METROPOLITAN NASHVILLE POLICE DEPT,20150660893,Davidson,Nashville,7/12/2015 3:40:00 PM,2,0,0,36.161880,-86.779330,COMMERCE ST,,,,0.00,,,5TH AVE N,,,,0.00,Y,Four-Way, ,,None,,,         ,Mikala,Moore,,,no,no,no,no,no,False
100885319,METROPOLITAN NASHVILLE POLICE DEPT,20150660783,Davidson,Nashville,7/12/2015 1:56:00 PM,2,0,0,36.028810,-86.648930,CANE RIDGE RD,,,,0.00,,,OLD FRANKLIN RD,,,,0.00,Y,Four-Way,N,Intersection,None,,,         ,Kevin,Keating,Rain,Angle,no,no,no,no,no,False
100885330,METROPOLITAN NASHVILLE POLICE DEPT,20150660937,Davidson,Nashville,7/12/2015 4:07:00 PM,2,0,0,36.135850,-86.726720,I 24,,,,0.00,,,,,,,52.20,N,Not at Intersection,N,Non-Junction,None,,,         ,Leslie,Hale,Clear,"Sideswipe, Same Direction",no,no,no,no,no,False
100885332,METROPOLITAN NASHVILLE POLICE DEPT,20150656763,Davidson,Nashville,7/10/2015 9:00:00 PM,1,0,0,36.046950,-86.661600,I 24,,,,0.00,,,,,,,59.25,N,Not at Intersection, ,,None,,,         ,Jessie,Meadows,,,no,no,no,no,no,False
100885334,METROPOLITAN NASHVILLE POLICE DEPT,20150660980,Davidson,Nashville,7/12/2015 4:26:00 PM,2,0,0,36.135730,-86.725080,US HWY 41,,,,21.00,Feet,West,SPENCE LN,,,,0.00,N,Not at Intersection, ,Non-Junction,None,,,         ,Michael,Moss,Clear,Front to Rear,no,no,no,no,no,False
100885336,METROPOLITAN NASHVILLE POLICE DEPT,20150660989,Davidson,Nashville,7/12/2015 4:29:00 PM,2,0,0,36.090100,-86.733690,US HWY 31 ALT,,,,0.00,,,ZOO RD,,,,0.00,Y,Four-Way,N,Intersection-Related,None,,,         ,Tien,Nguyen,Clear,Angle,no,no,no,no,no,False
100885338,METROPOLITAN NASHVILLE POLICE DEPT,20150660929,Davidson,Nashville,7/12/2015 4:00:00 PM,2,0,0,36.186140,-86.775230,I 24,,,,0.00,,,,,,,47.20,N,Not at Intersection, ,,None,,,         ,Clinton,Schroeder,,,no,no,no,no,no,False
100885349,METROPOLITAN NASHVILLE POLICE DEPT,20150660806,Davidson,Nashville,7/12/2015 3:00:00 PM,2,2,0,36.179840,-86.798540,DELTA AVE,,,,0.00,,,GARFIELD ST,,,,0.00,Y,OTHER,N,Intersection,None,,,         ,Ashton,Hill,Clear,Angle,no,no,no,no,no,False
100885351,METROPOLITAN NASHVILLE POLICE DEPT,20150661134,Davidson,Nashville,7/12/2015 5:54:00 PM,2,0,0,36.152950,-86.683690,ELM HILL PIKE,,,,0.00,,,RAMP,,,,0.00,Y,Four-Way, ,Non-Junction,None,,,         ,Leslie,Hale,Clear,Front to Rear,no,no,no,no,no,False
100885356,METROPOLITAN NASHVILLE POLICE DEPT,20150658438,Davidson,Nashville,7/11/2015 2:12:00 PM,2,1,0,36.181110,-86.795050,GARFIELD ST,,,,0.00,,,7TH AVE N,,,,0.00,Y,Four-Way,N,Intersection,None,,,         ,Ky,Luu,Clear,Angle,no,no,no,no,no,False
100885359,METROPOLITAN NASHVILLE POLICE DEPT,20150661129,Davidson,Nashville,7/12/2015 5:39:00 PM,2,1,0,36.213330,-86.588850,TULIP GROVE RD,,,,192.00,Feet,South,RALEIGH DR,,,,0.00,N,Not at Intersection,N,Non-Junction,None,,,         ,Jacob,Halouska,Clear,Front to Rear,no,no,no,no,no,False
100885362,METROPOLITAN NASHVILLE POLICE DEPT,20150661042,Davidson,Nashville,7/12/2015 4:55:00 PM,3,0,0,36.191730,-86.783570,I 65,,,,0.00,,,,,,,86.10,N,Not at Intersection,N,Non-Junction,None,,,         ,Christopher,Littles,Clear,Front to Rear,no,no,no,no,no,False
100885363,METROPOLITAN NASHVILLE POLICE DEPT,20150641560,Davidson,Nashville,7/6/2015 2:48:00 PM,2,0,0,36.134230,-86.779540,WEDGEWOOD AVE,,,,111.00,Feet,West,US HWY 31,,,,0.00,N,Not at Intersection, ,Non-Junction,None,,,         ,Miguel,Garcia,Clear,Angle,no,no,no,no,no,False
100885367,METROPOLITAN NASHVILLE POLICE DEPT,20150661161,Davidson,Nashville,7/12/2015 6:15:00 PM,2,1,0,36.090950,-86.651120,US HWY 41,,,,0.00,,,BOROWOOD DR,,,,0.00,Y,OTHER,N,Intersection,None,,,         ,James,Williams,Clear,Front to Rear,no,no,no,no,no,False
100885373,METROPOLITAN NASHVILLE POLICE DEPT,20150658652,Davidson,Not in City Limit,7/11/2015 4:25:00 PM,1,0,0,36.352340,-86.879850,US HWY 431,,,,0.00,,,BAXTER RD,,,,0.00,Y,OTHER,N,Non-Junction,None,,,         ,James,Wray,Clear,Not Collision with Motor Vehicle in Transport,no,no,no,no,yes,False
100885376,METROPOLITAN NASHVILLE POLICE DEPT,20150661085,Davidson,Nashville,7/12/2015 5:27:00 PM,2,0,0,36.171570,-86.679500,PARK DR,,,,0.00,,,MCGAVOCK PIKE,,,,0.00,Y,T-Intersection, ,Intersection,None,,,         ,Bryan,Byrnes,Clear,Front to Rear,no,no,no,no,no,False
100885378,METROPOLITAN NASHVILLE POLICE DEPT,20150661203,Davidson,Nashville,7/12/2015 5:26:00 PM,3,0,0,36.132910,-86.726740,I 24,,,,0.00,,,,,,,52.00,N,Not at Intersection,N,Non-Junction,None,,,         ,James,Tidwell,Clear,Front to Rear,no,no,no,no,no,False
100885385,METROPOLITAN NASHVILLE POLICE DEPT,20150658407,Davidson,Nashville,7/11/2015 2:00:00 PM,2,0,0,36.180890,-86.795540,GARFIELD ST,,,,162.00,Feet,West,7TH AVE N,,,,0.00,N,Not at Intersection,N,Non-Junction,None,,,         ,Ky,Luu,Clear,Other,no,no,no,no,no,False
100885386,METROPOLITAN NASHVILLE POLICE DEPT,20150661157,Davidson,Not in City Limit,7/12/2015 2:40:00 PM,2,0,0,36.276020,-86.767870,GOOD DAY CT,,,,557.00,Feet,North,STATE HWY 45,,,,0.00,N,Not at Intersection, ,Non-Junction,None,,,         ,Landon,Bagwell,Clear,Rear to Rear,no,no,no,no,no,False
100885395,METROPOLITAN NASHVILLE POLICE DEPT,20150661171,Davidson,Nashville,7/12/2015 6:00:00 PM,2,0,0,36.190920,-86.615210,OLD LEBANON DIRT RD,,,,0.00,,,STATE HWY 45,,,,0.00,Y,OTHER, ,Non-Junction,None,,,         ,Darryl,Williams,Clear,Front to Rear,no,no,no,no,no,False
100885396,METROPOLITAN NASHVILLE POLICE DEPT,20150660825,Davidson,Nashville,7/12/2015 3:19:00 PM,2,1,0,36.211160,-86.775690,I 65,,,,0.00,,,,,,,87.70,N,Not at Intersection,Y,Non-Junction,None,,,         ,Kevin,Reynolds,Clear,"Sideswipe, Same Direction",no,no,no,no,no,False
100885397,METROPOLITAN NASHVILLE POLICE DEPT,20150661210,Davidson,Nashville,7/12/2015 6:35:00 PM,2,0,0,36.135640,-86.726720,I 24,,,,0.00,,,,,,,52.20,N,Not at Intersection,N,Non-Junction,None,,,         ,Colby,Mathis,Clear,Front to Rear,no,no,no,no,no,False
100885398,METROPOLITAN NASHVILLE POLICE DEPT,20150661208,Davidson,Nashville,7/12/2015 6:46:00 PM,3,0,0,36.169560,-86.678190,US HWY 70,,,,501.00,Feet,East,MCGAVOCK PIKE,,,,0.00,N,Not at Intersection,N,Non-Junction,None,,,         ,Bryan,Byrnes,Clear,Angle,no,no,no,no,yes,False
100885410,METROPOLITAN NASHVILLE POLICE DEPT,20150661207,Davidson,Nashville,7/12/2015 6:48:00 PM,2,1,0,36.040940,-86.773420,OAKES DR,,,,0.00,,,AMERICAN GENERAL WAY,,,,0.00,Y,Four-Way,N,Intersection-Related,None,,,         ,Tien,Nguyen,Clear,Angle,no,no,no,no,no,False
100885411,METROPOLITAN NASHVILLE POLICE DEPT,20150660461,Davidson,Nashville,7/12/2015 10:00:00 AM,2,0,0,36.179190,-86.800800,I 65,,,,0.00,,,,,,,84.95,N,Not at Intersection, ,Non-Junction,None,,,         ,Ky,Luu,Clear,"Sideswipe, Same Direction",no,no,no,no,no,False
100885447,THP District 3 - Nashville,315035485,Davidson,Nashville,7/8/2015 5:00:00 PM,2,1,0,36.032110,-86.783400,I 65,,,,0.00,,,,,,,74.10,N,Not at Intersection,N,Non-Junction,None,,,         ,Carl,Seagroves,Clear,Front to Rear,no,no,no,no,no,False
100885448,METROPOLITAN NASHVILLE POLICE DEPT,20150661250,Davidson,Nashville,7/12/2015 7:22:00 PM,1,1,0,36.143510,-86.882530,I 40,,,,0.00,,,,,,,202.40,N,Not at Intersection,N,Non-Junction,None,,,         ,Jeremy,Huffine,Clear,Not Collision with Motor Vehicle in Transport,no,no,no,no,no,False
100885460,METROPOLITAN NASHVILLE POLICE DEPT,20150661240,Davidson,Nashville,7/12/2015 6:45:00 PM,2,2,0,36.087740,-86.607180,ANDERSON RD,,,,0.00,,,SMITH SPRINGS RD,,,,0.00,Y,Four-Way,N,Non-Junction,None,,,         ,Randy,Heinze,Clear,Angle,no,no,no,no,yes,False
100885473,METROPOLITAN NASHVILLE POLICE DEPT,20150661374,Davidson,Nashville,7/12/2015 5:05:00 PM,2,0,0,36.067540,-86.718540,US HWY 31 ALT,,,,287.00,Feet,South,HAYWOOD LN,,,,0.00,N,Not at Intersection,N,Non-Junction,None,,,         ,Jared,Jenkins,Clear,Front to Rear,no,no,no,no,yes,False
100885474,METROPOLITAN NASHVILLE POLICE DEPT,20150661091,Davidson,Nashville,7/12/2015 5:20:00 PM,2,1,0,36.055040,-86.642420,STATE HWY 254,,,,0.00,,,ZELIDA AVE,,,,0.00,Y,T-Intersection,Y,Intersection,None,,,         ,Ian,Lynch,Clear,HeadOn,no,no,no,no,no,False
100885503,METROPOLITAN NASHVILLE POLICE DEPT,20150661743,Davidson,Nashville,7/12/2015 11:57:00 PM,2,0,0,36.113950,-86.810680,STATE HWY 155,,,,60.00,Feet,East,US HWY 431,,,,0.00,N,Not at Intersection, ,Non-Junction,None,,,         ,Steven,Popp,Clear,Front to Rear,no,no,no,no,no,False
100885514,METROPOLITAN NASHVILLE POLICE DEPT,20150661831,Davidson,Antioch,7/13/2015 12:20:00 AM,2,1,0,36.009340,-86.615020,I 24,,,,0.00,,,,,,,63.00,N,Not at Intersection,N,Non-Junction,None,,,         ,Eugene,Martino,Clear,Front to Rear,no,no,no,no,yes,False
100885529,METROPOLITAN NASHVILLE POLICE DEPT,2015661719,Davidson,Nashville,7/13/2015 12:00:00 AM,2,0,0,0.000000,0.000000,DICERSON,PIKE,,,100.00,Feet,East,,,,,1.00,N,Not at Intersection, ,,,,,         ,Joshua,Chick,,,no,no,no,yes,no,False
100885550,METROPOLITAN NASHVILLE POLICE DEPT,20150662170,Davidson,Nashville,7/13/2015 3:55:00 AM,1,0,0,36.182290,-86.893510,COCKRILL BEND CIR,,,,2286.00,Feet,North,COCKRILL BEND BLVD,,,,0.00,N,Not at Intersection, ,Non-Junction,None,,,         ,Jeremy,Kidd,Clear,Not Collision with Motor Vehicle in Transport,no,no,no,no,no,False
100885555,METROPOLITAN NASHVILLE POLICE DEPT,20150662198,Davidson,Nashville,7/13/2015 4:55:00 AM,1,0,0,36.230370,-86.605160,SHUTE LN,,,,775.00,Feet,East,BRANDYWINE POINT BLVD,,,,0.00,N,Not at Intersection,N,Non-Junction,None,,,         ,Curtis,Fisher,Clear,Not Collision with Motor Vehicle in Transport,no,no,no,no,no,False
100885565,METROPOLITAN NASHVILLE POLICE DEPT,20150662070,Davidson,Nashville,7/13/2015 3:15:00 AM,2,2,0,36.141260,-86.664400,I 40,,,,0.00,,,,,,,218.00,N,Not at Intersection,N,Non-Junction,None,,,         ,Andy,Esqueda,Clear,Front to Rear,no,no,no,no,no,False
100885566,METROPOLITAN NASHVILLE POLICE DEPT,20150661706,Davidson,Nashville,7/13/2015 10:19:00 PM,2,0,0,36.165970,-86.779920,DEADERICK ST,,,,137.00,Feet,East,4TH AVE N,,,,0.00,N,Not at Intersection, ,,,,,         ,Kelcey,Bell,,,no,no,no,no,no,False
100885574,METROPOLITAN NASHVILLE POLICE DEPT,20150660753,Davidson,Nashville,7/12/2015 2:20:00 PM,2,0,0,36.256560,-86.676000,CHEYENNE BLVD,,,,601.00,Feet,East,MANZANO RD,,,,0.00,N,Not at Intersection, ,OtherLocation,None,,,         ,William,Coy,Clear,Angle,no,no,no,yes,yes,False
100885575,METROPOLITAN NASHVILLE POLICE DEPT,20150660719,Davidson,Nashville,7/12/2015 1:45:00 PM,2,0,0,36.079000,-86.728030,STATE HWY 255,,,,288.00,Feet,West,RAMP,,,,0.00,N,Not at Intersection, ,Non-Junction,None,,,         ,Richard,Conger,Cloudy,Angle,no,no,no,no,no,False
100885580,METROPOLITAN NASHVILLE POLICE DEPT,20150660748,Davidson,Nashville,7/12/2015 2:00:00 PM,2,1,0,36.031990,-86.759660,CLOVERLAND DR,,,,181.00,Feet,East,CLOVERMEADE DR,,,,0.00,N,Not at Intersection,N,Non-Junction,None,,,         ,John,Daugherty,Clear,Front to Rear,no,no,no,no,no,False
100885586,METROPOLITAN NASHVILLE POLICE DEPT,20150662374,Davidson,Nashville,7/13/2015 7:09:00 AM,2,0,0,36.141420,-86.666450,STATE HWY 255,,,,269.00,Feet,South,RAMP,,,,0.00,N,Not at Intersection, ,Non-Junction,None,,,         ,James,Curtis,Clear,Front to Rear,no,no,no,no,no,False
100885587,METROPOLITAN NASHVILLE POLICE DEPT,20150653187,Davidson,Nashville,7/9/2015 8:43:00 PM,2,0,0,36.177330,-86.756930,RAMSEY ST,,,,0.00,,,N 9TH ST,,,,0.00,Y,Four-Way, ,Intersection,None,,,         ,Whitney,Arnold,Clear,Angle,no,no,no,no,no,False
100885592,METROPOLITAN NASHVILLE POLICE DEPT,2015-0662368,Davidson,Nashville,7/13/2015 6:45:00 AM,2,0,0,36.047540,-86.656040,HICKORY HOLLOW PKWY,,,,0.00,,,STATE HWY 254,,,,0.00,Y,Four-Way, ,Non-Junction,None,,,         ,John,Neely,Clear,Front to Rear,no,no,no,no,no,False
100885595,METROPOLITAN NASHVILLE POLICE DEPT,2015-0660745,Davidson,Nashville,7/12/2015 2:45:00 PM,4,0,0,36.232530,-86.825150,BUENA VISTA PIKE,,,,50.00,Feet,South,STATE HWY 155,,,,0.00,N,Not at Intersection,N,Non-Junction,None,,,         ,William,Caillouette,Rain,Front to Rear,no,no,no,no,no,False
100885608,METROPOLITAN NASHVILLE POLICE DEPT,20150662445,Davidson,Nashville,7/13/2015 7:45:00 AM,2,0,0,36.204800,-86.724310,RIVERSIDE DR,,,,0.00,,,MCGAVOCK PIKE,,,,0.00,Y,Four-Way, ,Non-Junction,None,,,         ,William,Crowe,Clear,Rear to Rear,no,no,no,no,no,False
100885609,METROPOLITAN NASHVILLE POLICE DEPT,20150662422,Davidson,Nashville,7/13/2015 7:40:00 AM,2,3,0,36.039700,-86.759660,STATE HWY 254,,,,52.00,Feet,East,BRENTWOOD CHASE DR,,,,0.00,N,Not at Intersection,N,Non-Junction,None,,,         ,Reuben,Hewit,Clear,Front to Rear,no,no,no,no,no,False
100885615,METROPOLITAN NASHVILLE POLICE DEPT,20150662430,Davidson,Nashville,7/13/2015 7:45:00 AM,2,0,0,36.174840,-86.771320,I 24,,,,0.00,,,,,,,48.10,N,Not at Intersection,N,Non-Junction,None,,,         ,Johnny,Crumby Jr.,Clear,Front to Rear,no,no,no,no,no,False
100885641,METROPOLITAN NASHVILLE POLICE DEPT,20150662388,Davidson,Nashville,7/13/2015 7:20:00 AM,4,0,0,36.285080,-86.728800,I 65,,,,0.00,,,,,,,93.80,N,Not at Intersection,N,Non-Junction,None,,,         ,Brian,Otto,Clear,Angle,no,no,no,no,no,False
100885643,METROPOLITAN NASHVILLE POLICE DEPT,20150662739,Davidson,Nashville,7/13/2015 9:56:00 AM,1,0,0,36.195180,-86.724930,PORTER RD,,,,0.00,,,CAHAL AVE,,,,0.00,Y,OTHER, ,,,,,         ,Eric,Westbrook,,,no,no,no,no,no,False
100885644,METROPOLITAN NASHVILLE POLICE DEPT,20150660714,Davidson,Nashville,7/12/2015 2:00:00 PM,2,0,0,36.191060,-86.767510,MERIDIAN ST,,,,323.00,Feet,North,EVANSTON AVE,,,,0.00,N,Not at Intersection, ,"Driveway, Alley Access, etc",None,,,         ,Aaron,Wigginton,Clear,Rear to Side,no,no,no,yes,no,False
100885662,METROPOLITAN NASHVILLE POLICE DEPT,20150660657,Davidson,Old Hickory,7/12/2015 12:54:00 PM,3,3,0,36.247480,-86.641270,STATE HWY 45,,,,0.00,,,24TH ST,,,,0.00,Y,T-Intersection,N,Intersection-Related,None,,,         ,Craig,Carlson,Cloudy,Front to Rear,no,no,no,no,no,False
100885665,METROPOLITAN NASHVILLE POLICE DEPT,20150660562,Davidson,Nashville,7/12/2015 9:35:00 AM,2,0,0,36.045310,-86.701660,STATE HWY 254,,,,0.00,,,OLD HICKORY BLVD,,,,0.00,Y,Four-Way,N,Intersection,None,,,         ,Brian,Lamb,Clear,Angle,no,no,no,no,yes,False
100885682,GOODLETTSVILLE POLICE DEPT,15-26451,Davidson,Goodlettsville,7/13/2015 8:05:00 AM,2,0,0,36.323900,-86.705180,I 65,,,,0.00,,,,,,,97.00,N,Not at Intersection,N,Non-Junction,None,,,         ,Daniel,Knalls,Clear,Front to Rear,no,no,no,no,no,False
100885685,METROPOLITAN NASHVILLE POLICE DEPT,2015-0662938,Davidson,Nashville,7/13/2015 11:10:00 AM,1,0,0,36.181320,-86.774590,I 24,,,,0.00,,,,,,,47.60,N,Not at Intersection, ,,None,,,         ,Coleman,Womack,,,no,no,no,no,no,False
100885696,METROPOLITAN NASHVILLE POLICE DEPT,20150660622,Davidson,Nashville,7/12/2015 12:22:00 PM,1,1,0,36.056370,-86.664270,MOUNT VIEW RD,,,,1310.00,Feet,West,HIGHLANDER DR,,,,0.00,N,Not at Intersection,N,Non-Junction,None,,,         ,Brian,Lamb,Clear,Not Collision with Motor Vehicle in Transport,no,no,no,no,no,False
100885697,METROPOLITAN NASHVILLE POLICE DEPT,20150662512,Davidson,Nashville,7/13/2015 8:18:00 AM,4,1,0,36.171820,-86.768250,US HWY 31,,,,0.00,,,EXIT 48,,,,0.00,Y,OTHER,Y,Intersection-Related,None,,,         ,Joshua,Hollins,Clear,Front to Rear,no,no,no,no,no,False
100885700,METROPOLITAN NASHVILLE POLICE DEPT,20150663073,Davidson,Nashville,7/13/2015 12:04:00 PM,2,0,0,36.154280,-86.792900,16TH AVE S,,,,0.00,,,US HWY 70S,,,,0.00,Y,Four-Way,N,Intersection-Related,None,,,         ,Joshua,Dickall,Clear,Front to Rear,no,no,no,no,yes,False
100885701,METROPOLITAN NASHVILLE POLICE DEPT,20150658427,Davidson,Nashville,7/11/2015 3:38:00 PM,2,0,0,36.161320,-86.776580,US HWY 70,,,,201.00,Feet,East,4TH AVE N,,,,0.00,N,Not at Intersection, ,,None,,,         ,Joshua,Hollins,,,no,no,no,no,no,False
100885702,METROPOLITAN NASHVILLE POLICE DEPT,2015-0663098,Davidson,Nashville,7/13/2015 12:10:00 PM,2,0,0,36.087850,-86.921110,WOODBURY FALLS DR,,,,119.00,Feet,West,STATE HWY 251,,,,0.00,N,Not at Intersection, ,,None,,,         ,Curtis,Rich,,,no,no,no,no,no,False
100885707,METROPOLITAN NASHVILLE POLICE DEPT,2015-0655330,Davidson,Nashville,7/10/2015 1:09:00 PM,1,1,0,36.090080,-86.732210,US HWY 31 ALT,,,,436.00,Feet,East,ZOO RD,,,,0.00,N,Not at Intersection,N,OtherLocation,None,,,         ,William,Whitworth,Clear,Not Collision with Motor Vehicle in Transport,no,no,no,yes,no,False
100885708,METROPOLITAN NASHVILLE POLICE DEPT,2015-0662336,Davidson,Nashville,7/13/2015 6:38:00 AM,2,3,0,36.044640,-86.713070,US HWY 31 ALT,,,,148.00,Feet,South,STATE HWY 254,,,,0.00,N,Not at Intersection,N,"Driveway, Alley Access, etc",None,,,         ,William,Whitworth,Clear,Angle,no,no,no,no,no,False
100885709,METROPOLITAN NASHVILLE POLICE DEPT,2015-0662492,Davidson,Antioch,7/13/2015 8:06:00 AM,2,1,0,36.030450,-86.588960,LAVERGNE COUCHVILLE PIKE,,,,0.00,,,HICKORY WAY,,,,0.00,Y,Four-Way,N,Intersection,None,,,         ,William,Whitworth,Clear,Front to Rear,no,no,no,no,no,False
100885710,METROPOLITAN NASHVILLE POLICE DEPT,15-0662984,Davidson,Nashville,7/13/2015 11:25:00 AM,2,0,0,36.165550,-86.778580,3RD AVE N,,,,0.00,,,UNION ST,,,,0.00,Y,Four-Way, ,Intersection,None,,,         ,Frank,Campbell,Clear,"Sideswipe, Same Direction",no,no,no,no,no,False
100885729,METROPOLITAN NASHVILLE POLICE DEPT,20150663230,Davidson,Nashville,7/13/2015 11:20:00 AM,2,0,0,36.168450,-86.779140,2ND AVE N,,,,318.00,Feet,North,US HWY 31,,,,0.00,N,Not at Intersection, ,Non-Junction,None,,,         ,Jessie,Loy,Clear,"Sideswipe, Same Direction",no,no,no,no,no,False
100885732,METROPOLITAN NASHVILLE POLICE DEPT,20150663238,Davidson,Nashville,7/13/2015 12:30:00 PM,2,0,0,36.165610,-86.606620,BELL RD,,,,1147.00,Feet,West,EXIT 221A,,,,0.00,N,Not at Intersection,N,Non-Junction,None,,,         ,Craig,Carlson,Clear,Angle,no,no,no,yes,yes,False
100885733,METROPOLITAN NASHVILLE POLICE DEPT,20150663083,Davidson,Nashville,7/13/2015 11:51:00 AM,3,2,0,36.171300,-86.769220,US HWY 31,,,,70.00,Feet,West,INTERSTATE DR,,,,0.00,N,Not at Intersection,Y,OtherLocation,None,,,         ,Joshua,Hollins,Clear,Front to Rear,no,no,no,no,yes,False
100885735,METROPOLITAN NASHVILLE POLICE DEPT,20150663092,Davidson,Nashville,7/13/2015 12:12:00 PM,2,0,0,36.132240,-86.779090,US HWY 31,,,,99.00,Feet,South,BENTON AVE,,,,0.00,N,Not at Intersection, ,Non-Junction,None,,,         ,Paul,Joyner,Clear,Front to Rear,no,no,no,no,no,False
100885739,VANDERBILT UNIVERSITY POLICE,15-0663226,Davidson,Nashville,7/13/2015 7:30:00 AM,2,0,0,36.139250,-86.806050,CHILDRENS WAY,,,,0.00,,,,,,,0.00,,, ,,None,,,         ,Errikka,Wilbourn,,,no,no,no,yes,no,Campus
100885740,METROPOLITAN NASHVILLE POLICE DEPT,20150663190,Davidson,Nashville,7/13/2015 12:00:00 PM,2,0,0,36.107330,-86.810210,GLEN ECHO RD,,,,0.00,,,,,,,0.00,,, ,,,,,         ,Jason,Picanzo,,,no,no,no,yes,no,False
100885741,METROPOLITAN NASHVILLE POLICE DEPT,20150663240,Davidson,Nashville,7/13/2015 1:02:00 PM,2,0,0,36.196310,-86.776740,BRICK CHURCH PIKE,,,,216.00,Feet,North,FERN AVE,,,,0.00,N,Not at Intersection, ,,None,,,         ,Michael,McCord,,,no,no,no,no,no,False
100885743,METROPOLITAN NASHVILLE POLICE DEPT,2015-0662586,Davidson,Nashville,7/13/2015 8:40:00 AM,3,1,0,36.165500,-86.794560,I 40,,,,0.00,,,,,,,208.40,N,Not at Intersection,N,Non-Junction,None,,,         ,David,Barras,Clear,Front to Rear,no,no,no,no,yes,False
100885750,METROPOLITAN NASHVILLE POLICE DEPT,20150662760,Davidson,Nashville,7/13/2015 9:53:00 AM,2,0,0,36.160780,-86.793680,EXIT 209,,,,0.00,,,I 40,,,,0.00,Y,OTHER, ,Intersection,None,,,         ,Erik,Wagner,Clear,Angle,no,no,no,no,no,False
100885751,METROPOLITAN NASHVILLE POLICE DEPT,20150662367,Davidson,Nashville,7/13/2015 7:03:00 AM,2,0,0,36.161380,-86.793360,I 40,,,,0.00,,,,,,,208.70,N,Not at Intersection, ,Entrance/Exit Ramp Related,None,,,         ,Erik,Wagner,Clear,"Sideswipe, Same Direction",no,no,no,no,yes,False
100885752,METROPOLITAN NASHVILLE POLICE DEPT,20150654543,Davidson,Nashville,7/10/2015 7:12:00 AM,2,0,0,36.058520,-86.719300,TUSCULUM RD,,,,0.00,,,HASTY DR,,,,0.00,Y,Four-Way,N,Intersection,None,,,         ,Erik,Wagner,Clear,Angle,no,no,no,no,no,False
100885753,METROPOLITAN NASHVILLE POLICE DEPT,20150654733,Davidson,Nashville,7/10/2015 8:42:00 AM,1,1,0,36.092850,-86.746440,MCNALLY DR,,,,146.00,Feet,East,VULCAN DR,,,,0.00,N,Not at Intersection,N,Non-Junction,None,,,         ,Erik,Wagner,Clear,Not Collision with Motor Vehicle in Transport,no,no,no,no,no,False
100885754,METROPOLITAN NASHVILLE POLICE DEPT,20150655283,Davidson,Nashville,7/10/2015 12:23:00 PM,2,0,0,36.128960,-86.800040,ASHWOOD AVE,,,,160.00,Feet,East,20TH AVE S,,,,0.00,N,Not at Intersection,N,"Driveway, Alley Access, etc",None,,,         ,Erik,Wagner,Clear,Angle,no,no,no,no,yes,False
100885758,METROPOLITAN NASHVILLE POLICE DEPT,20150663141,Davidson,Nashville,7/13/2015 12:25:00 PM,2,0,0,36.152900,-86.842270,46TH AVE N,,,,151.00,Feet,South,ALABAMA AVE,,,,0.00,N,Not at Intersection,N,Non-Junction,None,,,         ,Daniel,Alford,Clear,Angle,no,no,no,no,no,False
100885780,METROPOLITAN NASHVILLE POLICE DEPT,20150663473,Davidson,Nashville,7/13/2015 2:35:00 PM,2,0,0,36.152560,-86.771720,4TH AVE S,,,,95.00,Feet,North,ASH ST,,,,0.00,N,Not at Intersection, ,Non-Junction,None,,,         ,Blaze,Williams,Clear,"Sideswipe, Same Direction",no,no,no,no,no,False
100885788,METROPOLITAN NASHVILLE POLICE DEPT,20150661375,Davidson,Nashville,7/12/2015 8:20:00 PM,2,1,0,36.236490,-86.781020,BRICK CHURCH PIKE,,,,206.00,Feet,South,-- UNKNOWN RAMP/ROAD --,,,,0.00,N,Not at Intersection,N,Non-Junction,None,,,         ,Landon,Bagwell,Clear,Unknown,no,no,no,no,yes,False
100885795,METROPOLITAN NASHVILLE POLICE DEPT,2015-0661495,Davidson,Nashville,7/12/2015 8:00:00 PM,2,0,0,36.142830,-86.883450,I 40,,,,0.00,,,,,,,202.30,N,Not at Intersection,N,Non-Junction,None,,,         ,Christopher,Clark,Clear,Front to Rear,no,no,no,no,no,False
100885798,METROPOLITAN NASHVILLE POLICE DEPT,20150663470,Davidson,Nashville,7/13/2015 2:58:00 PM,2,0,0,36.215370,-86.588540,TULIP GROVE RD,,,,0.00,,,US HWY 70,,,,0.00,Y,Four-Way, ,,None,,,         ,David,Stanley,,,no,no,no,no,no,False
100885799,METROPOLITAN NASHVILLE POLICE DEPT,20150663456,Davidson,Nashville,7/13/2015 2:25:00 PM,2,2,0,36.196380,-86.799380,FRENCH LANDING DR,,,,0.00,Feet,,ATHENS WAY,,,,0.00,Y,Four-Way,N,Intersection,None,,,         ,Zachary,Ronan,Clear,Angle,no,no,no,no,no,False