master_record_number,agency,agency_tracking_number,county,city,collision_date,vehicles_involved,number_injured,number_dead,latitude,longitude,roadway_name,roadway_suffix,roadway_number,roadway_local_id,distance_from_reference,miles-feet_indicator,direction_from_reference,intersection_road_name,intersection_road_name_suffix,intersection_road_number,intersection_local_id,mile_marker,intersection_indicator,intersect_type,interchange_related_indicator,relation_to_junction,work_zone_type,construction_maintenance_zone,construction_maintenance_zone_location,fatal_case_number,officer_first_name,officer_last_name,weather_condition(s),manner_of_crash,pedestrian,bicycle,scooter,parking,hitrun,mou
100886219,METROPOLITAN NASHVILLE POLICE DEPT,2015-0665858,Davidson,Nashville,7/14/2015 4:30:00 AM,2,0,0,36.080070,-86.688430,SPANN CT,,,,447.00,Feet,East,LUNA DR,,,,0.00,N,Not at Intersection,N,Non-Junction,None,,,         ,William,Whitworth,Clear,Angle,no,no,no,no,yes,False
100886220,METROPOLITAN NASHVILLE POLICE DEPT,20150666720,Davidson,Nashville,7/14/2015 12:20:00 PM,2,0,0,36.256400,-86.675350,CHEYENNE BLVD,,,,799.00,Feet,East,MANZANO RD,,,,0.00,N,Not at Intersection, ,Non-Junction,None,,,         ,William,Coy,Clear,Angle,no,no,no,no,no,False
100886223,BERRY HILL POLICE DEPT,15-2744,Davidson,Berry Hill,7/14/2015 8:04:00 AM,2,0,0,36.126240,-86.770540,CRAIGHEAD ST,,,,0.00,,,OCEANSIDE DR,,,,0.00,Y,T-Intersection, ,Intersection,None,,,         ,Ronnie,Hill,Clear,Front to Rear,no,no,no,no,no,False
100886224,BERRY HILL POLICE DEPT,15-2748,Davidson,Berry Hill,7/13/2015 2:00:00 PM,3,1,0,36.122570,-86.775790,US HWY 31,,,,0.00,,,BILOXI AVE,,,,0.00,Y,T-Intersection,N,OtherLocation,None,,,         ,Ronnie,Hill,Clear,Front to Rear,no,no,no,yes,no,False
100886243,METROPOLITAN NASHVILLE POLICE DEPT,20150666753,Davidson,Nashville,7/14/2015 12:16:00 PM,2,0,0,36.156770,-86.796610,17TH AVE N,,,,0.00,,,STATE ST,,,,0.00,Y,Four-Way, ,Intersection,None,,,         ,Joshua,Dickall,Clear,Angle,no,no,no,no,no,False
100886257,METROPOLITAN NASHVILLE POLICE DEPT,20150667087,Davidson,Nashville,7/14/2015 2:50:00 PM,2,1,0,36.040660,-86.782770,EXIT 74B,,,,0.00,Feet,East,I 65,,,,0.00,N,Not at Intersection,N,Non-Junction,None,,,         ,Tien,Nguyen,Rain,"Sideswipe, Same Direction",no,no,no,no,no,False
100886265,METROPOLITAN NASHVILLE POLICE DEPT,20150667082,Davidson,Nashville,7/14/2015 3:00:00 PM,2,0,0,36.093840,-86.652890,US HWY 41,,,,14.00,Feet,South,OLD MURFREESBORO PIKE,,,,0.00,N,Not at Intersection,N,Non-Junction,None,,,         ,Jessie,Meadows,Clear,Front to Rear,no,no,no,no,no,False
100886270,METROPOLITAN NASHVILLE POLICE DEPT,20150664538,Davidson,Nashville,7/13/2015 8:00:00 PM,2,0,0,36.210700,-86.833930,WALTERS CT,,,,0.00,,,HAYNES PARK DR,,,,0.00,Y,T-Intersection,N,Non-Junction,None,,,         ,Brian,Theriac,Clear,Front to Rear,no,no,no,no,no,False
100886272,METROPOLITAN NASHVILLE POLICE DEPT,20150666996,Davidson,Not in City Limit,7/14/2015 2:00:00 PM,1,0,0,36.307970,-86.882900,US HWY 41 ALT,,,,1315.00,Feet,South,EATONS CREEK RD,,,,0.00,N,Not at Intersection, ,Non-Junction,None,,,         ,Timothy,Morgan,Cloudy,Not Collision with Motor Vehicle in Transport,no,no,no,no,no,False
100886275,METROPOLITAN NASHVILLE POLICE DEPT,20150667041,Davidson,Nashville,7/14/2015 2:15:00 PM,2,0,0,36.082210,-86.761620,SIDCO DR,,,,0.00,,,STATE HWY 255,,,,0.00,Y,Four-Way,N,Intersection,None,,,         ,Reuben,Hewit,Cloudy,Angle,no,no,no,no,yes,False
100886281,METROPOLITAN NASHVILLE POLICE DEPT,20150667284,Davidson,Nashville,7/14/2015 3:44:00 PM,2,1,0,36.111480,-86.800200,BELMONT BLVD,,,,144.00,Feet,South,CLAIRMONT PL,,,,0.00,N,Not at Intersection,N,Non-Junction,None,,,         ,Tien,Nguyen,Rain,Front to Rear,no,no,no,no,no,False
100886287,METROPOLITAN NASHVILLE POLICE DEPT,2015-0653635,Davidson,Not in City Limit,7/9/2015 12:00:00 AM,2,0,0,36.155230,-86.951650,STATE HWY 251,,,,1425.00,Feet,South,LAKEVIEW DR,,,,0.00,N,Not at Intersection,N,Non-Junction,None,,,         ,Joel,Callies,Clear,Not Collision with Motor Vehicle in Transport,no,no,no,no,no,False
100886298,METROPOLITAN NASHVILLE POLICE DEPT,2015-0667310,Davidson,Nashville,7/14/2015 3:47:00 PM,2,0,0,36.125080,-86.855230,POST RD,,,,204.00,Feet,North,HILLWOOD BLVD,,,,0.00,N,Not at Intersection, ,Non-Junction,None,,,         ,Walter,Gray II,Cloudy,Front to Rear,no,no,no,no,no,False
100886304,METROPOLITAN NASHVILLE POLICE DEPT,20150667352,Davidson,Antioch,7/14/2015 4:29:00 PM,2,0,0,36.033960,-86.611610,STATE HWY 171,,,,737.00,Feet,South,OLD HICKORY BLVD,,,,0.00,N,Not at Intersection,N,Non-Junction,None,,,         ,Jessie,Meadows,Rain,Front to Rear,no,no,no,no,no,False
100886309,METROPOLITAN NASHVILLE POLICE DEPT,20150667160,Davidson,Antioch,7/14/2015 2:53:00 PM,1,0,0,36.050000,-86.605910,PIN HOOK RD,,,,69.00,Feet,East,GROVEDALE TRC,,,,0.00,N,Not at Intersection,N,Non-Junction,None,,,         ,Victoria,Cunningham,Rain,Not Collision with Motor Vehicle in Transport,no,no,no,no,no,False
100886312,METROPOLITAN NASHVILLE POLICE DEPT,20150667408,Davidson,Nashville,7/14/2015 4:23:00 PM,2,0,0,36.092840,-86.762740,I 65,,,,0.00,,,,,,,78.55,N,Not at Intersection, ,Non-Junction,None,,,         ,Tien,Nguyen,Cloudy,"Sideswipe, Same Direction",no,no,no,no,no,False
100886317,METROPOLITAN NASHVILLE POLICE DEPT,20150667478,Davidson,Nashville,7/14/2015 4:46:00 PM,2,0,0,36.154370,-86.759770,I 40,,,,0.00,,,,,,,211.00,N,Not at Intersection, ,Entrance/Exit Ramp Related,None,,,         ,Tyler,Conrads,Clear,"Sideswipe, Same Direction",no,no,no,no,no,False
100886324,METROPOLITAN NASHVILLE POLICE DEPT,20150667572,Davidson,Nashville,7/14/2015 4:45:00 PM,2,1,0,36.039350,-86.785650,CONNECTING ROAD,,,,0.00,,,US HWY 31,,,,0.00,Y,Four-Way,N,Intersection-Related,None,,,         ,Tien,Nguyen,Cloudy,Front to Rear,no,no,no,no,no,False
100886328,METROPOLITAN NASHVILLE POLICE DEPT,20150667466,Davidson,Nashville,7/14/2015 4:42:00 PM,2,0,0,36.075020,-86.662520,UNA ANTIOCH PIKE,,,,0.00,,,BILLINGSGATE RD,,,,0.00,Y,T-Intersection,N,Intersection,None,,,         ,Matthew,Johnson,Rain,"Sideswipe, Opposite Direction",no,no,no,no,yes,False
100886329,METROPOLITAN NASHVILLE POLICE DEPT,20150667523,Davidson,Nashville,7/14/2015 5:03:00 PM,2,0,0,36.164790,-86.784350,7TH AVE N,,,,0.00,,,CHARLOTTE AVE,,,,0.00,Y,Four-Way, ,,None,,,         ,Caleb,Rogan,,,no,no,no,no,no,False
100886330,METROPOLITAN NASHVILLE POLICE DEPT,20150667547,Davidson,Nashville,7/14/2015 5:10:00 PM,1,1,0,36.200820,-86.769680,US HWY 31W,,,,241.00,Feet,North,GATEWOOD AVE,,,,0.00,N,Not at Intersection,N,Non-Junction,None,,,         ,Terence,Maahs,Cloudy,Not Collision with Motor Vehicle in Transport,yes,no,no,no,no,False
100886336,METROPOLITAN NASHVILLE POLICE DEPT,20150667412,Davidson,Nashville,7/14/2015 4:40:00 PM,2,0,0,36.139420,-86.725310,-- UNKNOWN RAMP/ROAD --,,,,0.00,,,I 24,,,,0.00,Y,OTHER, ,Entrance/Exit Ramp Related,None,,,         ,Leslie,Hale,Cloudy,"Sideswipe, Same Direction",no,no,no,no,no,False
100886337,METROPOLITAN NASHVILLE POLICE DEPT,20150667216,Davidson,Nashville,7/14/2015 3:20:00 PM,3,0,0,36.150690,-86.770350,I 40,,,,0.00,,,,,,,210.40,N,Not at Intersection, ,Non-Junction,None,,,         ,John,Kelley,Rain,Front to Rear,no,no,no,no,no,False
100886346,METROPOLITAN NASHVILLE POLICE DEPT,20150667685,Davidson,Nashville,7/14/2015 5:20:00 PM,2,0,0,36.039720,-86.757340,STATE HWY 254,,,,639.00,Feet,South,ENTRANCE,,,,0.00,N,Not at Intersection,N,Non-Junction,None,,,         ,Tien,Nguyen,Cloudy,Front to Rear,no,no,no,no,no,False
100886351,BERRY HILL POLICE DEPT,15-2765,Davidson,Nashville,7/14/2015 4:05:00 AM,2,0,0,36.110490,-86.744860,RAMP,,,,0.00,,,US HWY 31 ALT,,,,0.00,Y,Four-Way, ,,None,,,         ,Roy,Morris,,,no,no,no,no,no,False
100886355,METROPOLITAN NASHVILLE POLICE DEPT,20150667598,Davidson,Nashville,7/14/2015 5:24:00 PM,4,1,0,36.168560,-86.686450,US HWY 70,,,,366.00,Feet,East,FAIRWAY DR,,,,0.00,N,Not at Intersection,N,Non-Junction,None,,,         ,Leslie,Hale,Cloudy,Front to Rear,no,no,no,no,no,False
100886358,METROPOLITAN NASHVILLE POLICE DEPT,2015-0667648,Davidson,Nashville,7/14/2015 5:40:00 PM,1,0,0,36.151190,-86.857720,STATE HWY 155,,,,0.00,,,WHITE BRIDGE PL,,,,0.00,Y,T-Intersection, ,OtherLocation,None,,,         ,Christopher,Clark,Cloudy,Not Collision with Motor Vehicle in Transport,no,no,no,no,no,False
100886364,BERRY HILL POLICE DEPT,15-2752,Davidson,Berry Hill,7/13/2015 7:20:00 PM,1,1,0,36.120890,-86.775230,US HWY 31,,,,181.00,Feet,South,KIRKWOOD AVE,,,,0.00,N,Not at Intersection,N,Non-Junction,None,,,         ,John,Gleixner,Clear,Not Collision with Motor Vehicle in Transport,yes,no,no,no,no,False
100886367,METROPOLITAN NASHVILLE POLICE DEPT,20150667321,Davidson,Nashville,7/14/2015 3:55:00 PM,3,1,0,36.133130,-86.799990,PORTLAND AVE,,,,0.00,,,20TH AVE S,,,,0.00,Y,Four-Way,N,Intersection,None,,,         ,Charles,Griffin,Cloudy,Angle,no,no,no,no,no,False
100886376,METROPOLITAN NASHVILLE POLICE DEPT,20150667829,Davidson,Nashville,7/14/2015 5:26:00 PM,2,0,0,36.141950,-86.781040,EDGEHILL AVE,,,,0.00,,,9TH AVE S,,,,0.00,Y,Four-Way, ,Intersection-Related,None,,,         ,Tien,Nguyen,Clear,Not Collision with Motor Vehicle in Transport,no,no,no,no,no,False
100886379,METROPOLITAN NASHVILLE POLICE DEPT,20150667461,Davidson,Nashville,7/14/2015 4:38:00 PM,2,0,0,36.171830,-86.764740,S 5TH ST,,,,0.00,,,WOODLAND ST,,,,0.00,Y,Four-Way, ,Intersection-Related,None,,,         ,Whitney,Arnold,Clear,Front to Rear,no,no,no,no,no,False
100886381,METROPOLITAN NASHVILLE POLICE DEPT,20150667769,Davidson,Nashville,7/14/2015 6:23:00 PM,2,0,0,36.138290,-86.807930,BLAKEMORE AVE,,,,0.00,,,26TH AVE S,,,,0.00,Y,T-Intersection,N,Intersection,None,,,         ,Charles,Griffin,Cloudy,Angle,no,no,no,no,no,Campus
100886383,METROPOLITAN NASHVILLE POLICE DEPT,20150667544,Davidson,Nashville,7/14/2015 5:00:00 PM,2,0,0,36.077510,-86.773950,TYNE BLVD,,,,265.00,Feet,West,US HWY 31,,,,0.00,N,Not at Intersection,N,Non-Junction,None,,,         ,Ricki,Armstrong,Rain,Front to Rear,no,no,no,no,no,False
100886392,METROPOLITAN NASHVILLE POLICE DEPT,20150667292,Davidson,Nashville,7/14/2015 3:40:00 PM,2,1,0,36.078390,-86.729790,STATE HWY 255,,,,365.00,Feet,South,COVENTRY DR,,,,0.00,N,Not at Intersection,N,Non-Junction,None,,,         ,Paul,Goebel,Rain,HeadOn,no,no,no,no,no,False
100886393,METROPOLITAN NASHVILLE POLICE DEPT,20150667660,Davidson,Nashville,7/14/2015 5:38:00 PM,2,1,0,36.131840,-86.726970,-- UNKNOWN RAMP/ROAD --,,,,0.00,,East,I 24,,,,0.00,N,Not at Intersection,N,Non-Junction,None,,,         ,Paul,Goebel,Cloudy,Front to Rear,no,no,no,no,no,False
100886401,METROPOLITAN NASHVILLE POLICE DEPT,20150667983,Davidson,Nashville,7/14/2015 7:41:00 PM,2,1,0,36.150830,-86.806060,23RD AVE N,,,,0.00,,,BRANDAU PL,,,,0.00,Y,Four-Way,N,Intersection-Related,None,,,         ,Tien,Nguyen,Cloudy,Front to Rear,no,no,no,no,no,Campus
100886405,METROPOLITAN NASHVILLE POLICE DEPT,20150667539,Davidson,Nashville,7/14/2015 3:00:00 PM,2,0,0,36.150730,-86.800620,US HWY 70S,,,,200.00,Feet,East,21ST AVE S,,,,0.00,N,Not at Intersection,N,Non-Junction,None,,,         ,Andrew,Kooshian,Rain,"Sideswipe, Same Direction",no,no,no,no,yes,Campus
100886406,METROPOLITAN NASHVILLE POLICE DEPT,20150667667,Davidson,Nashville,7/14/2015 5:30:00 PM,2,0,0,36.124600,-86.772700,I 65,,,,0.00,,,,,,,80.70,N,Not at Intersection, ,Non-Junction,None,,,         ,Clyde,Stambaugh,Cloudy,Front to Rear,no,no,no,no,no,False
100886407,METROPOLITAN NASHVILLE POLICE DEPT,20150667919,Davidson,Nashville,7/14/2015 6:50:00 PM,2,0,0,36.151890,-86.762010,CHARLES E DAVIS BLVD,,,,50.00,Feet,South,FAIN ST,,,,0.00,N,Not at Intersection,N,Non-Junction,None,,,         ,Felipe,Pereira,Cloudy,"Sideswipe, Same Direction",no,no,no,no,yes,False
100886421,METROPOLITAN NASHVILLE POLICE DEPT,20150667679,Davidson,Nashville,7/14/2015 5:47:00 PM,1,3,0,36.049510,-86.666000,I 24,,,,0.00,,,,,,,58.90,N,Not at Intersection,N,Non-Junction,None,,,         ,Jessie,Meadows,Clear,Not Collision with Motor Vehicle in Transport,no,no,no,no,no,False
100886422,METROPOLITAN NASHVILLE POLICE DEPT,20150668061,Davidson,Nashville,7/14/2015 8:30:00 PM,2,0,0,36.081920,-86.697620,I 24,,,,0.00,,,,,,,56.00,N,Not at Intersection,N,Non-Junction,None,,,         ,Jessie,Meadows,Clear,"Sideswipe, Same Direction",no,no,no,no,yes,False
100886424,METROPOLITAN NASHVILLE POLICE DEPT,20150667881,Davidson,Nashville,7/14/2015 12:00:00 AM,1,0,0,36.201110,-86.629400,PLANTATION DR,,,,306.00,Feet,East,BONNAHURST DR,,,,0.00,N,Not at Intersection,N,"Driveway, Alley Access, etc",None,,,         ,Virginia,Carrigan,Unknown,Not Collision with Motor Vehicle in Transport,no,no,no,yes,no,False
100886427,METROPOLITAN NASHVILLE POLICE DEPT,20150667089,Davidson,Nashville,7/14/2015 2:51:00 PM,3,1,0,36.055510,-86.675220,I 24,,,,0.00,,,,,,,58.25,N,Not at Intersection,N,Non-Junction,None,,,         ,William,Durham,Rain,"Sideswipe, Same Direction",no,no,no,no,no,False
100886428,METROPOLITAN NASHVILLE POLICE DEPT,20150667452,Davidson,Nashville,7/14/2015 4:20:00 PM,2,0,0,36.085720,-86.699990,I 24,,,,0.00,,,,,,,55.75,N,Not at Intersection, ,Non-Junction,None,,,         ,William,Durham,Rain,Front to Rear,no,no,no,no,no,False
100886429,METROPOLITAN NASHVILLE POLICE DEPT,20150667655,Davidson,Antioch,7/14/2015 5:40:00 PM,2,3,0,36.026470,-86.588270,US HWY 41,,,,13.00,Feet,South,HICKORY WOODS DR,,,,0.00,N,Not at Intersection,N,Non-Junction,None,,,         ,William,Durham,Clear,Angle,no,no,no,no,no,False
100886433,METROPOLITAN NASHVILLE POLICE DEPT,20150667952,Davidson,Nashville,7/14/2015 6:12:00 PM,2,0,0,36.102770,-86.664370,OLD MURFREESBORO PIKE,,,,548.00,Feet,East,US HWY 41,,,,0.00,N,Not at Intersection, ,Non-Junction,None,,,         ,William,Durham,Clear,Front to Rear,no,no,no,no,no,False
100886440,METROPOLITAN NASHVILLE POLICE DEPT,20150667597,Davidson,Nashville,7/14/2015 9:32:00 PM,2,0,0,36.051100,-86.669110,I 24,,,,0.00,,,,,,,58.70,N,Not at Intersection, ,Non-Junction,None,,,         ,Jessie,Meadows,Clear,"Sideswipe, Same Direction",no,no,no,no,no,False
100886442,METROPOLITAN NASHVILLE POLICE DEPT,20150668140,Davidson,Nashville,7/14/2015 6:00:00 PM,1,0,0,0.000000,0.000000,I-65S,,,,0.00,,,,,I,,0.00,Y,OTHER, ,Non-Junction,None,,,         ,Terence,Maahs,Clear,Not Collision with Motor Vehicle in Transport,no,no,no,no,no,False
100886448,METROPOLITAN NASHVILLE POLICE DEPT,20150668198,Davidson,Nashville,7/14/2015 8:41:00 PM,2,0,0,36.153960,-86.625540,PERCY PRIEST DR,,,,0.00,,,STEWARTS FERRY PIKE,,,,0.00,Y,T-Intersection, ,Intersection,None,,,         ,Michael,Apsey,Clear,Angle,no,no,no,no,no,False
100886456,METROPOLITAN NASHVILLE POLICE DEPT,20150668113,Davidson,Not in City Limit,7/14/2015 8:00:00 PM,1,1,0,36.260000,-86.710630,HICKORY ST,,,,0.00,,,2ND AVE,,,,0.00,Y,T-Intersection,N,Non-Junction,None,,,         ,Edward,Draves,Cloudy,Not Collision with Motor Vehicle in Transport,no,yes,no,no,yes,False
100886457,METROPOLITAN NASHVILLE POLICE DEPT,20150668313,Davidson,Nashville,7/14/2015 9:43:00 PM,2,0,0,36.044720,-86.724870,ENCLAVE CIR,,,,0.00,,,AMALIE DR,,,,0.00,Y,Four-Way, ,Intersection-Related,None,,,         ,Tien,Nguyen,Clear,Angle,no,no,no,no,no,False
100886462,METROPOLITAN NASHVILLE POLICE DEPT,20150667639,Davidson,Nashville,7/14/2015 5:35:00 PM,2,0,0,36.158250,-86.771820,US HWY 70,,,,0.00,,,GATEWAY BLVD,,,,0.00,Y,Four-Way, ,Intersection,None,,,         ,Ethan,Luffman,Clear,Front to Rear,no,no,no,no,no,False
100886470,METROPOLITAN NASHVILLE POLICE DEPT,20150667470,Davidson,Nashville,7/14/2015 4:32:00 PM,2,0,0,36.179530,-86.800560,I 65,,,,0.00,,,,,,,85.00,N,Not at Intersection, ,,None,,,         ,Michael,Brooks,,,no,no,no,no,no,False
100886471,METROPOLITAN NASHVILLE POLICE DEPT,20150667590,Davidson,Nashville,7/14/2015 5:16:00 PM,2,0,0,36.179600,-86.800550,I 65,,,,0.00,,,,,,,85.00,N,Not at Intersection,N,Non-Junction,None,,,         ,Michael,Brooks,Cloudy,"Sideswipe, Same Direction",no,no,no,no,yes,False
100886472,METROPOLITAN NASHVILLE POLICE DEPT,20150667641,Davidson,Nashville,7/14/2015 5:16:00 PM,2,0,0,36.179560,-86.800560,I 65,,,,0.00,,,,,,,85.00,N,Not at Intersection,N,Non-Junction,None,,,         ,Michael,Brooks,Cloudy,"Sideswipe, Same Direction",no,no,no,no,yes,False
100886473,METROPOLITAN NASHVILLE POLICE DEPT,20150668386,Davidson,Nashville,7/14/2015 8:30:00 PM,2,0,0,0.000000,0.000000,HUTSON AVENUE,,,,0.00,,,HUTSON AVENUE,,,,0.00,Y,OTHER,N,Non-Junction,None,,,         ,Terence,Maahs,Clear,Angle,no,no,no,no,yes,False
100886474,METROPOLITAN NASHVILLE POLICE DEPT,20150668371,Davidson,Nashville,7/14/2015 10:06:00 PM,2,1,0,36.134380,-86.781180,WEDGEWOOD AVE,,,,0.00,,,ACKLEN AVE,,,,0.00,Y,Y-Intersection,N,Intersection,None,,,         ,Clyde,Stambaugh,Clear,Front to Rear,no,no,no,no,yes,False
100886476,METROPOLITAN NASHVILLE POLICE DEPT,20150667837,Davidson,Nashville,7/14/2015 6:40:00 PM,2,2,0,36.162030,-86.690960,STATE HWY 155,,,,1207.00,Feet,South,CRAIGMEADE DR,,,,0.00,N,Not at Intersection,N,Non-Junction,None,,,         ,John,Kelley,Cloudy,"Sideswipe, Same Direction",no,no,no,no,no,False
100886489,METROPOLITAN NASHVILLE POLICE DEPT,20150668496,Davidson,Nashville,7/14/2015 11:16:00 PM,2,1,0,36.153660,-86.757410,I 40,,,,0.00,,,,,,,211.15,N,Not at Intersection,N,Non-Junction,None,,,         ,Evan,Hibschman,Clear,"Sideswipe, Same Direction",no,no,no,no,no,False
100886503,METROPOLITAN NASHVILLE POLICE DEPT,20150668528,Davidson,Nashville,7/14/2015 7:30:00 PM,2,0,0,36.118280,-86.656760,COUCHVILLE PIKE,,,,0.00,,,COUCHVILLE PIKE,,,,0.00,Y,OTHER, ,,None,,,         ,Roy,McElwee,,,no,no,no,yes,no,False
100886504,METROPOLITAN NASHVILLE POLICE DEPT,2015-0668200,Davidson,Nashville,7/14/2015 12:00:00 AM,2,1,0,36.164250,-86.819890,28TH AVE N,,,,0.00,,,ALBION ST,,,,0.00,Y,Four-Way,Y,Intersection,None,,,         ,Cameron,Brown,Cloudy,Front to Rear,no,no,no,no,no,False
100886513,METROPOLITAN NASHVILLE POLICE DEPT,20150665183,Davidson,Nashville,7/14/2015 12:30:00 AM,2,0,0,36.102740,-86.741050,US HWY 31 ALT,,,,30.00,Feet,North,THUSS AVE,,,,0.00,N,Not at Intersection,N,Non-Junction,None,,,         ,Wallis,Massey,Clear,Not Collision with Motor Vehicle in Transport,no,no,no,no,no,False
100886519,METROPOLITAN NASHVILLE POLICE DEPT,20150668057,Davidson,Nashville,7/14/2015 8:07:00 PM,2,1,0,36.205220,-86.778550,BRICK CHURCH PIKE,,,,0.00,,,,,,,0.00,,,N,OtherLocation,None,,,         ,William,Waters,Clear,Angle,no,no,no,yes,no,False
100886521,METROPOLITAN NASHVILLE POLICE DEPT,20150668525,Davidson,Nashville,7/14/2015 11:15:00 PM,2,1,0,36.249190,-86.734500,W DUE WEST AVE,,,,0.00,Feet,,S GRAYCROFT AVE,,,,0.00,Y,Four-Way,Y,Intersection,None,,,         ,David,Snowden,Rain,Front to Rear,no,no,no,no,yes,False
100886522,METROPOLITAN NASHVILLE POLICE DEPT,20150669016,Davidson,Nashville,7/15/2015 3:40:00 AM,1,0,0,36.244290,-86.794350,BRICK CHURCH LN,,,,2182.00,Feet,East,KNIGHT DR,,,,0.00,N,Not at Intersection, ,Non-Junction,None,,,         ,Eric,Mumaw,Clear,Not Collision with Motor Vehicle in Transport,no,no,no,no,no,False
100886541,METROPOLITAN NASHVILLE POLICE DEPT,2015-0662619,Davidson,Nashville,7/13/2015 9:03:00 AM,2,0,0,36.139220,-86.665830,STATE HWY 255,,,,0.00,,,-- UNKNOWN RAMP/ROAD --,,,,0.00,Y,T-Intersection,N,Entrance/Exit Ramp Related,None,,,         ,Jeb,Johnston,Clear,"Sideswipe, Same Direction",no,no,no,no,no,False
100886545,METROPOLITAN NASHVILLE POLICE DEPT,20150658261,Davidson,Nashville,7/11/2015 12:00:00 AM,2,0,0,36.024130,-86.709770,PORTER HOUSE DR,,,,60.00,Feet,West,SAINT JULES LN,,,,0.00,N,Not at Intersection,N,Non-Junction,None,,,         ,David,Simmonds,Clear,"Sideswipe, Same Direction",no,no,no,no,yes,False
100886551,METROPOLITAN NASHVILLE POLICE DEPT,2015-0669304,Davidson,Not in City Limit,7/15/2015 6:55:00 AM,2,0,0,36.076900,-87.020760,I 40,,,,0.00,,,,,,,192.50,N,Not at Intersection, ,,None,,,         ,Curtis,Rich,,,no,no,no,no,no,False
100886557,METROPOLITAN NASHVILLE POLICE DEPT,20150669274,Davidson,Nashville,7/15/2015 6:38:00 AM,2,0,0,36.198280,-86.620330,STATE HWY 45,,,,0.00,,,US HWY 70,,,,0.00,Y,Four-Way, ,Intersection,None,,,         ,James,Curtis,Clear,Front to Rear,no,no,no,no,no,False
100886569,METROPOLITAN NASHVILLE POLICE DEPT,2015-0655339,Davidson,Nashville,7/10/2015 11:45:00 AM,2,0,0,36.153990,-86.807530,MURPHY AVE,,,,227.00,Feet,East,23RD AVE N,,,,0.00,N,Not at Intersection,N,Non-Junction,None,,,         ,David,Anderson,Cloudy,Front to Rear,no,no,no,yes,yes,False
100886571,BERRY HILL POLICE DEPT,15-2756,Davidson,Berry Hill,7/15/2015 3:40:00 PM,2,0,0,36.120730,-86.775270,US HWY 31,,,,234.00,Feet,South,KIRKWOOD AVE,,,,0.00,N,Not at Intersection, ,Non-Junction,None,,,         ,Ronnie,Hill,Clear,"Sideswipe, Same Direction",no,no,no,no,yes,False
100886574,METROPOLITAN NASHVILLE POLICE DEPT,2015-0669287,Davidson,Nashville,7/15/2015 6:45:00 AM,2,1,0,36.163010,-86.746830,DAVIDSON ST,,,,0.00,,,S 14TH ST,,,,0.00,Y,T-Intersection,N,Intersection,None,,,         ,Coleman,Womack,Clear,Angle,no,no,no,no,no,False
100886578,METROPOLITAN NASHVILLE POLICE DEPT,2015-0669333,Davidson,Nashville,7/15/2015 7:07:00 AM,2,1,0,36.050700,-86.668040,I 24,,,,0.00,,,,,,,58.80,N,Not at Intersection,N,Non-Junction,None,,,         ,Stanley,Collins,Clear,Front to Rear,no,no,no,no,no,False
100886581,METROPOLITAN NASHVILLE POLICE DEPT,20150665930,Davidson,Nashville,7/14/2015 7:30:00 AM,2,0,0,36.160460,-86.621820,I 40,,,,0.00,,,,,,,219.50,N,Not at Intersection, ,Non-Junction,None,,,         ,James,Curtis,Clear,Front to Rear,no,no,no,no,no,False
100886583,VANDERBILT UNIVERSITY POLICE,MNPD#15-0666555,Davidson,Nashville,7/14/2015 11:30:00 AM,2,1,0,36.140850,-86.801490,US HWY 431,,,,0.00,,,DIXIE PL,,,,0.00,Y,T-Intersection,Y,Intersection,None,,,         ,Anthony,Jones,Clear,Angle,no,no,no,no,no,Campus
100886586,METROPOLITAN NASHVILLE POLICE DEPT,2015-0669327,Davidson,Nashville,7/15/2015 5:15:00 AM,1,0,0,36.108780,-86.720250,EXIT 54,,,,528.00,Feet,North,I 24,,,,0.00,N,Not at Intersection,N,Entrance/Exit Ramp Related,None,,,         ,James,Grady,Clear,Not Collision with Motor Vehicle in Transport,no,no,no,no,no,False
100886592,METROPOLITAN NASHVILLE POLICE DEPT,20150669424,Davidson,Nashville,7/15/2015 8:00:00 AM,2,1,0,36.153230,-86.755790,I 40,,,,0.00,,,,,,,211.25,N,Not at Intersection,N,Non-Junction,None,,,         ,Joshua,Billotte,Clear,Front to Rear,no,no,no,no,no,False
100886605,METROPOLITAN NASHVILLE POLICE DEPT,2015-0669642,Davidson,Nashville,7/15/2015 9:44:00 AM,2,0,0,36.142950,-86.857650,STATE HWY 155,,,,120.00,Feet,South,CORBETT LN,,,,0.00,N,Not at Intersection, ,Non-Junction,None,,,         ,Curtis,Rich,Clear,Angle,no,no,no,no,no,False
100886608,METROPOLITAN NASHVILLE POLICE DEPT,150660688,Davidson,Nashville,7/12/2015 1:19:00 PM,2,1,0,36.152750,-86.779270,US HWY 31,,,,0.00,,,DREXEL ST,,,,0.00,Y,T-Intersection,N,Intersection,None,,,         ,Jose,Salazar,Cloudy,Angle,no,no,no,no,no,False