master_record_number,agency,agency_tracking_number,county,city,collision_date,vehicles_involved,number_injured,number_dead,latitude,longitude,roadway_name,roadway_suffix,roadway_number,roadway_local_id,distance_from_reference,miles-feet_indicator,direction_from_reference,intersection_road_name,intersection_road_name_suffix,intersection_road_number,intersection_local_id,mile_marker,intersection_indicator,intersect_type,interchange_related_indicator,relation_to_junction,work_zone_type,construction_maintenance_zone,construction_maintenance_zone_location,fatal_case_number,officer_first_name,officer_last_name,weather_condition(s),manner_of_crash,pedestrian,bicycle,scooter,parking,hitrun,mou
100896946,METROPOLITAN NASHVILLE POLICE DEPT,20150671287,Davidson,Nashville,7/15/2015 7:38:00 PM,2,0,0,36.151850,-86.851120,US HWY 70,,,,0.00,,,53RD AVE N,,,,0.00,Y,T-Intersection,Y,Intersection,None,,,         ,Shaun,Heath,Clear,Front to Rear,no,no,no,no,yes,False
100896958,METROPOLITAN NASHVILLE POLICE DEPT,20150670841,Davidson,Nashville,7/15/2015 5:09:00 PM,2,0,0,36.089180,-86.622250,RURAL HILL RD,,,,153.00,Feet,South,SMITH SPRINGS RD,,,,0.00,N,Not at Intersection,N,Non-Junction,None,,,         ,Timothy,Mead,Clear,Angle,no,no,no,no,no,False
100896980,METROPOLITAN NASHVILLE POLICE DEPT,20150667392,Davidson,Nashville,7/14/2015 4:22:00 PM,2,0,0,36.133080,-86.800000,20TH AVE S,,,,0.00,,,PORTLAND AVE,,,,0.00,Y,Four-Way, ,,None,,,         ,Charles,Griffin,,,no,no,no,no,no,False
100906983,METROPOLITAN NASHVILLE POLICE DEPT,20150670863,Davidson,Nashville,7/15/2015 5:13:00 PM,2,2,0,36.191970,-86.781560,I 65,,,,0.00,,,,,,,86.25,N,Not at Intersection,N,Non-Junction,None,,,         ,Ethan,Luffman,Clear,Front to Rear,no,no,no,no,no,False
100906985,METROPOLITAN NASHVILLE POLICE DEPT,20150670413,Davidson,Nashville,7/15/2015 3:00:00 PM,2,0,0,36.190920,-86.615210,OLD LEBANON DIRT RD,,,,0.00,,,STATE HWY 45,,,,0.00,Y,Four-Way,N,Intersection,None,,,         ,Khalid,Abbady,Clear,Angle,no,no,no,no,no,False
100906988,METROPOLITAN NASHVILLE POLICE DEPT,20150670374,Davidson,Nashville,7/15/2015 1:54:00 PM,3,0,0,36.173330,-86.808230,DR DB TODD JR BLVD,,,,0.00,,,UNDERWOOD ST,,,,0.00,Y,Four-Way,N,Non-Junction,None,,,         ,Michael,Brooks,Clear,Angle,no,no,no,no,yes,False
100906989,METROPOLITAN NASHVILLE POLICE DEPT,20150670615,Davidson,Nashville,7/15/2015 4:04:00 PM,2,0,0,36.182290,-86.799660,-- UNKNOWN RAMP/ROAD --,,,,0.00,,,I 65,,,,0.00,Y,OTHER, ,Entrance/Exit Ramp Related,None,,,         ,Michael,Brooks,Clear,"Sideswipe, Same Direction",no,no,no,no,no,False
100906990,METROPOLITAN NASHVILLE POLICE DEPT,20150671059,Davidson,Nashville,7/15/2015 6:12:00 PM,2,0,0,36.193650,-86.831200,US HWY 41 ALT,,,,0.00,,,BUENA VISTA PIKE,,,,0.00,Y,Four-Way, ,,None,,,         ,Michael,Brooks,,,no,no,no,no,no,False
100906991,METROPOLITAN NASHVILLE POLICE DEPT,20150671559,Davidson,Nashville,7/15/2015 8:59:00 PM,2,0,0,36.171260,-86.809960,21ST AVE N,,,,78.00,Feet,North,HEIMAN ST,,,,0.00,N,Not at Intersection,N,Non-Junction,None,,,         ,Michael,Brooks,Clear,Angle,no,no,no,no,yes,False
100907022,METROPOLITAN NASHVILLE POLICE DEPT,2015-0661979,Davidson,Nashville,7/12/2015 2:20:00 AM,1,0,0,36.131030,-86.898520,I 40,,,,0.00,,,,,,,201.10,N,Not at Intersection,Y,Entrance/Exit Ramp Related,None,,,         ,John,Roberson,Clear,Not Collision with Motor Vehicle in Transport,no,no,no,no,no,False
100907027,METROPOLITAN NASHVILLE POLICE DEPT,2015-0665696,Davidson,Nashville,7/14/2015 4:55:00 AM,2,0,0,36.054140,-86.597090,PRIESTSHORE BAY,,,,250.00,Feet,East,MARITIME PRT,,,,0.00,N,Not at Intersection,N,Non-Junction,None,,,         ,Jarred,Frazier,Clear,HeadOn,no,no,no,no,yes,False
100907035,METROPOLITAN NASHVILLE POLICE DEPT,2015-0670186,Davidson,Nashville,7/15/2015 12:13:00 PM,2,0,0,36.130240,-86.725340,PLUS PARK BLVD,,,,1097.00,Feet,South,PAVILION BLVD,,,,0.00,N,Not at Intersection,N,"Driveway, Alley Access, etc",None,,,         ,William,Whitworth,Clear,Angle,no,no,no,no,no,False
100907043,METROPOLITAN NASHVILLE POLICE DEPT,20150672384,Davidson,Nashville,7/16/2015 12:00:00 AM,2,0,0,36.206650,-86.778390,US HWY 431,,,,0.00,,,HAMPTON ST,,,,0.00,Y,OTHER, ,,None,,,         ,Peter,Finnegan,,,no,no,no,yes,no,False
100907047,METROPOLITAN NASHVILLE POLICE DEPT,2015-0672238,Davidson,Nashville,7/16/2015 12:35:00 AM,2,0,0,36.149020,-86.798300,20TH AVE S,,,,0.00,,,DIVISION ST,,,,0.00,Y,T-Intersection,Y,Intersection-Related,None,,,         ,Matthew,Moses,Cloudy,Angle,no,no,no,no,yes,Campus
100907074,METROPOLITAN NASHVILLE POLICE DEPT,20150672131,Davidson,Nashville,7/16/2015 12:00:00 AM,2,0,0,36.156900,-86.780800,US HWY 31,,,,0.00,,,DEMONBREUN ST,,,,0.00,Y,Four-Way, ,Non-Junction,None,,,         ,Audrean,Manquero,Clear,Front to Rear,no,no,no,no,no,False
100907091,METROPOLITAN NASHVILLE POLICE DEPT,2015-0667012,Davidson,Nashville,7/14/2015 2:12:00 PM,2,1,0,36.200400,-86.618530,US HWY 70,,,,16.00,Feet,North,HERMITAGE RD,,,,0.00,N,Not at Intersection,N,Non-Junction,None,,,         ,Jeb,Johnston,Cloudy,"Sideswipe, Same Direction",no,no,no,no,no,False
100907103,METROPOLITAN NASHVILLE POLICE DEPT,2015-0669749,Davidson,Nashville,7/15/2015 10:15:00 AM,2,0,0,36.147920,-86.752100,EXPRESSWAY PARK DR,,,,538.00,Feet,West,W EXPRESS DR,,,,0.00,N,Not at Intersection, ,Non-Junction,None,,,         ,Jeb,Johnston,Clear,Front to Rear,no,no,no,no,no,False
100907104,METROPOLITAN NASHVILLE POLICE DEPT,20150637873,Davidson,Nashville,7/4/2015 11:30:00 PM,2,0,0,36.153510,-86.776220,US HWY 41,,,,149.00,Feet,West,EWING AVE,,,,0.00,N,Not at Intersection, ,Non-Junction,None,,,         ,Audrean,Manquero,Rain,"Sideswipe, Same Direction",no,no,no,no,yes,False
100907109,METROPOLITAN NASHVILLE POLICE DEPT,2015-0659730,Davidson,Nashville,7/12/2015 12:05:00 AM,2,0,0,36.060760,-86.916030,STATE HWY 100,,,,0.00,,,STATE HWY 251,,,,0.00,Y,T-Intersection, ,Intersection,None,,,         ,Joel,Callies,Clear,Angle,no,no,no,no,no,False
100907121,METROPOLITAN NASHVILLE POLICE DEPT,20150669409,Davidson,Nashville,7/15/2015 7:55:00 AM,3,0,0,36.110100,-86.770350,EXIT 80,,,,0.00,,,I 65,,,,0.00,Y,OTHER, ,Entrance/Exit Ramp Related,None,,,         ,Erik,Wagner,Cloudy,Front to Rear,no,no,no,no,no,False
100907122,METROPOLITAN NASHVILLE POLICE DEPT,20150670222,Davidson,Nashville,7/15/2015 12:30:00 PM,2,0,0,36.149060,-86.666660,ELM HILL PIKE,,,,0.00,,,,,,,0.00,,,N,Non-Junction,None,,,         ,James,Curtis,Clear,Front to Rear,no,no,no,yes,yes,False
100907125,METROPOLITAN NASHVILLE POLICE DEPT,20150672931,Davidson,Nashville,7/16/2015 6:50:00 AM,2,0,0,36.185970,-86.798420,-- UNKNOWN RAMP/ROAD --,,,,0.00,,,US HWY 41 ALT,,,,0.00,Y,Y-Intersection, ,Intersection,None,,,         ,Joseph,Cadden,Clear,Front to Rear,no,no,no,no,no,False
100907127,METROPOLITAN NASHVILLE POLICE DEPT,20150660662,Davidson,Nashville,7/12/2015 1:00:00 PM,2,0,0,36.219770,-86.774800,I 65,,,,0.00,,,,,,,88.30,N,Not at Intersection,N,Entrance/Exit Ramp Related,Construction Zone,Other,Before First Warning Area,         ,Jared,Eaves,Clear,"Sideswipe, Same Direction",no,no,no,no,no,False
100907133,METROPOLITAN NASHVILLE POLICE DEPT,2015-0673046,Davidson,Nashville,7/16/2015 7:55:00 AM,2,0,0,36.151470,-86.852460,US HWY 70,,,,120.00,Feet,West,MORROW RD,,,,0.00,N,Not at Intersection, ,Non-Junction,None,,,         ,Curtis,Rich,Clear,Front to Rear,no,no,no,no,no,False
100907137,METROPOLITAN NASHVILLE POLICE DEPT,20150673013,Davidson,Nashville,7/16/2015 7:40:00 AM,2,0,0,36.039860,-86.740780,STATE HWY 254,,,,461.00,Feet,West,HIGHLAND WAY,,,,0.00,N,Not at Intersection, ,Non-Junction,None,,,         ,Richard,Conger,Clear,Angle,no,no,no,no,no,False
100907138,METROPOLITAN NASHVILLE POLICE DEPT,20150673005,Davidson,Nashville,7/16/2015 7:34:00 AM,3,0,0,36.145150,-86.777030,I 65,,,,0.00,,,,,,,82.15,N,Not at Intersection,N,Non-Junction,None,,,         ,Nathan,Kemp,Clear,Front to Rear,no,no,no,no,no,False
100907143,METROPOLITAN NASHVILLE POLICE DEPT,2015-0672952,Davidson,Nashville,7/16/2015 6:50:00 AM,2,0,0,36.176790,-86.772260,SPRING ST,,,,0.00,,,-- UNKNOWN RAMP/ROAD --,,,,0.00,Y,OTHER, ,Entrance/Exit Ramp Related,None,,,         ,Charles,Coe,Clear,Front to Rear,no,no,no,no,no,False
100907147,METROPOLITAN NASHVILLE POLICE DEPT,20150672989,Davidson,Nashville,7/16/2015 7:35:00 AM,2,0,0,36.200740,-86.776790,I 65,,,,0.00,,,,,,,86.90,N,Not at Intersection, ,Non-Junction,None,,,         ,Brian,Allen,Clear,Front to Rear,no,no,no,no,no,False
100907161,METROPOLITAN NASHVILLE POLICE DEPT,20150673095,Davidson,Nashville,7/16/2015 8:00:00 AM,2,0,0,36.133680,-86.726740,I 24,,,,0.00,,,,,,,52.05,N,Not at Intersection, ,Non-Junction,None,,,         ,Kenneth,Alexandrow,Clear,Front to Rear,no,no,no,no,no,False
100907166,METROPOLITAN NASHVILLE POLICE DEPT,20150673222,Davidson,Nashville,7/15/2015 2:12:00 PM,2,0,0,36.137480,-86.740290,FOSTER AVE,,,,0.00,,,,,,,0.00,,,N,Non-Junction,None,,,         ,Todd,Watson,Clear,Rear to Rear,no,no,no,yes,yes,False
100907169,METROPOLITAN NASHVILLE POLICE DEPT,20150673227,Davidson,Nashville,7/16/2015 8:50:00 AM,2,0,0,36.044210,-86.713020,US HWY 31 ALT,,,,0.00,,,BRENTWOOD EAST DR,,,,0.00,Y,T-Intersection, ,Non-Junction,None,,,         ,Richard,Conger,Clear,Angle,no,no,no,no,no,False
100907174,METROPOLITAN NASHVILLE POLICE DEPT,20150673363,Davidson,Nashville,7/16/2015 9:06:00 AM,2,1,0,36.037350,-86.786560,US HWY 31,,,,0.00,,,STATE HWY 254,,,,0.00,Y,Four-Way,N,Intersection,None,,,         ,Nathan,Kemp,Clear,Angle,no,no,no,no,no,False
100907175,METROPOLITAN NASHVILLE POLICE DEPT,2015-0667260,Davidson,Nashville,7/14/2015 3:40:00 PM,3,2,0,36.041460,-86.782480,I 65,,,,0.00,,,,,,,74.75,N,Not at Intersection,N,Non-Junction,None,,,         ,Aaron,Jones,Rain,Angle,no,no,no,no,no,False
100907177,BRENTWOOD POLICE DEPT,201500020684,Davidson,Nashville,7/16/2015 9:30:00 AM,2,0,0,36.036350,-86.786990,US HWY 31,,,,185.00,Feet,North,STATE HWY 254,,,,0.00,N,Not at Intersection, ,Non-Junction,None,,,         ,John,Maxwell,Clear,"Sideswipe, Same Direction",no,no,no,no,no,False
100907180,VANDERBILT UNIVERSITY POLICE,15-673299,Davidson,Nashville,7/16/2015 8:50:00 AM,2,0,0,36.139320,-86.799170,SOUTH DR,,,,0.00,,,,,,,0.00,,, ,Non-Junction,None,,,         ,Jason,Bates,Clear,Angle,no,no,no,yes,no,Campus
100907182,METROPOLITAN NASHVILLE POLICE DEPT,20150673147,Davidson,Nashville,7/16/2015 8:23:00 AM,2,4,0,36.104820,-86.669960,US HWY 41,,,,0.00,,,REEDWOOD DR,,,,0.00,Y,T-Intersection,N,Intersection,None,,,         ,Brian,Penny,Clear,Front to Rear,no,no,no,no,no,False
100907183,BERRY HILL POLICE DEPT,15-2797,Davidson,Berry Hill,7/16/2015 12:00:00 AM,2,0,0,36.118790,-86.769630,LARMON DR,,,,408.00,Feet,South,-- UNKNOWN RAMP/ROAD --,,,,0.00,N,Not at Intersection, ,Non-Junction,None,,,         ,Timothy,Coleman,Clear,Front to Rear,no,no,no,yes,no,False
100907184,METROPOLITAN NASHVILLE POLICE DEPT,20150673217,Davidson,Nashville,7/16/2015 8:48:00 AM,2,0,0,36.155990,-86.791240,15TH AVE N,,,,0.00,,,GRUNDY ST,,,,0.00,Y,Four-Way, ,Intersection,None,,,         ,Nathan,Kemp,Clear,Angle,no,no,no,no,no,False
100907187,METROPOLITAN NASHVILLE POLICE DEPT,20150671134,Davidson,Nashville,7/15/2015 7:34:00 PM,2,2,0,36.060270,-86.680160,I 24,,,,0.00,,,,,,,57.80,N,Not at Intersection,N,Non-Junction,None,,,         ,Jessie,Meadows,Clear,Front to Rear,no,no,no,no,no,False
100907188,METROPOLITAN NASHVILLE POLICE DEPT,20150671375,Davidson,Nashville,7/15/2015 8:48:00 PM,2,0,0,36.069600,-86.694150,HAYWOOD LN,,,,65.00,Feet,West,EZELL RD,,,,0.00,N,Not at Intersection,N,Non-Junction,None,,,         ,Jessie,Meadows,Clear,Angle,no,no,no,no,no,False
100907189,METROPOLITAN NASHVILLE POLICE DEPT,20150671374,Davidson,Nashville,7/15/2015 8:38:00 PM,2,0,0,36.069220,-86.690920,-- UNKNOWN RAMP/ROAD --,,,,0.00,Feet,East,I 24,,,,0.00,N,Not at Intersection, ,Entrance/Exit Ramp Related,None,,,         ,Jessie,Meadows,Clear,Front to Rear,no,no,no,no,no,False
100907192,METROPOLITAN NASHVILLE POLICE DEPT,20150672929,Davidson,Nashville,7/16/2015 6:30:00 AM,2,0,0,36.232900,-86.784400,I 24,,,,0.00,,,,,,,43.90,N,Not at Intersection, ,Non-Junction,None,,,         ,Earnest,Fields,Clear,Front to Rear,no,no,no,no,no,False
100907199,METROPOLITAN NASHVILLE POLICE DEPT,20150673078,Davidson,Nashville,7/16/2015 8:30:00 AM,2,0,0,36.250650,-86.741100,I 65,,,,0.00,,,,,,,91.25,N,Not at Intersection, ,Non-Junction,None,,,         ,Jeremy,Stricklin,Clear,"Sideswipe, Same Direction",no,no,no,no,no,False
100907202,METROPOLITAN NASHVILLE POLICE DEPT,20150673430,Davidson,Nashville,7/16/2015 10:00:00 AM,2,0,0,36.110840,-86.743850,STATE HWY 155,,,,143.00,Feet,East,RAMP,,,,0.00,N,Not at Intersection, ,Non-Junction,None,,,         ,Mark,Harrison,Clear,Front to Rear,no,no,no,no,no,False
100907203,METROPOLITAN NASHVILLE POLICE DEPT,20150670328,Davidson,Nashville,7/15/2015 12:00:00 AM,3,0,0,36.245680,-86.773080,MOOREWOOD DR,,,,0.00,,,CHESAPEAKE DR,,,,0.00,Y,Four-Way, ,Intersection,None,,,         ,Ashley,Coon,Clear,Angle,no,no,no,no,yes,False
100907207,METROPOLITAN NASHVILLE POLICE DEPT,2015-0673532,Davidson,Nashville,7/16/2015 10:32:00 AM,1,1,0,36.140550,-86.882500,ANNEX AVE,,,,606.00,Feet,East,PREMIER DR,,,,0.00,N,Not at Intersection,N,Non-Junction,None,,,         ,Walter,Gray II,Clear,Not Collision with Motor Vehicle in Transport,no,no,no,yes,no,False
100907210,METROPOLITAN NASHVILLE POLICE DEPT,20150670223,Davidson,Madison,7/15/2015 1:34:00 PM,1,1,0,36.263250,-86.713810,STATE HWY 45,,,,238.00,Feet,East,DOUGLAS ST,,,,0.00,N,Not at Intersection,N,Non-Junction,None,,,         ,David,Boone,Clear,Not Collision with Motor Vehicle in Transport,yes,no,no,yes,no,False
100907216,METROPOLITAN NASHVILLE POLICE DEPT,20150673536,Davidson,Nashville,7/16/2015 10:40:00 AM,2,0,0,36.166380,-86.764820,I 24,,,,0.00,,,,,,,49.00,N,Not at Intersection,N,Non-Junction,None,,,         ,Michael,Johnson,Clear,Front to Rear,no,no,no,no,no,False
100907217,VANDERBILT UNIVERSITY POLICE,MNPD#15-0673423,Davidson,Nashville,7/16/2015 9:30:00 AM,2,0,0,36.141030,-86.796170,HORTON AVE,,,,0.00,,,18TH AVE S,,,,0.00,Y,OTHER, ,,None,,,         ,Anthony,Jones,,,no,no,no,yes,no,Campus
100907219,METROPOLITAN NASHVILLE POLICE DEPT,20150673556,Davidson,Nashville,7/16/2015 10:40:00 AM,2,0,0,36.207980,-86.776290,I 65,,,,0.00,,,,,,,87.40,N,Not at Intersection,N,Non-Junction,None,,,         ,Johnny,Crumby Jr.,Clear,"Sideswipe, Same Direction",no,no,no,no,yes,False
100907223,METROPOLITAN NASHVILLE POLICE DEPT,20150673371,Davidson,Nashville,7/16/2015 9:15:00 AM,2,0,0,36.067970,-86.687380,EXIT 57,,,,0.00,,,I 24,,,,0.00,Y,T-Intersection,Y,Entrance/Exit Ramp Related,None,,,         ,Kenneth,Alexandrow,Clear,Front to Rear,no,no,no,no,no,False
100907235,METROPOLITAN NASHVILLE POLICE DEPT,20150673244,Davidson,Nashville,7/16/2015 8:40:00 AM,1,0,0,36.208290,-86.788860,US HWY 431,,,,1.00,Feet,East,OLD MATTHEWS RD,,,,0.00,N,Not at Intersection, ,Non-Junction,None,,,         ,Brian,Allen,Clear,Not Collision with Motor Vehicle in Transport,no,no,no,no,no,False
100907240,METROPOLITAN NASHVILLE POLICE DEPT,20150673839,Davidson,Nashville,7/16/2015 12:35:00 PM,1,0,0,36.167800,-86.607310,EXIT 221A,,,,0.00,Feet,East,I 40,,,,0.00,N,Not at Intersection, ,,None,,,         ,Phillip,Black,,,no,no,no,no,no,False
100907248,METROPOLITAN NASHVILLE POLICE DEPT,2015-0673805,Davidson,Nashville,7/16/2015 12:20:00 PM,1,0,0,36.196380,-86.746780,MCCLURKIN AVE,,,,0.00,,,EMMETT AVE,,,,0.00,Y,Four-Way, ,,None,,,         ,Coleman,Womack,,,no,no,no,no,no,False
100907250,METROPOLITAN NASHVILLE POLICE DEPT,2015-0673809,Davidson,Nashville,7/16/2015 12:00:00 PM,1,0,0,36.156050,-86.773960,4TH AVE S,,,,0.00,,,PEABODY ST,,,,0.00,Y,Four-Way, ,Intersection-Related,None,,,         ,Charles,Coe,Clear,Not Collision with Motor Vehicle in Transport,no,no,no,no,no,False
100907261,METROPOLITAN NASHVILLE POLICE DEPT,20150673866,Davidson,Madison,7/16/2015 12:48:00 PM,2,0,0,36.264950,-86.711240,US HWY 31E,,,,335.00,Feet,South,DULING AVE,,,,0.00,N,Not at Intersection, ,OtherLocation,None,,,         ,Eric,Richardson,Clear,Angle,no,no,no,no,no,False
100907277,METROPOLITAN NASHVILLE POLICE DEPT,20150673932,Davidson,Nashville,7/16/2015 12:00:00 AM,2,0,0,36.124170,-86.806340,US HWY 431,,,,0.00,,,RAMP,,,,0.00,Y,Y-Intersection,Y,Entrance/Exit Ramp Related,None,,,         ,Brian,Allen,Clear,"Sideswipe, Same Direction",no,no,no,no,yes,False
100907279,METROPOLITAN NASHVILLE POLICE DEPT,20150673910,Davidson,Nashville,7/16/2015 1:00:00 PM,2,0,0,36.165480,-86.697040,US HWY 70,,,,0.00,,,DONELSON HILLS DR,,,,0.00,Y,T-Intersection, ,Non-Junction,None,,,         ,Mitchell,McClay,Clear,Angle,no,no,no,no,no,False
100907283,METROPOLITAN NASHVILLE POLICE DEPT,20150674083,Davidson,Nashville,7/16/2015 2:39:00 PM,2,0,0,36.158420,-86.790610,US HWY 70,,,,0.00,,,CHURCH ST,,,,0.00,Y,Four-Way, ,Intersection-Related,None,,,         ,Tien,Nguyen,Clear,"Sideswipe, Same Direction",no,no,no,no,no,False
100907286,METROPOLITAN NASHVILLE POLICE DEPT,20150674097,Davidson,Nashville,7/16/2015 1:58:00 PM,2,0,0,36.167640,-86.663240,US HWY 70,,,,0.00,,,STATE HWY 255,,,,0.00,Y,T-Intersection, ,Intersection-Related,None,,,         ,Leslie,Hale,Clear,Front to Rear,no,no,no,no,no,False
100907295,GOODLETTSVILLE POLICE DEPT,15-26917,Davidson,Goodlettsville,7/16/2015 12:38:00 PM,2,1,0,36.306250,-86.703360,RIVERGATE PKWY,,,,282.00,Feet,North,RIVERGATE DR,,,,0.00,N,Not at Intersection,N,Non-Junction,None,,,         ,David,Read,Clear,Front to Rear,no,no,no,no,no,False
100907299,METROPOLITAN NASHVILLE POLICE DEPT,20150674099,Davidson,Nashville,7/16/2015 2:42:00 PM,1,0,0,36.142560,-86.699160,STATE HWY 155,,,,97.00,Feet,South,-- UNKNOWN RAMP/ROAD --,,,,0.00,N,Not at Intersection, ,Entrance/Exit Ramp Related,None,,,         ,Tyler,Conrads,Clear,Not Collision with Motor Vehicle in Transport,no,no,no,no,no,False
100907301,METROPOLITAN NASHVILLE POLICE DEPT,2015-0674128,Davidson,Nashville,7/16/2015 3:02:00 PM,1,0,0,36.061810,-86.772090,I 65,,,,0.00,,,,,,,75.35,N,Not at Intersection,N,Non-Junction,None,,,         ,William,King,Clear,Not Collision with Motor Vehicle in Transport,no,no,no,no,no,False
100907304,METROPOLITAN NASHVILLE POLICE DEPT,20150674101,Davidson,Nashville,7/16/2015 3:11:00 PM,2,0,0,36.109260,-86.728030,SOUTHLAKE DR,,,,41.00,Feet,North,RAMP,,,,0.00,N,Not at Intersection, ,Non-Junction,None,,,         ,Jessie,Meadows,Clear,Angle,no,no,no,no,no,False
100907306,METROPOLITAN NASHVILLE POLICE DEPT,2015-0672962,Davidson,Nashville,7/16/2015 7:13:00 AM,2,0,0,36.080330,-86.685710,FRANKLIN LIMESTONE RD,,,,0.00,,,ANTIOCH PIKE,,,,0.00,Y,Four-Way,N,Intersection,None,,,         ,William,Whitworth,Clear,Front to Rear,no,no,no,no,no,False
100907307,METROPOLITAN NASHVILLE POLICE DEPT,2015-0673183,Davidson,Nashville,7/16/2015 8:37:00 AM,1,0,0,36.054860,-86.642510,STATE HWY 254,,,,72.00,Feet,South,ZELIDA AVE,,,,0.00,N,Not at Intersection,N,Non-Junction,None,,,         ,William,Whitworth,Clear,Not Collision with Motor Vehicle in Transport,no,no,no,no,yes,False
100907308,METROPOLITAN NASHVILLE POLICE DEPT,2015-0673525,Davidson,Nashville,7/16/2015 9:15:00 AM,2,0,0,36.131630,-86.754100,INTERSTATE BLVD S,,,,254.00,Feet,North,WOODYCREST AVE,,,,0.00,N,Not at Intersection, ,OtherLocation,None,,,         ,William,Whitworth,Clear,Angle,no,no,no,yes,no,False
100907313,METROPOLITAN NASHVILLE POLICE DEPT,20150674164,Davidson,Nashville,7/16/2015 3:17:00 PM,1,0,0,36.028670,-86.649360,OLD FRANKLIN RD,,,,136.00,Feet,West,CANE RIDGE RD,,,,0.00,N,Not at Intersection,N,Non-Junction,None,,,         ,William,Durham,Clear,Not Collision with Motor Vehicle in Transport,no,no,no,no,no,False
100907315,METROPOLITAN NASHVILLE POLICE DEPT,20150674212,Davidson,Nashville,7/16/2015 2:59:00 PM,2,0,0,36.163400,-86.787790,10TH AVE N,,,,0.00,,,RAMP,,,,0.00,Y,Four-Way, ,Intersection,None,,,         ,Jeffrey,Livingston,Clear,Angle,no,no,no,no,no,False
100907317,METROPOLITAN NASHVILLE POLICE DEPT,2015-0670542,Davidson,Not in City Limit,7/16/2015 2:45:00 PM,3,1,0,36.264100,-86.724780,STATE HWY 45,,,,112.00,Feet,East,BEVERLY DR,,,,0.00,N,Not at Intersection,N,Non-Junction,None,,,         ,Brandon,Wood,Clear,Front to Rear,no,no,no,no,yes,False
100907319,GOODLETTSVILLE POLICE DEPT,15-26924,Davidson,Goodlettsville,7/16/2015 2:51:00 PM,2,0,0,36.307350,-86.694850,STATE HWY 386,,,,0.00,,,CONFERENCE DR,,,,0.00,Y,OTHER, ,Non-Junction,None,,,         ,Brian,Hajdu,Cloudy,Angle,no,no,no,no,no,False
100907329,METROPOLITAN NASHVILLE POLICE DEPT,20150674117,Davidson,Nashville,7/16/2015 1:29:00 PM,2,0,0,36.143210,-86.745560,US HWY 41,,,,400.00,Feet,West,FESSLERS LN,,,,0.00,N,Not at Intersection, ,Non-Junction,None,,,         ,Felipe,Pereira,Clear,Front to Rear,no,no,no,no,no,False
100907337,VANDERBILT UNIVERSITY POLICE,15-674330,Davidson,Nashville,7/16/2015 12:30:00 PM,2,0,0,36.142090,-86.805590,HIGHLAND AVE,,,,0.00,,,,,,,0.00,,, ,Non-Junction,None,,,         ,Patrick,Conwell,Clear,Angle,no,no,no,yes,yes,Campus
100907338,METROPOLITAN NASHVILLE POLICE DEPT,20150674201,Davidson,Nashville,7/16/2015 3:07:00 PM,2,0,0,36.151810,-86.771240,US HWY 41,,,,0.00,,,4TH AVE S,,,,0.00,Y,T-Intersection, ,Intersection,None,,,         ,MIchael,Mihajlov,Clear,Angle,no,no,no,no,no,False
100907339,METROPOLITAN NASHVILLE POLICE DEPT,20150674277,Davidson,Nashville,7/16/2015 3:56:00 PM,3,0,0,36.047710,-86.864170,STATE HWY 254,,,,446.00,Feet,West,US HWY 431,,,,0.00,N,Not at Intersection, ,Non-Junction,None,,,         ,Tien,Nguyen,Clear,Front to Rear,no,no,no,no,no,False
100907340,METROPOLITAN NASHVILLE POLICE DEPT,20150674234,Davidson,Nashville,7/16/2015 3:33:00 PM,3,1,0,36.168460,-86.656660,US HWY 70,,,,70.00,Feet,East,MUNN RD,,,,0.00,N,Not at Intersection,N,Non-Junction,None,,,         ,Leslie,Hale,Clear,Front to Rear,no,no,no,no,no,False
100907348,METROPOLITAN NASHVILLE POLICE DEPT,20150674123,Davidson,Goodlettsville,7/16/2015 2:15:00 PM,2,0,0,36.304700,-86.688960,US HWY 31E,,,,0.00,,,LIBERTY LN,,,,0.00,Y,Four-Way, ,Intersection,None,,,         ,Rodney,Phipps,Clear,Angle,no,no,no,no,no,False
100907354,GOODLETTSVILLE POLICE DEPT,15-26926,Davidson,Goodlettsville,7/16/2015 2:55:00 PM,2,0,0,36.323420,-86.699500,NORTHCREEK BLVD,,,,112.00,Feet,North,NORTHGATE CIR,,,,0.00,N,Not at Intersection, ,Non-Junction,None,,,         ,Timothy,Williams,Clear,Angle,no,no,no,no,no,False
100907357,METROPOLITAN NASHVILLE POLICE DEPT,20150674195,Davidson,Nashville,7/16/2015 3:28:00 PM,2,2,0,36.167640,-86.787690,US HWY 41 ALT,,,,0.00,,,10TH CIR N,,,,0.00,Y,T-Intersection,N,Intersection,None,,,         ,Caleb,Rogan,Clear,HeadOn,no,no,no,no,no,False
100907364,METROPOLITAN NASHVILLE POLICE DEPT,20150674407,Davidson,Nashville,7/16/2015 3:31:00 PM,3,0,0,36.155220,-86.784730,DEMONBREUN ST,,,,106.00,Feet,East,11TH AVE S,,,,0.00,N,Not at Intersection, ,Non-Junction,None,,,         ,Benjamin,Smith,Clear,Front to Rear,no,no,no,no,no,False
100907369,METROPOLITAN NASHVILLE POLICE DEPT,20150674518,Davidson,Nashville,7/16/2015 5:00:00 PM,2,0,0,36.173170,-86.606580,-- UNKNOWN RAMP/ROAD --,,,,0.00,Feet,East,STATE HWY 265,,,,0.00,N,Not at Intersection,N,Non-Junction,None,,,         ,Jacob,Halouska,Clear,Angle,no,no,no,no,yes,False