master_record_number,agency,agency_tracking_number,county,city,collision_date,vehicles_involved,number_injured,number_dead,latitude,longitude,roadway_name,roadway_suffix,roadway_number,roadway_local_id,distance_from_reference,miles-feet_indicator,direction_from_reference,intersection_road_name,intersection_road_name_suffix,intersection_road_number,intersection_local_id,mile_marker,intersection_indicator,intersect_type,interchange_related_indicator,relation_to_junction,work_zone_type,construction_maintenance_zone,construction_maintenance_zone_location,fatal_case_number,officer_first_name,officer_last_name,weather_condition(s),manner_of_crash,pedestrian,bicycle,scooter,parking,hitrun,mou
100908729,METROPOLITAN NASHVILLE POLICE DEPT,20150682662,Davidson,Not in City Limit,7/19/2015 2:46:00 PM,1,1,0,35.997570,-86.674970,PETTUS RD,,,,0.87,Miles,South,OLD HICKORY BLVD,,,,0.00,N,Not at Intersection,N,Non-Junction,None,,,         ,Kevin,Keating,Clear,Not Collision with Motor Vehicle in Transport,no,no,no,no,no,False
100908737,BERRY HILL POLICE DEPT,15-2847,Davidson,Berry Hill,7/19/2015 2:35:00 PM,2,0,0,36.119600,-86.772950,-- UNKNOWN RAMP/ROAD --,,,,0.00,,,I 440,,,,0.00,Y,OTHER, ,,None,,,         ,Roy,Morris,,,no,no,no,yes,no,False
100908750,METROPOLITAN NASHVILLE POLICE DEPT,20150682528,Davidson,Nashville,7/19/2015 12:33:00 PM,2,0,0,36.229010,-86.780590,I 24,,,,0.00,,,,,,,44.25,N,Not at Intersection, ,Non-Junction,Construction Zone,,,         ,Ky,Luu,Clear,Front to Rear,no,no,no,no,no,False
100908773,METROPOLITAN NASHVILLE POLICE DEPT,20150682712,Davidson,Nashville,7/19/2015 2:18:00 PM,3,0,0,36.136730,-86.727070,-- UNKNOWN RAMP/ROAD --,,,,0.00,Feet,East,I 24,,,,0.00,N,Not at Intersection,N,Non-Junction,None,,,         ,Michael,Moss,Clear,Front to Rear,no,no,no,no,no,False
100908775,METROPOLITAN NASHVILLE POLICE DEPT,2015-671285,Davidson,Nashville,7/15/2015 7:38:00 PM,2,1,0,0.000000,0.000000,4TH AVE N,,,,100.00,Feet,East,BROADWAY AVE,AVE,US,,0.00,N,Not at Intersection,N,Non-Junction,None,,,         ,Dejuan,Daniels,Clear,Front to Rear,no,no,no,no,no,False
100908779,METROPOLITAN NASHVILLE POLICE DEPT,20150678291,Davidson,Nashville,7/17/2015 8:00:00 PM,1,0,0,36.252410,-86.739660,I 65,,,,0.00,,,,,,,91.40,N,Not at Intersection,N,Non-Junction,None,,,         ,Ryan,Sabel,Clear,Not Collision with Motor Vehicle in Transport,no,no,no,no,no,False
100908784,METROPOLITAN NASHVILLE POLICE DEPT,20150678013,Davidson,Antioch,7/17/2015 6:20:00 PM,2,0,0,36.058560,-86.597720,HAMILTON CHURCH RD,,,,3.00,Feet,East,STATE HWY 171,,,,0.00,N,Not at Intersection, ,Non-Junction,None,,,         ,Victoria,Cunningham,Clear,Front to Rear,no,no,no,no,no,False
100908785,METROPOLITAN NASHVILLE POLICE DEPT,20150681344,Davidson,Nashville,7/18/2015 8:13:00 PM,2,0,0,36.065080,-86.624740,HAMILTON CHURCH RD,,,,790.00,Feet,West,OWENDALE DR,,,,0.00,N,Not at Intersection,N,Non-Junction,None,,,         ,Victoria,Cunningham,Clear,Rear to Side,no,no,no,no,no,False
100908792,METROPOLITAN NASHVILLE POLICE DEPT,20150682790,Davidson,Nashville,7/19/2015 3:51:00 PM,2,0,0,36.127490,-86.629530,BELL RD,,,,0.00,,,PRIEST WOODS DR,,,,0.00,Y,Four-Way,N,Non-Junction,None,,,         ,Brandon,Vance,Clear,Angle,no,no,no,no,no,False
100908795,METROPOLITAN NASHVILLE POLICE DEPT,20150678360,Davidson,Nashville,7/19/2015 7:05:00 PM,2,0,0,36.055020,-86.642430,STATE HWY 254,,,,8.00,Feet,South,ZELIDA AVE,,,,0.00,N,Not at Intersection, ,Non-Junction,None,,,         ,Victoria,Cunningham,Clear,Front to Rear,no,no,no,no,no,False
100908797,METROPOLITAN NASHVILLE POLICE DEPT,20150682903,Davidson,Nashville,7/19/2015 4:25:00 PM,2,0,0,36.172490,-86.756550,FATHERLAND ST,,,,299.00,Feet,East,S 8TH ST,,,,0.00,N,Not at Intersection, ,Non-Junction,None,,,         ,Robert,Croteau,Clear,"Sideswipe, Same Direction",no,no,no,no,no,False
100908810,METROPOLITAN NASHVILLE POLICE DEPT,20150683016,Davidson,Nashville,7/19/2015 5:25:00 PM,2,0,0,36.078260,-86.725930,US HWY 31 ALT,,,,495.00,Feet,South,STATE HWY 255,,,,0.00,N,Not at Intersection,N,Non-Junction,None,,,         ,Eric,Burford,Clear,Front to Rear,no,no,no,no,no,False
100908817,Nashville Airport Police,2015-01582,Davidson,Nashville,7/19/2015 3:42:00 PM,2,0,0,36.138700,-86.665610,STATE HWY 255,,,,0.00,,,STATE HWY 255,,,,0.00,Y,T-Intersection, ,OtherLocation,None,,,         ,Nicholas,Kolesar,Clear,"Sideswipe, Opposite Direction",no,no,no,no,no,False
100908823,METROPOLITAN NASHVILLE POLICE DEPT,20150683112,Davidson,Nashville,7/19/2015 6:08:00 PM,2,2,0,36.163810,-86.689180,STATE HWY 155,,,,390.00,Feet,South,EXIT 8,,,,0.00,N,Not at Intersection,Y,Non-Junction,None,,,         ,Bryan,Byrnes,Clear,"Sideswipe, Same Direction",no,no,no,no,yes,False
100908824,METROPOLITAN NASHVILLE POLICE DEPT,20150683127,Davidson,Nashville,7/19/2015 6:10:00 PM,1,1,0,36.146090,-86.742160,I 40,,,,0.00,,,,,,,212.15,N,Not at Intersection,N,Non-Junction,None,,,         ,John,Kelley,Clear,Not Collision with Motor Vehicle in Transport,no,no,no,no,no,False
100908825,METROPOLITAN NASHVILLE POLICE DEPT,20150682800,Davidson,Nashville,7/19/2015 2:13:00 PM,2,1,0,36.187980,-86.821590,CLARKSVILLE PIKE,,,,0.00,,,US HWY 41 ALT,,,,0.00,Y,Four-Way,N,Intersection,None,,,         ,Brian,Woodard,Cloudy,Front to Rear,no,no,no,no,yes,False
100908838,METROPOLITAN NASHVILLE POLICE DEPT,20150681097,Davidson,Nashville,7/18/2015 4:20:00 PM,1,1,0,36.211850,-86.748600,US HWY 31E,,,,190.00,Feet,North,CONNECTING ROAD,,,,0.00,N,Not at Intersection,N,Non-Junction,None,,,         ,Jeremy,King,Clear,Not Collision with Motor Vehicle in Transport,no,no,no,no,no,False
100908839,METROPOLITAN NASHVILLE POLICE DEPT,20150683301,Davidson,Nashville,7/19/2015 12:00:00 AM,2,0,0,36.094380,-86.653330,US HWY 41,,,,0.00,,,FRANKLIN LIMESTONE RD,,,,0.00,Y,Four-Way, ,Intersection,None,,,         ,Larry,Preuett,Clear,"Sideswipe, Same Direction",no,no,no,no,no,False
100908844,METROPOLITAN NASHVILLE POLICE DEPT,20150682934,Davidson,Nashville,7/19/2015 4:50:00 PM,2,1,0,36.115070,-86.810710,US HWY 431,,,,350.00,Feet,South,HAMPTON AVE,,,,0.00,N,Not at Intersection,N,Non-Junction,None,,,         ,Douglas,Sykes,Clear,HeadOn,no,no,no,no,yes,False
100908870,METROPOLITAN NASHVILLE POLICE DEPT,20150683363,Davidson,Nashville,7/19/2015 6:20:00 PM,2,0,0,36.162590,-86.597250,OLD HICKORY BLVD,,,,271.00,Feet,North,RAMP,,,,0.00,N,Not at Intersection,N,Non-Junction,None,,,         ,Bryan,Byrnes,Clear,Front to Rear,no,no,no,no,no,False
100908874,METROPOLITAN NASHVILLE POLICE DEPT,20150683486,Davidson,Nashville,7/19/2015 8:45:00 PM,2,0,0,36.181560,-86.758710,N 9TH ST,,,,344.00,Feet,North,MARINA ST,,,,0.00,N,Not at Intersection, ,Non-Junction,None,,,         ,Terence,Maahs,Clear,Angle,no,no,no,no,no,False
100908880,METROPOLITAN NASHVILLE POLICE DEPT,2015-0683151,Davidson,Nashville,7/19/2015 6:32:00 PM,2,1,0,36.193930,-86.767030,DOUGLAS AVE,,,,24.00,Feet,East,MERIDIAN ST,,,,0.00,N,Not at Intersection,N,Non-Junction,None,,,         ,Anthony,Cavis,Clear,"Sideswipe, Same Direction",no,no,no,no,no,False
100908887,METROPOLITAN NASHVILLE POLICE DEPT,20150681670,Davidson,Nashville,7/19/2015 2:00:00 AM,2,0,0,36.153090,-86.772060,4TH AVE S,,,,79.00,Feet,South,ELM ST,,,,0.00,N,Not at Intersection, ,Non-Junction,None,,,         ,Adam,Crutcher,Clear,Angle,no,no,no,no,no,False
100908899,METROPOLITAN NASHVILLE POLICE DEPT,20150682833,Davidson,Nashville,7/19/2015 4:10:00 PM,3,0,0,36.164130,-86.762950,I 24,,,,0.00,,,,,,,49.15,N,Not at Intersection,N,Non-Junction,None,,,         ,Ethan,Luffman,Clear,Front to Rear,no,no,no,no,no,False
100908900,METROPOLITAN NASHVILLE POLICE DEPT,20150683052,Davidson,Nashville,7/19/2015 5:40:00 PM,2,0,0,36.160490,-86.778440,5TH AVE S,,,,0.00,,,US HWY 70,,,,0.00,Y,Four-Way, ,Non-Junction,None,,,         ,Ethan,Luffman,Clear,Front to Rear,no,no,no,no,no,False
100908905,METROPOLITAN NASHVILLE POLICE DEPT,20150683632,Davidson,Nashville,7/19/2015 10:26:00 PM,2,1,0,36.031270,-86.639190,I 24,,,,0.00,,,,,,,60.90,N,Not at Intersection,N,Non-Junction,None,,,         ,Kevin,Keating,Clear,Front to Rear,no,no,no,no,yes,False
100908912,METROPOLITAN NASHVILLE POLICE DEPT,20150677990,Davidson,Nashville,7/19/2015 6:00:00 PM,2,0,0,36.217860,-86.597610,ANDREW JACKSON PKWY,,,,0.00,,,JACKSON MEADOWS DR,,,,0.00,Y,T-Intersection, ,Non-Junction,None,,,         ,Darryl,Williams,Clear,Front to Rear,no,no,no,no,no,False
100908919,METROPOLITAN NASHVILLE POLICE DEPT,20150683650,Davidson,Old Hickory,7/19/2015 12:00:00 AM,2,0,0,36.254300,-86.649140,DEBOW ST,,,,0.00,,,16TH ST,,,,0.00,Y,T-Intersection, ,Non-Junction,None,,,         ,Roy,McElwee,Clear,"Sideswipe, Same Direction",no,no,no,no,no,False
100908923,METROPOLITAN NASHVILLE POLICE DEPT,20150682116,Davidson,Nashville,7/19/2015 5:34:00 AM,1,0,0,36.253610,-86.699090,NEELYS BEND RD,,,,0.00,,,,,,,0.00,,,N,Non-Junction,None,,,         ,George,Ward,Clear,Not Collision with Motor Vehicle in Transport,no,no,no,no,no,False
100908935,METROPOLITAN NASHVILLE POLICE DEPT,20150681824,Davidson,Nashville,7/19/2015 2:34:00 AM,2,0,0,36.044770,-86.661510,STATE HWY 254,,,,0.00,,,CANE RIDGE RD,,,,0.00,Y,Four-Way,N,Intersection,None,,,         ,David,Moser,Clear,Front to Rear,no,no,no,no,no,False
100908939,METROPOLITAN NASHVILLE POLICE DEPT,20150683800,Davidson,Nashville,7/19/2015 10:57:00 PM,2,0,0,36.064760,-86.628450,HAMILTON CHURCH RD,,,,0.00,,,US HWY 41,,,,0.00,Y,Four-Way,N,Intersection,None,,,         ,David,Moser,Clear,Front to Rear,no,no,no,no,yes,False
100908949,METROPOLITAN NASHVILLE POLICE DEPT,20150679690,Davidson,Nashville,7/18/2015 5:33:00 AM,2,0,0,36.047620,-86.655920,HICKORY HOLLOW PKWY,,,,0.00,,,STATE HWY 254,,,,0.00,Y,Four-Way, ,Intersection-Related,None,,,         ,Wallis,Massey,Clear,Front to Rear,no,no,no,no,yes,False
100908951,METROPOLITAN NASHVILLE POLICE DEPT,20150678863,Davidson,Nashville,7/17/2015 10:50:00 PM,1,1,0,36.234600,-86.809450,STATE HWY 155,,,,173.00,Feet,East,EXIT 19,,,,0.00,N,Not at Intersection,N,Non-Junction,None,,,         ,Geoffrey,Daugherty,Clear,Not Collision with Motor Vehicle in Transport,no,no,no,no,no,False
100908961,METROPOLITAN NASHVILLE POLICE DEPT,20150683957,Davidson,Nashville,7/20/2015 1:49:00 AM,1,0,0,36.108510,-86.720270,EXIT 54,,,,0.00,Feet,East,I 24,,,,0.00,N,Not at Intersection,Y,Entrance/Exit Ramp Related,None,,,         ,Wallis,Massey,Clear,Not Collision with Motor Vehicle in Transport,no,no,no,no,no,False
100908968,METROPOLITAN NASHVILLE POLICE DEPT,2015-0683703,Davidson,Nashville,7/19/2015 12:00:00 AM,2,0,0,36.166580,-86.862110,62ND AVE N,,,,38.00,Feet,South,CALIFORNIA AVE,,,,0.00,N,Not at Intersection,N,"Driveway, Alley Access, etc",None,,,         ,Barry,Scarbrough,Clear,"Sideswipe, Opposite Direction",no,no,no,yes,yes,False
100908976,METROPOLITAN NASHVILLE POLICE DEPT,20150684089,Davidson,Nashville,7/20/2015 3:19:00 AM,1,0,0,36.191850,-86.778850,I 65,,,,0.00,,,,,,,86.40,N,Not at Intersection,N,Non-Junction,None,,,         ,James,Jarvis,Clear,Not Collision with Motor Vehicle in Transport,no,no,no,no,no,False
100908989,METROPOLITAN NASHVILLE POLICE DEPT,20150679724,Davidson,Nashville,7/18/2015 5:59:00 AM,1,1,0,36.211430,-86.924030,STATE HWY 12,,,,885.00,Feet,West,OLD HYDES FERRY PIKE,,,,0.00,N,Not at Intersection,N,Non-Junction,None,,,         ,Geoffrey,Daugherty,Clear,Not Collision with Motor Vehicle in Transport,no,no,no,no,no,False
100909020,METROPOLITAN NASHVILLE POLICE DEPT,2015-0676671,Davidson,Nashville,7/17/2015 9:15:00 AM,1,2,0,36.194020,-86.752600,US HWY 31E,,,,247.00,Feet,North,DOUGLAS AVE,,,,0.00,N,Not at Intersection,Y,Entrance/Exit Ramp Related,None,,,         ,Coleman,Womack,Clear,Not Collision with Motor Vehicle in Transport,no,no,no,no,no,False
100909022,METROPOLITAN NASHVILLE POLICE DEPT,20150682485,Davidson,Goodlettsville,7/19/2015 11:45:00 AM,2,0,0,36.303840,-86.690230,US HWY 31E,,,,500.00,Feet,West,LIBERTY LN,,,,0.00,N,Not at Intersection, ,Non-Junction,None,,,         ,William,Coy,Clear,Angle,no,no,no,no,no,False
100909024,BERRY HILL POLICE DEPT,15-2845,Davidson,Berry Hill,7/20/2015 12:17:00 PM,2,0,0,36.125220,-86.776690,US HWY 31,,,,0.00,,,INVERNESS AVE,,,,0.00,Y,T-Intersection, ,Intersection,None,,,         ,Ronnie,Hill,Clear,Angle,no,no,no,no,no,False
100909026,METROPOLITAN NASHVILLE POLICE DEPT,2015-0676582,Davidson,Nashville,7/17/2015 8:10:00 AM,2,0,0,36.196760,-86.764200,MARIE ST,,,,0.00,,,STAINBACK AVE,,,,0.00,Y,Four-Way, ,Intersection,None,,,         ,Coleman,Womack,Clear,Angle,no,no,no,no,no,False
100909030,METROPOLITAN NASHVILLE POLICE DEPT,20150660720,Davidson,Nashville,7/12/2015 1:04:00 PM,2,1,0,36.086770,-86.691690,ANTIOCH PIKE,,,,280.00,Feet,South,STATE HWY 255,,,,0.00,N,Not at Intersection,N,Non-Junction,None,,,         ,Scott,Carter,Clear,Angle,no,no,no,no,no,False
100909032,METROPOLITAN NASHVILLE POLICE DEPT,2015-0676938,Davidson,Nashville,7/17/2015 11:05:00 AM,1,0,0,36.177430,-86.749920,S 11TH ST,,,,0.00,,,WOODLAND ST,,,,0.00,Y,OTHER, ,"Driveway, Alley Access, etc",None,,,         ,Coleman,Womack,Clear,Not Collision with Motor Vehicle in Transport,no,no,no,yes,no,False
100909035,METROPOLITAN NASHVILLE POLICE DEPT,20150684430,Davidson,Madison,7/20/2015 7:22:00 AM,2,0,0,36.263750,-86.687110,ARCHWOOD DR,,,,0.00,,,STATE HWY 45,,,,0.00,Y,OTHER, ,Intersection-Related,None,,,         ,David,Boone,Clear,Angle,no,no,no,no,no,False
100909037,METROPOLITAN NASHVILLE POLICE DEPT,20150684457,Davidson,Nashville,7/20/2015 7:30:00 AM,2,0,0,36.124120,-86.743380,I 440,,,,0.00,,,,,,,6.65,N,Not at Intersection, ,Non-Junction,None,,,         ,Christopher,Hanor,Cloudy,Front to Rear,no,no,no,no,no,False
100909039,BELLE MEADE POLICE DEPT,2015-0185,Davidson,Belle Meade,7/20/2015 7:46:00 AM,2,0,0,36.119670,-86.854830,US HWY 70S,,,,0.00,,,BELLE MEADE BLVD,,,,0.00,Y,T-Intersection, ,Non-Junction,None,,,         ,Dennis,Goins,Clear,Angle,no,no,no,no,no,False
100909056,METROPOLITAN NASHVILLE POLICE DEPT,2015-0684532,Davidson,Nashville,7/20/2015 8:00:00 AM,2,0,0,36.110060,-86.770360,I 65,,,,0.00,,,,,,,79.75,N,Not at Intersection, ,,None,,,         ,Jason,Picanzo,,,no,no,no,no,no,False
100909057,METROPOLITAN NASHVILLE POLICE DEPT,2015-0684438,Davidson,Nashville,7/20/2015 7:26:00 AM,4,0,0,36.161070,-86.620840,I 40,,,,0.00,,,,,,,219.60,N,Not at Intersection,N,Non-Junction,None,,,         ,Michael,Dance,Cloudy,Front to Rear,no,no,no,no,no,False
100909058,METROPOLITAN NASHVILLE POLICE DEPT,2015-0684362,Davidson,Nashville,7/20/2015 6:42:00 AM,2,2,0,36.209520,-86.870400,-- UNKNOWN RAMP/ROAD --,,,,0.00,,,RAMP,,,,0.00,Y,T-Intersection,N,Entrance/Exit Ramp Related,None,,,         ,William,Caillouette,Cloudy,Angle,no,no,no,no,no,False
100909075,METROPOLITAN NASHVILLE POLICE DEPT,20150684539,Davidson,Nashville,7/20/2015 8:08:00 AM,2,0,0,36.190510,-86.790090,I 65,,,,0.00,,,,,,,85.75,N,Not at Intersection,N,Non-Junction,None,,,         ,Rodney,Clark,Clear,Front to Rear,no,no,no,no,no,False
100909085,METROPOLITAN NASHVILLE POLICE DEPT,20150684530,Davidson,Nashville,7/20/2015 8:00:00 AM,3,2,0,36.197630,-86.620720,US HWY 70,,,,220.00,Feet,West,RAMP,,,,0.00,N,Not at Intersection,N,Non-Junction,None,,,         ,Phillip,Black,Clear,Front to Rear,no,no,no,no,no,False
100909086,METROPOLITAN NASHVILLE POLICE DEPT,20150684622,Davidson,Not in City Limit,7/20/2015 8:29:00 AM,2,0,0,36.287370,-86.744250,US HWY 31W,,,,56.00,Feet,South,OLD DICKERSON PIKE,,,,0.00,N,Not at Intersection,N,Non-Junction,None,,,         ,Caleb,Foster,Cloudy,Not Collision with Motor Vehicle in Transport,no,no,no,no,no,False
100909104,METROPOLITAN NASHVILLE POLICE DEPT,20150684449,Davidson,Nashville,7/20/2015 7:31:00 AM,2,0,0,36.183910,-86.610470,ANDREW JACKSON PKWY,,,,0.00,,,RAMP,,,,0.00,Y,Four-Way, ,Intersection-Related,None,,,         ,Craig,Carlson,Clear,Front to Rear,no,no,no,no,no,False
100909105,METROPOLITAN NASHVILLE POLICE DEPT,20150684684,Davidson,Nashville,7/20/2015 9:01:00 AM,3,0,0,36.197390,-86.608480,TYLER DR,,,,0.00,,,ANDREW JACKSON PKWY,,,,0.00,Y,T-Intersection,N,Intersection-Related,None,,,         ,Craig,Carlson,Clear,Front to Rear,no,no,no,no,yes,False
100909107,METROPOLITAN NASHVILLE POLICE DEPT,2015677217,Davidson,Nashville,7/16/2015 1:13:00 PM,2,0,0,36.158880,-86.782050,US HWY 31,,,,0.00,,,US HWY 70,,,,0.00,Y,Four-Way, ,Intersection-Related,None,,,         ,Joshua,Hollins,Clear,"Sideswipe, Same Direction",no,no,no,no,no,False
100909108,METROPOLITAN NASHVILLE POLICE DEPT,2015-0684746,Davidson,Nashville,7/20/2015 9:20:00 AM,2,0,0,36.153920,-86.857430,URBANDALE AVE,,,,0.00,,,STATE HWY 155,,,,0.00,Y,Four-Way,N,Intersection,None,,,         ,Cesar,Castillo,Clear,Angle,no,no,no,no,no,False
100909110,METROPOLITAN NASHVILLE POLICE DEPT,20150684676,Davidson,Nashville,7/20/2015 8:57:00 AM,1,1,0,36.231960,-86.783600,I 24,,,,0.00,,,,,,,44.00,N,Not at Intersection,N,Non-Junction,None,,,         ,Andrae,Starling,Clear,Not Collision with Motor Vehicle in Transport,yes,no,no,no,no,False
100909121,METROPOLITAN NASHVILLE POLICE DEPT,20150684870,Davidson,Nashville,7/20/2015 10:20:00 AM,2,0,0,36.193310,-86.830640,RAMP,,,,0.00,Feet,East,US HWY 41 ALT,,,,0.00,N,Not at Intersection,N,Non-Junction,None,,,         ,Richard,Olive,Clear,"Sideswipe, Same Direction",no,no,no,no,yes,False
100909123,METROPOLITAN NASHVILLE POLICE DEPT,2015-0684915,Davidson,Nashville,7/20/2015 12:00:00 AM,2,0,0,36.229180,-86.727650,PORSHA DR,,,,49.00,Feet,South,BROADMOOR DR,,,,0.00,N,Not at Intersection,N,Non-Junction,None,,,         ,Coleman,Womack,Unknown,"Sideswipe, Same Direction",no,no,no,no,yes,False
100909140,VANDERBILT UNIVERSITY POLICE,150684923,Davidson,Nashville,7/20/2015 9:20:00 AM,2,0,0,36.139620,-86.802950,PIERCE AVE,,,,0.00,,,,,,,0.00,,, ,Non-Junction,None,,,         ,Yasemine,Lomax,Clear,Front to Rear,no,no,no,yes,no,Campus
100909145,METROPOLITAN NASHVILLE POLICE DEPT,2015-0684973,Davidson,Nashville,7/20/2015 11:08:00 AM,2,1,0,36.081330,-86.759480,STATE HWY 255,,,,0.00,,,RAMP,,,,0.00,Y,Four-Way,N,Intersection-Related,None,,,         ,Aaron,Jones,Clear,Angle,no,no,no,no,no,False
100909151,METROPOLITAN NASHVILLE POLICE DEPT,20150685102,Davidson,Nashville,7/20/2015 12:08:00 PM,2,0,0,36.134830,-86.741310,FOSTER AVE,,,,0.00,,,WOODYCREST AVE,,,,0.00,Y,T-Intersection, ,Intersection,None,,,         ,Brian,Lamb,Clear,Front to Rear,no,no,no,no,no,False
100909153,METROPOLITAN NASHVILLE POLICE DEPT,2015-0673912,Davidson,Nashville,7/16/2015 1:10:00 PM,2,0,0,36.130170,-86.755010,POLK AVE,,,,0.00,,,US HWY 31 ALT,,,,0.00,Y,T-Intersection,N,Intersection,None,,,         ,William,Whitworth,Clear,"Sideswipe, Opposite Direction",no,no,no,no,yes,False
100909154,METROPOLITAN NASHVILLE POLICE DEPT,2015-0684459,Davidson,Nashville,7/20/2015 7:36:00 AM,2,0,0,36.121440,-86.756960,I 440,,,,0.00,,,,,,,6.00,N,Not at Intersection, ,Non-Junction,None,,,         ,William,Whitworth,Clear,"Sideswipe, Same Direction",no,no,no,no,no,False
100909155,METROPOLITAN NASHVILLE POLICE DEPT,2015-0685016,Davidson,Nashville,7/20/2015 12:00:00 AM,2,0,0,36.037690,-86.666070,MOUNTAINHIGH DR,,,,101.00,Feet,South,ARBOR CREST BLVD,,,,0.00,N,Not at Intersection,N,OtherLocation,None,,,         ,William,Whitworth,Clear,"Sideswipe, Same Direction",no,no,no,no,yes,False
100909159,METROPOLITAN NASHVILLE POLICE DEPT,20150684963,Davidson,Nashville,7/20/2015 11:04:00 AM,2,1,0,36.089500,-86.650240,US HWY 41,,,,162.00,Feet,North,RANSOM PL,,,,0.00,N,Not at Intersection,N,Non-Junction,None,,,         ,Steven,Rowlett,Clear,Front to Rear,no,no,no,no,no,False
100909160,METROPOLITAN NASHVILLE POLICE DEPT,20150685113,Davidson,Nashville,7/20/2015 12:13:00 PM,2,0,0,36.144690,-86.744420,ELM HILL PIKE,,,,114.00,Feet,West,FESSLERS LN,,,,0.00,N,Not at Intersection, ,,None,,,         ,Michael,Dance,,,no,no,no,no,no,False
100909165,METROPOLITAN NASHVILLE POLICE DEPT,2015-0676434,Davidson,Nashville,7/18/2015 7:00:00 AM,2,0,0,36.153350,-86.820860,US HWY 70,,,,0.00,,,31ST AVE N,,,,0.00,Y,T-Intersection, ,Intersection,None,,,         ,David,Barras,Clear,Front to Rear,no,no,no,no,no,False
100909170,METROPOLITAN NASHVILLE POLICE DEPT,2015-0685109,Davidson,Nashville,7/20/2015 12:10:00 PM,3,0,0,36.152340,-86.837530,US HWY 70,,,,145.00,Feet,West,42ND AVE N,,,,0.00,N,Not at Intersection,N,Non-Junction,None,,,         ,Walter,Gray II,Clear,Front to Rear,no,no,no,no,no,False
100909178,METROPOLITAN NASHVILLE POLICE DEPT,20150685201,Davidson,Nashville,7/20/2015 12:50:00 PM,2,0,0,36.098700,-86.738980,US HWY 31 ALT,,,,46.00,Feet,South,RAYMOND ST,,,,0.00,N,Not at Intersection,N,Non-Junction,None,,,         ,Kevin,Caperton,Clear,Front to Rear,no,no,no,no,no,False
100909180,METROPOLITAN NASHVILLE POLICE DEPT,20150685175,Davidson,Not in City Limit,7/20/2015 12:39:00 PM,2,0,0,36.259100,-86.738250,I 65,,,,0.00,,,,,,,91.90,N,Not at Intersection, ,Non-Junction,None,,,         ,William,Coy,Clear,"Sideswipe, Same Direction",no,no,no,no,no,False
100909185,METROPOLITAN NASHVILLE POLICE DEPT,20150683638,Davidson,Nashville,7/19/2015 10:20:00 PM,1,0,0,36.029320,-86.637020,I 24,,,,0.00,,,,,,,61.10,N,Not at Intersection,N,Non-Junction,None,,,         ,Ian,Lynch,Clear,Not Collision with Motor Vehicle in Transport,no,no,no,no,no,False
100909189,METROPOLITAN NASHVILLE POLICE DEPT,2015-0685065`,Davidson,Nashville,7/20/2015 11:46:00 AM,2,0,0,36.135120,-86.811390,FAIRFAX AVE,,,,0.00,,,NATCHEZ TRC,,,,0.00,Y,Four-Way,N,Intersection,None,,,         ,Emily,Davies,Clear,Angle,no,no,no,no,no,Campus
100909192,METROPOLITAN NASHVILLE POLICE DEPT,2015-0685264,Davidson,Nashville,7/20/2015 1:05:00 PM,2,0,0,36.099870,-86.739580,US HWY 31 ALT,,,,0.00,,,ELGIN ST,,,,0.00,Y,Four-Way, ,Intersection-Related,None,,,         ,Aaron,Jones,Clear,Front to Rear,no,no,no,no,no,False
100909193,VANDERBILT UNIVERSITY POLICE,15-0685233,Davidson,Nashville,7/20/2015 12:45:00 PM,2,0,0,36.141130,-86.812430,VANDERBILT PL,,,,0.00,,,VANDERBILT PL,,,,0.00,,OTHER, ,Non-Junction,None,,,         ,Brent,Clark,Clear,"Sideswipe, Same Direction",no,no,no,yes,no,Campus
100909198,METROPOLITAN NASHVILLE POLICE DEPT,20150684681,Davidson,Nashville,7/20/2015 10:10:00 AM,2,0,0,36.124400,-86.751850,US HWY 31 ALT,,,,121.00,Feet,North,EXIT 6,,,,0.00,N,Not at Intersection, ,Non-Junction,None,,,         ,John,Daugherty,Clear,Front to Rear,no,no,no,no,no,False
100909204,METROPOLITAN NASHVILLE POLICE DEPT,20150685231,Davidson,Nashville,7/20/2015 1:00:00 PM,2,0,0,36.113880,-86.742980,FOSTER AVE,,,,0.00,,,,,,,0.00,,, ,"Driveway, Alley Access, etc",None,,,         ,Todd,Watson,Clear,"Sideswipe, Same Direction",no,no,no,yes,no,False
100909208,Metro Park Police,20150683781,Davidson,Nashville,7/19/2015 3:30:00 PM,2,0,0,36.093260,-86.715780,SCOTWOOD DR,,,,0.00,,,BENITA DR,,,,0.00,Y,OTHER,N,Non-Junction,None,,,         ,Bryan,Crutchfield,Clear,Rear to Side,no,no,no,yes,no,False
100909218,THP District 7 - Lawrenceburg,315037273,Davidson,Nashville,7/18/2015 3:35:00 PM,2,0,0,36.198330,-86.687950,-- UNKNOWN RAMP/ROAD --,,,,0.00,Feet,East,STATE HWY 155,,,,0.00,N,Not at Intersection, ,Non-Junction,None,,,         ,Jeff,Webb,Clear,Front to Rear,no,no,no,no,no,False