master_record_number,agency,agency_tracking_number,county,city,collision_date,vehicles_involved,number_injured,number_dead,latitude,longitude,roadway_name,roadway_suffix,roadway_number,roadway_local_id,distance_from_reference,miles-feet_indicator,direction_from_reference,intersection_road_name,intersection_road_name_suffix,intersection_road_number,intersection_local_id,mile_marker,intersection_indicator,intersect_type,interchange_related_indicator,relation_to_junction,work_zone_type,construction_maintenance_zone,construction_maintenance_zone_location,fatal_case_number,officer_first_name,officer_last_name,weather_condition(s),manner_of_crash,pedestrian,bicycle,scooter,parking,hitrun,mou
100909618,METROPOLITAN NASHVILLE POLICE DEPT,2015-0685087,Davidson,Nashville,7/20/2015 4:55:00 PM,2,1,0,36.153920,-86.857430,STATE HWY 155,,,,0.00,,,URBANDALE AVE,,,,0.00,Y,OTHER,N,Intersection,None,,,         ,Walter,Gray II,Clear,Angle,no,no,no,no,no,False
100909620,METROPOLITAN NASHVILLE POLICE DEPT,20150687891,Davidson,Nashville,7/21/2015 10:00:00 AM,2,1,0,36.124160,-86.751520,EXIT 6,,,,0.00,Feet,East,I 440,,,,0.00,N,Not at Intersection,N,Entrance/Exit Ramp Related,None,,,         ,Todd,Watson,Clear,"Sideswipe, Same Direction",no,no,no,no,yes,False
100909621,METROPOLITAN NASHVILLE POLICE DEPT,2015-0685363,Davidson,Nashville,7/20/2015 1:51:00 PM,2,0,0,36.125630,-86.709840,US HWY 41,,,,0.00,,,BOWWOOD CT,,,,0.00,Y,Four-Way,N,Intersection,None,,,         ,William,Whitworth,Clear,Front to Rear,no,no,no,no,no,False
100909622,METROPOLITAN NASHVILLE POLICE DEPT,2015-0687597,Davidson,Nashville,7/21/2015 8:00:00 AM,2,0,0,36.093570,-86.693710,HARDING INDUSTRIAL DR,,,,1534.00,Feet,North,MCGAVOCK PIKE,,,,0.00,N,Not at Intersection, ,Non-Junction,None,,,         ,William,Whitworth,Clear,"Sideswipe, Opposite Direction",no,no,no,no,no,False
100909623,METROPOLITAN NASHVILLE POLICE DEPT,2015-0687825,Davidson,Nashville,7/21/2015 9:33:00 AM,2,0,0,36.088160,-86.695890,METROPLEX DR,,,,483.00,Feet,North,STATE HWY 255,,,,0.00,N,Not at Intersection, ,"Driveway, Alley Access, etc",None,,,         ,William,Whitworth,Clear,Angle,no,no,no,no,no,False
100909628,METROPOLITAN NASHVILLE POLICE DEPT,20150687792,Davidson,Nashville,7/21/2015 9:00:00 AM,1,0,0,36.111630,-86.792630,STATE HWY 155,,,,0.00,,,GRANNY WHITE PIKE,,,,0.00,Y,Four-Way, ,Intersection,None,,,         ,James,Smith,Clear,Not Collision with Motor Vehicle in Transport,no,no,no,no,no,False
100909629,METROPOLITAN NASHVILLE POLICE DEPT,20150688054,Davidson,Nashville,7/21/2015 11:13:00 AM,2,0,0,36.141320,-86.883720,ANNEX AVE,,,,0.00,,,,,,,0.00,,, ,Non-Junction,None,,,         ,Ryan,Burger,Clear,Front to Rear,no,no,no,no,no,False
100909636,METROPOLITAN NASHVILLE POLICE DEPT,2015-0688110,Davidson,Nashville,7/21/2015 11:30:00 AM,2,1,0,36.212030,-86.775580,I 65,,,,0.00,,,,,,,87.75,N,Not at Intersection,N,Non-Junction,Construction Zone,Lane Shift-Crossover,Activity Area,         ,Coleman,Womack,Clear,Front to Rear,no,no,no,no,no,False
100909637,GOODLETTSVILLE POLICE DEPT,15-27589,Davidson,Goodlettsville,7/21/2015 10:51:00 AM,2,0,0,36.309580,-86.695730,STATE HWY 386,,,,0.00,Feet,,CONFERENCE DR,,,,0.00,Y,T-Intersection, ,Entrance/Exit Ramp Related,None,,,         ,John,Spencer,Clear,Front to Rear,no,no,no,no,no,False
100909638,METROPOLITAN NASHVILLE POLICE DEPT,20150688041,Davidson,Nashville,7/21/2015 11:08:00 AM,2,0,0,36.107650,-86.766220,POWELL AVE,,,,651.00,Feet,West,POWELL PL,,,,0.00,N,Not at Intersection,N,Non-Junction,None,,,         ,Nathan,Kemp,Clear,Unknown,no,no,no,yes,yes,False
100909639,METROPOLITAN NASHVILLE POLICE DEPT,20150688163,Davidson,Nashville,7/21/2015 12:00:00 AM,2,0,0,36.111070,-86.647780,REYNOLDS RD,,,,1305.00,Feet,South,COUCHVILLE PIKE,,,,0.00,N,Not at Intersection,N,Non-Junction,None,,,         ,Craig,Gentry,Clear,Front to Rear,no,no,no,no,no,False
100909640,METROPOLITAN NASHVILLE POLICE DEPT,20150688097,Davidson,Nashville,7/21/2015 11:32:00 AM,2,0,0,36.098900,-86.871850,STATE HWY 100,,,,0.00,Feet,,HEADY DR,,,,0.00,Y,Four-Way, ,Intersection,None,,,         ,Patrick,McGinnis,Clear,"Sideswipe, Opposite Direction",no,no,no,no,no,False
100909641,METROPOLITAN NASHVILLE POLICE DEPT,20150688123,Davidson,Nashville,7/21/2015 11:41:00 AM,2,3,0,36.218480,-86.774980,I 65,,,,0.00,,,,,,,88.20,N,Not at Intersection,Y,Entrance/Exit Ramp Related,Construction Zone,Work On Shoulder Or Median,Activity Area,         ,Michael,Parman,Clear,"Sideswipe, Same Direction",no,no,no,no,yes,False
100909654,METROPOLITAN NASHVILLE POLICE DEPT,20150687969,Davidson,Goodlettsville,7/21/2015 10:16:00 AM,2,1,0,36.305890,-86.693930,CONFERENCE DR,,,,0.00,,,CONNECTING ROAD,,,,0.00,Y,Four-Way,Y,Intersection,None,,,         ,Andrew,Ivey,Clear,Angle,no,no,no,no,no,False
100909661,METROPOLITAN NASHVILLE POLICE DEPT,20150688141,Davidson,Nashville,7/21/2015 12:00:00 AM,2,0,0,36.144450,-86.872710,US HWY 70,,,,0.00,,,AMERICAN RD,,,,0.00,Y,T-Intersection,N,Intersection-Related,None,,,         ,James,Pierceall,Clear,Front to Rear,no,no,no,no,no,False
100909663,METROPOLITAN NASHVILLE POLICE DEPT,20150688374,Davidson,Nashville,7/21/2015 1:10:00 PM,2,0,0,36.145950,-86.798510,SCARRITT PL,,,,305.00,Feet,East,US HWY 431,,,,0.00,N,Not at Intersection, ,Non-Junction,None,,,         ,Erik,Wagner,Cloudy,Angle,no,no,no,no,no,Campus
100909670,METROPOLITAN NASHVILLE POLICE DEPT,20150688378,Davidson,Nashville,7/21/2015 11:45:00 AM,1,0,0,36.060790,-86.716640,US HWY 31 ALT,,,,184.00,Feet,South,MCMURRAY DR,,,,0.00,N,Not at Intersection,N,Non-Junction,None,,,         ,Richard,Conger,Clear,Not Collision with Motor Vehicle in Transport,no,no,no,yes,no,False
100909674,METROPOLITAN NASHVILLE POLICE DEPT,20150688150,Davidson,Nashville,7/21/2015 11:40:00 AM,2,0,0,36.158560,-86.800520,DR DB TODD JR BLVD,,,,106.00,Feet,North,RAMP,,,,0.00,N,Not at Intersection,N,Non-Junction,None,,,         ,Steven,Spillers,Clear,Front to Rear,no,no,no,no,no,False
100909677,METROPOLITAN NASHVILLE POLICE DEPT,20150688385,Davidson,Nashville,7/21/2015 1:15:00 PM,2,2,0,36.192440,-86.616170,STATE HWY 45,,,,0.00,,,JUAREZ DR,,,,0.00,Y,Four-Way,N,Intersection,None,,,         ,Craig,Carlson,Clear,Angle,no,no,no,no,no,False
100909684,METROPOLITAN NASHVILLE POLICE DEPT,2015-0687942,Davidson,Nashville,7/21/2015 10:27:00 AM,2,0,0,36.101060,-86.819770,HOBBS RD,,,,0.00,,,HILLSBORO CIR,,,,0.00,Y,T-Intersection, ,Intersection,None,,,         ,Walter,Gray II,Clear,Angle,no,no,no,no,no,False
100909692,METROPOLITAN NASHVILLE POLICE DEPT,20150685986,Davidson,Nashville,7/20/2015 6:32:00 PM,1,0,0,36.064860,-86.710790,MELPAR DR,,,,21.00,Feet,East,MADELINE DR,,,,0.00,N,Not at Intersection, ,Non-Junction,None,,,         ,Ian,Lynch,Clear,Not Collision with Motor Vehicle in Transport,no,no,no,no,no,False
100909698,METROPOLITAN NASHVILLE POLICE DEPT,20150688527,Davidson,Nashville,7/21/2015 2:08:00 PM,2,0,0,36.188130,-86.588700,CHRISTINA CT,,,,90.00,Feet,East,RACHAELS SPRING RD,,,,0.00,N,Not at Intersection, ,"Driveway, Alley Access, etc",None,,,         ,Christopher,Augustin,Cloudy,Angle,no,no,no,no,no,False
100909720,METROPOLITAN NASHVILLE POLICE DEPT,20150688559,Davidson,Nashville,7/21/2015 2:55:00 PM,1,2,0,36.080350,-86.696420,I 24,,,,0.00,,,,,,,56.20,N,Not at Intersection,N,Non-Junction,None,,,         ,Jessie,Meadows,Clear,Not Collision with Motor Vehicle in Transport,no,no,no,no,no,False
100909721,METROPOLITAN NASHVILLE POLICE DEPT,20150688601,Davidson,Nashville,7/21/2015 2:50:00 PM,1,0,0,36.204210,-86.747100,E TRINITY LN,,,,0.00,,,,,,,0.00,,, ,Non-Junction,None,,,         ,Joshua,Murray,Clear,Not Collision with Motor Vehicle in Transport,no,no,no,yes,no,False
100909735,METROPOLITAN NASHVILLE POLICE DEPT,20150688702,Davidson,Nashville,7/21/2015 3:33:00 PM,2,0,0,36.107340,-86.800740,BELMONT BLVD,,,,0.00,Feet,,GLEN ECHO RD,,,,0.00,Y,T-Intersection,N,Intersection-Related,None,,,         ,Tien,Nguyen,Clear,Front to Rear,no,no,no,no,no,False
100909742,METROPOLITAN NASHVILLE POLICE DEPT,20150688595,Davidson,Nashville,7/21/2015 2:56:00 PM,2,1,0,36.140060,-86.666450,STATE HWY 255,,,,0.00,,,-- UNKNOWN RAMP/ROAD --,,,,0.00,Y,T-Intersection,N,Intersection-Related,None,,,         ,Sarah,Hartman,Clear,Angle,no,no,no,no,no,False
100909749,METROPOLITAN NASHVILLE POLICE DEPT,20150677318,Davidson,Nashville,7/17/2015 2:39:00 PM,2,0,0,36.201470,-86.739630,GALLATIN PIKE,,,,220.00,Feet,North,BURCHWOOD AVE,,,,0.00,N,Not at Intersection, ,Non-Junction,None,,,         ,Whitney,Arnold,Clear,Angle,no,no,no,no,yes,False
100909758,METROPOLITAN NASHVILLE POLICE DEPT,20150688685,Davidson,Nashville,7/21/2015 3:20:00 PM,2,0,0,36.151490,-86.786250,I 40,,,,0.00,,,,,,,209.50,N,Not at Intersection, ,Non-Junction,Construction Zone,,,         ,Tyler,Hutton,Clear,"Sideswipe, Same Direction",no,no,no,no,no,False
100909760,METROPOLITAN NASHVILLE POLICE DEPT,2015-0688193,Davidson,Nashville,7/21/2015 2:20:00 PM,2,0,0,36.086340,-86.698990,STATE HWY 255,,,,0.00,,,-- UNKNOWN RAMP/ROAD --,,,,0.00,Y,OTHER, ,Non-Junction,None,,,         ,Brandon,O'Guin,Clear,"Sideswipe, Same Direction",no,no,no,no,no,False
100909770,METROPOLITAN NASHVILLE POLICE DEPT,20150688881,Davidson,Nashville,7/21/2015 4:37:00 PM,2,0,0,36.116110,-86.791280,I 440,,,,0.00,,,,,,,3.90,N,Not at Intersection, ,Non-Junction,None,,,         ,Tien,Nguyen,Clear,Front to Rear,no,no,no,no,no,False
100909779,METROPOLITAN NASHVILLE POLICE DEPT,20150688725,Davidson,Nashville,7/21/2015 3:42:00 PM,2,1,0,36.151590,-86.707470,MASSMAN DR,,,,461.00,Feet,West,APPLETON DR,,,,0.00,N,Not at Intersection,N,Non-Junction,None,,,         ,Leslie,Hale,Clear,Angle,no,no,no,no,no,False
100909786,METROPOLITAN NASHVILLE POLICE DEPT,20150686239,Davidson,Nashville,7/21/2015 7:00:00 PM,2,0,0,36.090100,-86.733690,US HWY 31 ALT,,,,0.00,,,ZOO RD,,,,0.00,Y,Four-Way, ,Intersection,None,,,         ,Ryan,Hampton,Clear,Angle,no,no,no,no,no,False
100909793,METROPOLITAN NASHVILLE POLICE DEPT,20150688971,Davidson,Nashville,7/21/2015 5:01:00 PM,2,0,0,36.152080,-86.791360,DEMONBREUN ST,,,,0.00,,,DIVISION ST,,,,0.00,Y,Roundabout, ,,None,,,         ,Charles,Griffin,,,no,no,no,no,no,False
100909797,METROPOLITAN NASHVILLE POLICE DEPT,2015-0688828,Davidson,Nashville,7/21/2015 4:00:00 PM,3,0,0,36.044820,-86.848940,STATE HWY 254,,,,0.00,,,NOEL DR,,,,0.00,Y,T-Intersection, ,Intersection-Related,None,,,         ,Aaron,Jones,Clear,Front to Rear,no,no,no,no,no,False
100909799,METROPOLITAN NASHVILLE POLICE DEPT,20150688786,Davidson,Nashville,7/21/2015 3:45:00 PM,2,0,0,36.146860,-86.756560,US HWY 41,,,,414.00,Feet,East,TRIMBLE ST,,,,0.00,N,Not at Intersection, ,Non-Junction,None,,,         ,Bradley,McIntyre,Clear,"Sideswipe, Same Direction",no,no,no,no,yes,False
100909802,METROPOLITAN NASHVILLE POLICE DEPT,20150689016,Davidson,Nashville,7/21/2015 5:00:00 PM,2,0,0,36.152370,-86.857600,STATE HWY 155,,,,236.00,Feet,South,WHITE BRIDGE PL,,,,0.00,N,Not at Intersection, ,Non-Junction,None,,,         ,Douglas,Sykes,Clear,"Sideswipe, Same Direction",no,no,no,no,no,False
100909803,METROPOLITAN NASHVILLE POLICE DEPT,20150688929,Davidson,Nashville,7/21/2015 4:50:00 PM,2,0,0,36.147610,-86.642160,I 40,,,,0.00,,,,,,,218.10,N,Not at Intersection,N,Non-Junction,None,,,         ,Sarah,Hartman,Clear,Front to Rear,no,no,no,no,yes,False
100909804,METROPOLITAN NASHVILLE POLICE DEPT,2015-0688759,Davidson,Nashville,7/21/2015 3:53:00 PM,2,0,0,36.150020,-86.857900,STATE HWY 155,,,,50.00,Feet,South,US HWY 70,,,,0.00,N,Not at Intersection, ,Non-Junction,None,,,         ,Walter,Gray II,Cloudy,"Sideswipe, Same Direction",no,no,no,no,no,False
100909805,METROPOLITAN NASHVILLE POLICE DEPT,2015-0688921,Davidson,Nashville,7/21/2015 4:51:00 PM,3,0,0,36.174500,-86.869900,STATE HWY 155,,,,220.00,Feet,South,-- UNKNOWN RAMP/ROAD --,,,,0.00,N,Not at Intersection,N,Non-Junction,None,,,         ,Walter,Gray II,Clear,Front to Rear,no,no,no,no,no,False
100909810,METROPOLITAN NASHVILLE POLICE DEPT,20150689040,Davidson,Nashville,7/21/2015 5:45:00 PM,2,0,0,36.103830,-86.715480,I 24,,,,0.00,,,,,,,54.25,N,Not at Intersection, ,Non-Junction,None,,,         ,Jessie,Meadows,Clear,Front to Rear,no,no,no,no,no,False
100909811,METROPOLITAN NASHVILLE POLICE DEPT,20150688751,Davidson,Nashville,7/21/2015 12:00:00 AM,1,0,0,36.209680,-86.784260,MONTICELLO DR,,,,410.00,Feet,North,AVONDALE CIR,,,,0.00,N,Not at Intersection,N,Non-Junction,None,,,         ,George,Oden,Clear,Not Collision with Motor Vehicle in Transport,no,no,no,no,no,False
100909814,METROPOLITAN NASHVILLE POLICE DEPT,20150689125,Davidson,Nashville,7/21/2015 12:00:00 AM,2,0,0,36.146860,-86.808580,US HWY 70S,,,,0.00,,,25TH AVE N,,,,0.00,Y,Four-Way, ,Intersection-Related,None,,,         ,Michael,Collazo,Clear,Front to Rear,no,no,no,no,no,Campus
100909819,METROPOLITAN NASHVILLE POLICE DEPT,20150688956,Davidson,Nashville,7/21/2015 5:00:00 PM,2,0,0,36.081970,-86.702010,LINBAR DR,,,,34.00,Feet,North,WALLACE RD,,,,0.00,N,Not at Intersection,N,Non-Junction,None,,,         ,Jessie,Meadows,Clear,Angle,no,no,no,no,yes,False
100909828,METROPOLITAN NASHVILLE POLICE DEPT,20150688592,Davidson,Nashville,7/21/2015 2:53:00 PM,2,0,0,36.088140,-86.692750,ANTIOCH PIKE,,,,312.00,Feet,North,STATE HWY 255,,,,0.00,N,Not at Intersection, ,Non-Junction,None,,,         ,William,Durham,Clear,Front to Rear,no,no,no,no,no,False
100909838,METROPOLITAN NASHVILLE POLICE DEPT,2015-0681416,Davidson,Nashville,7/18/2015 10:30:00 PM,2,0,0,36.156930,-86.632630,STEWARTS FERRY PIKE,,,,0.00,,,LAUER DR,,,,0.00,Y,OTHER,Y,Intersection,None,,,         ,Stephen,Holland,Clear,Angle,no,no,no,no,no,False
100909839,METROPOLITAN NASHVILLE POLICE DEPT,20150689105,Davidson,Nashville,7/21/2015 5:16:00 PM,2,0,0,36.114360,-86.918810,I 40,,,,0.00,,,,,,,199.50,N,Not at Intersection, ,Entrance/Exit Ramp Related,None,,,         ,Adam,Reese,Clear,Front to Rear,no,no,no,no,no,False
100909842,METROPOLITAN NASHVILLE POLICE DEPT,20150689189,Davidson,Nashville,7/21/2015 5:56:00 PM,3,0,0,36.225660,-86.597750,LEXINGTON WAY,,,,0.00,,,SAUNDERSVILLE RD,,,,0.00,Y,T-Intersection, ,,,,,         ,David,Stanley,,,no,no,no,no,no,False
100909846,METROPOLITAN NASHVILLE POLICE DEPT,20150688575,Davidson,Nashville,7/21/2015 2:45:00 PM,2,0,0,36.256150,-86.714370,NEELYS BEND RD,,,,0.00,,,US HWY 31E,,,,0.00,Y,T-Intersection, ,Intersection-Related,None,,,         ,Nathan,Dungan,Clear,"Sideswipe, Same Direction",no,no,no,no,no,False
100909850,METROPOLITAN NASHVILLE POLICE DEPT,20150689229,Davidson,Nashville,7/21/2015 5:45:00 PM,2,0,0,36.215370,-86.588540,TULIP GROVE RD,,,,0.00,,,US HWY 70,,,,0.00,Y,Four-Way, ,Intersection,None,,,         ,John,Kelley,Clear,Front to Rear,no,no,no,no,no,False
100909854,METROPOLITAN NASHVILLE POLICE DEPT,20150688964,Davidson,Nashville,7/21/2015 4:55:00 PM,2,0,0,36.150370,-86.749250,I 40,,,,0.00,,,,,,,211.65,N,Not at Intersection, ,Non-Junction,None,,,         ,James,Tidwell,Clear,Front to Rear,no,no,no,no,no,False
100909862,METROPOLITAN NASHVILLE POLICE DEPT,20150688968,Davidson,Madison,7/21/2015 4:50:00 PM,2,0,0,36.262070,-86.712250,US HWY 31E,,,,75.00,Feet,South,E OLD HICKORY BLVD,,,,0.00,N,Not at Intersection, ,"Driveway, Alley Access, etc",None,,,         ,Nathan,Dungan,Clear,Angle,no,no,no,no,no,False
100909870,METROPOLITAN NASHVILLE POLICE DEPT,20150689314,Davidson,Nashville,7/21/2015 7:15:00 PM,2,0,0,36.030530,-86.762690,CLOVERBROOK DR,,,,211.00,Feet,East,CLOVERLAND PL,,,,0.00,N,Not at Intersection,N,Non-Junction,None,,,         ,Mekisha,Page,Clear,Angle,no,no,no,no,no,False
100909876,METROPOLITAN NASHVILLE POLICE DEPT,20150689221,Davidson,Nashville,7/21/2015 6:37:00 PM,3,0,0,36.124140,-86.742590,I 440,,,,0.00,,,,,,,6.70,N,Not at Intersection,N,Non-Junction,None,,,         ,Jacob,Crouch,Clear,Front to Rear,no,no,no,no,no,False
100909883,METROPOLITAN NASHVILLE POLICE DEPT,20150688657,Davidson,Nashville,7/21/2015 2:51:00 PM,2,0,0,36.121450,-86.756190,I 440,,,,0.00,,,,,,,6.00,N,Not at Intersection, ,Non-Junction,None,,,         ,Eric,Harvey,Clear,"Sideswipe, Same Direction",no,no,no,no,no,False
100909898,METROPOLITAN NASHVILLE POLICE DEPT,20150689646,Davidson,Nashville,7/21/2015 9:17:00 PM,2,0,0,36.100930,-86.818750,OVERHILL DR,,,,0.00,,,US HWY 431,,,,0.00,Y,Four-Way, ,Intersection-Related,None,,,         ,Tien,Nguyen,Clear,Front to Rear,no,no,no,no,no,False
100909906,METROPOLITAN NASHVILLE POLICE DEPT,20150689042,Davidson,Nashville,7/21/2015 5:29:00 PM,2,0,0,36.113100,-86.746330,US HWY 31 ALT,,,,146.00,Feet,North,MCCLAIN AVE,,,,0.00,N,Not at Intersection,N,Non-Junction,None,,,         ,William,Durham,Clear,"Sideswipe, Same Direction",no,no,no,no,no,False
100909907,METROPOLITAN NASHVILLE POLICE DEPT,20150688940,Davidson,Nashville,7/21/2015 4:57:00 PM,2,0,0,36.086130,-86.699670,STATE HWY 255,,,,286.00,Feet,West,-- UNKNOWN RAMP/ROAD --,,,,0.00,N,Not at Intersection, ,Non-Junction,None,,,         ,William,Durham,Clear,Front to Rear,no,no,no,no,no,False
100909914,METROPOLITAN NASHVILLE POLICE DEPT,20150689388,Davidson,Nashville,7/21/2015 7:40:00 PM,2,0,0,36.155060,-86.786490,12TH AVE S,,,,185.00,Feet,North,DEMONBREUN ST,,,,0.00,N,Not at Intersection, ,"Driveway, Alley Access, etc",None,,,         ,Tyler,Hutton,Clear,Angle,no,no,no,no,no,False
100909916,METROPOLITAN NASHVILLE POLICE DEPT,2015-0688656,Davidson,Not in City Limit,7/21/2015 1:07:00 PM,3,0,0,36.263000,-86.680930,STATE HWY 45,,,,0.00,,,RIO VISTA DR,,,,0.00,Y,Four-Way, ,Intersection,None,,,         ,Sandra,Talavera,Clear,Angle,no,no,no,no,no,False
100909922,METROPOLITAN NASHVILLE POLICE DEPT,20150689776,Davidson,Nashville,7/21/2015 10:00:00 PM,2,0,0,36.148410,-86.745420,-- UNKNOWN RAMP/ROAD --,,,,0.00,,,I 40,,,,0.00,Y,OTHER, ,Entrance/Exit Ramp Related,None,,,         ,Bradley,McIntyre,Clear,"Sideswipe, Same Direction",no,no,no,no,no,False
100909923,METROPOLITAN NASHVILLE POLICE DEPT,20150689373,Davidson,Antioch,7/21/2015 7:38:00 PM,1,3,0,36.080450,-86.596410,WINDSOR GREEN DR,,,,337.00,Feet,West,LANCASHIRE DR,,,,0.00,N,Not at Intersection,N,Non-Junction,None,,,         ,Jessie,Meadows,Clear,Not Collision with Motor Vehicle in Transport,no,no,no,no,yes,False
100909926,METROPOLITAN NASHVILLE POLICE DEPT,20150685523,Davidson,Nashville,7/20/2015 3:02:00 PM,2,0,0,36.200200,-86.776370,I 65,,,,0.00,,,,,,,86.90,N,Not at Intersection, ,,None,,,         ,Whitney,Arnold,,,no,no,no,no,no,False
100909934,METROPOLITAN NASHVILLE POLICE DEPT,20150689884,Davidson,Nashville,7/21/2015 10:55:00 PM,2,0,0,36.151600,-86.627330,CONNECTING ROAD,,,,0.00,,,,,,,0.00,,,N,Non-Junction,None,,,         ,Bridget,Griepentrog,Clear,Front to Rear,no,no,no,yes,yes,False
100909935,METROPOLITAN NASHVILLE POLICE DEPT,20150689740,Davidson,Not in City Limit,7/21/2015 9:19:00 PM,1,1,0,36.088520,-86.974510,US HWY 70S,,,,1868.00,Feet,East,RAMP,,,,0.00,N,Not at Intersection,N,Non-Junction,None,,,         ,Adam,Reese,Clear,Not Collision with Motor Vehicle in Transport,no,no,no,no,no,False
100909944,METROPOLITAN NASHVILLE POLICE DEPT,20150689773,Davidson,Nashville,7/21/2015 10:05:00 PM,2,0,0,36.154860,-86.626970,STEWARTS FERRY PIKE,,,,0.00,,,-- UNKNOWN RAMP/ROAD --,,,,0.00,Y,Y-Intersection,N,Entrance/Exit Ramp Related,None,,,         ,Austin,Childress,Clear,Angle,no,no,no,no,yes,False
100909956,METROPOLITAN NASHVILLE POLICE DEPT,20150689890,Davidson,Nashville,7/21/2015 12:00:00 AM,2,0,0,36.161160,-86.773670,SHELBY STREET BRIDGE,,,,0.00,,,US HWY 70,,,,0.00,Y,OTHER, ,Non-Junction,None,,,         ,Brian,Mclarty,Clear,"Sideswipe, Same Direction",no,no,no,no,yes,False
100909960,METROPOLITAN NASHVILLE POLICE DEPT,20150690025,Davidson,Not in City Limit,7/22/2015 12:00:00 AM,1,0,0,36.277650,-86.751210,NESBITT DR,,,,0.00,,,US HWY 31W,,,,0.00,Y,OTHER,N,Non-Junction,None,,,         ,Brian,Mclarty,Clear,Not Collision with Motor Vehicle in Transport,no,no,no,no,yes,False
100909965,METROPOLITAN NASHVILLE POLICE DEPT,20150690325,Davidson,Nashville,7/22/2015 1:46:00 AM,1,0,0,36.251280,-86.716480,E WEBSTER ST,,,,0.00,,,,,,,0.00,,,N,Non-Junction,None,,,         ,Jason,Sweeney,Clear,Not Collision with Motor Vehicle in Transport,no,no,no,no,yes,False
100910016,METROPOLITAN NASHVILLE POLICE DEPT,20150690613,Davidson,Nashville,7/22/2015 4:56:00 AM,1,0,0,36.191650,-86.804130,PONDER PL,,,,514.00,Feet,West,ATHENS WAY,,,,0.00,N,Not at Intersection, ,Non-Junction,None,,,         ,Sandra,Fly,Clear,Not Collision with Motor Vehicle in Transport,no,no,no,yes,no,False
100910020,METROPOLITAN NASHVILLE POLICE DEPT,20150685026,Davidson,Nashville,7/20/2015 12:08:00 PM,2,0,0,36.233530,-86.724860,GALLATIN PIKE,,,,0.00,,,JOYCE LN,,,,0.00,Y,Four-Way, ,,,,,         ,Ian,Herlein,,,no,no,no,no,no,False
100910030,METROPOLITAN NASHVILLE POLICE DEPT,20150690821,Davidson,Nashville,7/22/2015 6:50:00 AM,2,0,0,36.229540,-86.781170,I 24,,,,0.00,,,,,,,44.20,N,Not at Intersection, ,Non-Junction,None,,,         ,Michael,Parman,Clear,"Sideswipe, Same Direction",no,no,no,no,no,False
100910032,METROPOLITAN NASHVILLE POLICE DEPT,20150688201,Davidson,Nashville,7/21/2015 12:03:00 PM,2,0,0,36.084810,-86.728130,NOLENSVILLE PKE,,,,0.00,Feet,,PARAGON MILLS RD,,,,0.00,Y,Four-Way,N,Intersection,None,,,         ,Phillip,Murphy,Clear,Angle,no,no,no,no,no,False
100910036,BERRY HILL POLICE DEPT,15-2870,Davidson,Berry Hill,7/22/2015 2:11:00 PM,2,0,0,36.122420,-86.775830,US HWY 31,,,,0.00,,,HORNER AVE,,,,0.00,Y,T-Intersection, ,Intersection,None,,,         ,Ronnie,Hill,Clear,Angle,no,no,no,no,no,False
100910044,METROPOLITAN NASHVILLE POLICE DEPT,20150690880,Davidson,Nashville,7/22/2015 7:29:00 AM,2,2,0,36.061260,-86.771990,I 65,,,,0.00,,,,,,,75.35,N,Not at Intersection,N,Non-Junction,None,,,         ,Nathan,Kemp,Clear,Front to Rear,no,no,no,no,no,False
100910058,METROPOLITAN NASHVILLE POLICE DEPT,20150690922,Davidson,Nashville,7/22/2015 8:11:00 AM,2,0,0,36.166160,-86.765940,SHELBY AVE,,,,0.00,,,-- UNKNOWN RAMP/ROAD --,,,,0.00,Y,Four-Way, ,,,,,         ,Michael,Johnson,,,no,no,no,no,no,False
100910073,TENNESSEE STATE UNIVERSITY ,15-TSU-15542,Davidson,Nashville,7/14/2015 1:26:00 PM,2,0,0,0.000000,0.000000,10TH AVE NORTH,,,,50.00,Feet,North,,,,,1.00,N,Not at Intersection, ,Non-Junction,None,,,         ,Dwanna,Shelton,Clear,Rear to Side,no,no,no,yes,no,False
100910077,METROPOLITAN NASHVILLE POLICE DEPT,20150690974,Davidson,Nashville,7/22/2015 8:00:00 AM,3,0,0,36.140600,-86.721530,I 40,,,,0.00,,,,,,,213.55,N,Not at Intersection, ,,None,,,         ,Joshua,Billotte,,,no,no,no,no,no,False
100910078,METROPOLITAN NASHVILLE POLICE DEPT,20150690994,Davidson,Nashville,7/22/2015 8:00:00 AM,2,0,0,36.157030,-86.708990,US HWY 70,,,,0.00,,,OMOHUNDRO DR,,,,0.00,Y,T-Intersection,N,Intersection,None,,,         ,Michael,Dance,Cloudy,Front to Rear,no,no,no,no,no,False
100910083,METROPOLITAN NASHVILLE POLICE DEPT,2015-0688219,Davidson,Nashville,7/21/2015 12:20:00 PM,2,0,0,36.092860,-86.678810,STATE HWY 255,,,,0.00,,,EZELL PIKE,,,,0.00,Y,T-Intersection, ,Intersection,None,,,         ,William,Whitworth,Clear,Angle,no,no,no,no,no,False