master_record_number,agency,agency_tracking_number,county,city,collision_date,vehicles_involved,number_injured,number_dead,latitude,longitude,roadway_name,roadway_suffix,roadway_number,roadway_local_id,distance_from_reference,miles-feet_indicator,direction_from_reference,intersection_road_name,intersection_road_name_suffix,intersection_road_number,intersection_local_id,mile_marker,intersection_indicator,intersect_type,interchange_related_indicator,relation_to_junction,work_zone_type,construction_maintenance_zone,construction_maintenance_zone_location,fatal_case_number,officer_first_name,officer_last_name,weather_condition(s),manner_of_crash,pedestrian,bicycle,scooter,parking,hitrun,mou
100910467,METROPOLITAN NASHVILLE POLICE DEPT,2015-0690571,Davidson,Goodlettsville,7/22/2015 4:29:00 AM,1,0,0,36.296840,-86.699220,MYATT DR,,,,0.00,,,RIVERGATE PKWY,,,,0.00,Y,Four-Way,N,Intersection-Related,None,,,         ,Christopher,Templin,Clear,Not Collision with Motor Vehicle in Transport,no,no,no,no,yes,False
100910470,METROPOLITAN NASHVILLE POLICE DEPT,20150693432,Davidson,Nashville,7/22/2015 9:45:00 PM,2,1,0,36.171830,-86.764740,S 5TH ST,,,,0.00,,,WOODLAND ST,,,,0.00,Y,Four-Way,Y,Intersection,None,,,         ,Eric,Hall,Clear,Front to Rear,no,no,no,no,yes,False
100910519,METROPOLITAN NASHVILLE POLICE DEPT,2015-0687407,Davidson,Nashville,7/21/2015 6:44:00 AM,2,0,0,36.142120,-86.652580,I 40,,,,0.00,,,,,,,217.60,N,Not at Intersection, ,Non-Junction,None,,,         ,Jeb,Johnston,Cloudy,Front to Rear,no,no,no,no,no,False
100910520,METROPOLITAN NASHVILLE POLICE DEPT,20150693967,Davidson,Nashville,7/23/2015 2:35:00 AM,1,0,0,36.134250,-86.775600,I65S,,,,0.00,,,WEDGEWOOD AV,,,,0.00,Y,OTHER,N,Non-Junction,None,,,         ,Conner,Harris,Rain,Not Collision with Motor Vehicle in Transport,no,no,no,no,no,False
100910521,METROPOLITAN NASHVILLE POLICE DEPT,2015-0688390,Davidson,Nashville,7/21/2015 1:05:00 PM,2,0,0,36.156580,-86.631170,EXIT 219,,,,0.00,,,STEWARTS FERRY PIKE,,,,0.00,Y,T-Intersection, ,,None,,,         ,Jeb,Johnston,,,no,no,no,no,no,False
100910525,GOODLETTSVILLE POLICE DEPT,15-27840,Davidson,Goodlettsville,7/23/2015 3:33:00 AM,2,1,0,36.300400,-86.711450,I 65,,,,0.00,,,,,,,95.20,N,Not at Intersection,Y,Non-Junction,Construction Zone,Work On Shoulder Or Median,Activity Area,         ,Rico,Jones,Rain,"Sideswipe, Same Direction",no,no,no,no,no,False
100910527,METROPOLITAN NASHVILLE POLICE DEPT,20150690726,Davidson,Madison,7/22/2015 5:25:00 AM,1,0,0,36.269230,-86.755700,STATE HWY 45,,,,0.00,,,US HWY 31W,,,,0.00,Y,T-Intersection, ,Intersection,None,,,         ,Craig,Amabile,Rain,Not Collision with Motor Vehicle in Transport,no,no,no,no,no,False
100910531,METROPOLITAN NASHVILLE POLICE DEPT,2015-0687755,Davidson,Nashville,7/21/2015 9:19:00 AM,2,2,0,36.147220,-86.744750,-- UNKNOWN RAMP/ROAD --,,,,0.00,Feet,East,I 40,,,,0.00,N,Not at Intersection,N,Entrance/Exit Ramp Related,None,,,         ,Jeb,Johnston,Clear,"Sideswipe, Same Direction",no,no,no,no,no,False
100910533,METROPOLITAN NASHVILLE POLICE DEPT,2015-0691438,Davidson,Nashville,7/22/2015 11:09:00 AM,1,1,0,36.168750,-86.606730,EXIT 221A,,,,0.00,Feet,East,I 40,,,,0.00,N,Not at Intersection,N,Non-Junction,None,,,         ,Jeb,Johnston,Rain,Not Collision with Motor Vehicle in Transport,no,no,no,no,no,False
100910535,METROPOLITAN NASHVILLE POLICE DEPT,2015-0690846,Davidson,Nashville,7/22/2015 7:09:00 AM,3,0,0,36.151500,-86.691190,ELM HILL PIKE,,,,79.00,Feet,West,STATE HWY 155,,,,0.00,N,Not at Intersection, ,Non-Junction,None,,,         ,Jeb,Johnston,Cloudy,Front to Rear,no,no,no,no,no,False
100910546,METROPOLITAN NASHVILLE POLICE DEPT,20150693799,Davidson,Nashville,7/23/2015 1:20:00 AM,2,1,0,36.149870,-86.769950,US HWY 31 ALT,,,,81.00,Feet,North,MCCANN ST,,,,0.00,N,Not at Intersection,N,Non-Junction,None,,,         ,Devon,Morgan,Rain,Angle,no,no,no,no,no,False
100910578,METROPOLITAN NASHVILLE POLICE DEPT,20150691639,Davidson,Nashville,7/22/2015 12:37:00 PM,2,1,0,36.083670,-86.647200,US HWY 41,,,,0.00,,,BROOKSBORO TER,,,,0.00,Y,Four-Way,N,Intersection,None,,,         ,David,Simmonds,Rain,Front to Rear,no,no,no,no,no,False
100910583,BERRY HILL POLICE DEPT,15-2884,Davidson,Nashville,7/22/2015 1:39:00 PM,2,0,0,36.112490,-86.767210,STATE HWY 155,,,,0.00,,,,,,,0.00,,, ,Non-Junction,None,,,         ,Ronnie,Hill,Cloudy,Front to Rear,no,no,no,yes,no,False
100910585,METROPOLITAN NASHVILLE POLICE DEPT,20150694420,Davidson,Nashville,7/23/2015 6:48:00 AM,2,0,0,36.196370,-86.776100,I 65,,,,0.00,,,,,,,86.60,N,Not at Intersection, ,Non-Junction,None,,,         ,Michael,McCord,Rain,Front to Rear,no,no,no,no,yes,False
100910603,METROPOLITAN NASHVILLE POLICE DEPT,15-0694389,Davidson,Nashville,7/23/2015 6:33:00 AM,2,0,0,36.158130,-86.790960,I 40,,,,0.00,,,,,,,209.00,N,Not at Intersection, ,Entrance/Exit Ramp Related,None,,,         ,Frank,Campbell,Cloudy,Front to Rear,no,no,no,no,no,False
100910606,METROPOLITAN NASHVILLE POLICE DEPT,2015-0690898,Davidson,Nashville,7/22/2015 7:37:00 AM,1,0,0,36.199660,-86.751090,CHEROKEE AVE,,,,0.00,,,CHEROKEE AVE,,,,0.00,Y,OTHER,N,Non-Junction,None,,,         ,Alex,Moore,Cloudy,Not Collision with Motor Vehicle in Transport,no,no,no,no,no,False
100910616,METROPOLITAN NASHVILLE POLICE DEPT,20150694528,Davidson,Nashville,7/23/2015 7:28:00 AM,2,0,0,36.150330,-86.698180,ELM HILL PIKE,,,,109.00,Feet,West,AIR LANE DR,,,,0.00,N,Not at Intersection, ,,None,,,         ,Mitchell,McClay,,,no,no,no,no,no,False
100910620,METROPOLITAN NASHVILLE POLICE DEPT,20150691858,Davidson,Madison,7/22/2015 2:00:00 PM,2,1,0,36.298930,-86.697470,US HWY 31E,,,,395.00,Feet,South,CUDE LN,,,,0.00,N,Not at Intersection,N,Non-Junction,None,,,         ,Jeremy,Stricklin,Cloudy,Front to Rear,no,no,no,no,no,False
100910621,METROPOLITAN NASHVILLE POLICE DEPT,20150691345,Davidson,Nashville,7/22/2015 10:35:00 AM,1,0,0,36.078320,-86.643020,US HWY 41,,,,0.00,,,MARTWAY DR,,,,0.00,Y,Four-Way,N,Intersection,None,,,         ,Todd,Watson,Cloudy,Not Collision with Motor Vehicle in Transport,no,no,no,no,no,False
100910632,METROPOLITAN NASHVILLE POLICE DEPT,20150694564,Davidson,Nashville,7/23/2015 7:50:00 AM,2,0,0,36.122070,-86.754380,I 440,,,,0.00,Feet,East,I440 W ENT RAMP,,,,0.00,N,Not at Intersection, ,,None,,,         ,Nathan,Kemp,,,no,no,no,no,no,False
100910636,METROPOLITAN NASHVILLE POLICE DEPT,20150694525,Davidson,Nashville,7/23/2015 8:05:00 AM,2,1,0,36.163250,-86.761980,I 24,,,,0.00,,,,,,,49.25,N,Not at Intersection,N,Non-Junction,None,,,         ,Michael,Johnson,Cloudy,"Sideswipe, Same Direction",no,no,no,no,no,False
100910642,METROPOLITAN NASHVILLE POLICE DEPT,20150694520,Davidson,Nashville,7/23/2015 7:00:00 AM,2,0,0,36.174920,-86.756640,S 9TH ST,,,,0.00,,,WOODLAND ST,,,,0.00,Y,OTHER,N,Unknown,None,,,         ,William,Crowe,Cloudy,Unknown,no,no,no,no,yes,False
100910645,METROPOLITAN NASHVILLE POLICE DEPT,20150633491,Davidson,Nashville,7/3/2015 1:45:00 PM,3,4,0,36.239490,-86.776070,EXIT 17,,,,0.00,,,STATE HWY 155,,,,0.00,Y,Y-Intersection,N,Entrance/Exit Ramp Related,None,,,         ,Jeffery,Burnette,Rain,Front to Rear,no,no,no,no,no,False
100910648,METROPOLITAN NASHVILLE POLICE DEPT,20150694662,Davidson,Nashville,7/23/2015 8:55:00 AM,2,0,0,36.120500,-86.773100,I65 N ENT RAMP,,,,0.00,,,I65N,,,,0.00,Y,OTHER, ,,None,,,         ,Justin,Pinkelton,,,no,no,no,no,no,False
100910650,METROPOLITAN NASHVILLE POLICE DEPT,2015-0691580,Davidson,Nashville,7/22/2015 12:04:00 PM,2,2,0,36.191790,-86.772720,US HWY 31W,,,,0.00,,,RICHARDSON AVE,,,,0.00,Y,T-Intersection,N,Intersection,None,,,         ,Alex,Moore,Cloudy,Angle,no,no,no,no,no,False
100910655,METROPOLITAN NASHVILLE POLICE DEPT,20150694427,Davidson,Nashville,7/23/2015 6:57:00 AM,1,1,0,36.040040,-86.782650,I 65,,,,0.00,,,,,,,74.65,N,Not at Intersection,N,Non-Junction,None,,,         ,Nathan,Kemp,Rain,Not Collision with Motor Vehicle in Transport,no,no,no,no,no,False
100910661,METROPOLITAN NASHVILLE POLICE DEPT,20150694707,Davidson,Nashville,7/23/2015 9:00:00 AM,1,0,0,36.199320,-86.799550,GREAT CIRCLE RD,,,,400.00,Feet,West,ATHENS WAY,,,,0.00,N,Not at Intersection,N,Non-Junction,None,,,         ,Joseph,Cadden,Cloudy,Not Collision with Motor Vehicle in Transport,no,no,no,no,no,False
100910670,METROPOLITAN NASHVILLE POLICE DEPT,20150694644,Davidson,Nashville,7/23/2015 8:50:00 AM,3,0,0,36.145800,-86.810790,WEST END AV,,,,0.00,Feet,East,27TH AVN,,,,0.00,N,Not at Intersection, ,Non-Junction,None,,,         ,Darrell,Osment,Cloudy,Front to Rear,no,no,no,no,no,Campus
100910671,METROPOLITAN NASHVILLE POLICE DEPT,20150694429,Davidson,Nashville,7/23/2015 6:57:00 AM,1,1,0,36.131670,-86.900040,EXIT 201,,,,0.00,Feet,East,I 40,,,,0.00,N,Not at Intersection,Y,Entrance/Exit Ramp Related,None,,,         ,Jack,Crouch,Cloudy,Not Collision with Motor Vehicle in Transport,no,no,no,no,no,False
100910687,METROPOLITAN NASHVILLE POLICE DEPT,20150694829,Davidson,Antioch,7/23/2015 9:42:00 AM,2,0,0,36.036790,-86.600000,US HWY 41,,,,1200.00,Feet,South,OLD HICKORY BLVD,,,,0.00,N,Not at Intersection, ,Non-Junction,None,,,         ,Brian,Lamb,Cloudy,"Sideswipe, Same Direction",no,no,no,no,no,False
100910690,METROPOLITAN NASHVILLE POLICE DEPT,2015-0694816,Davidson,Nashville,7/23/2015 9:35:00 AM,2,0,0,36.017980,-86.668430,DAYBREAK DR,,,,150.00,Feet,North,MORNING RD,,,,0.00,N,Not at Intersection, ,,Construction Zone,,,         ,Brandon,O'Guin,,,no,no,no,no,no,False
100910692,METROPOLITAN NASHVILLE POLICE DEPT,20150694827,Davidson,Nashville,7/23/2015 10:23:00 AM,2,0,0,36.206070,-86.771630,US HWY 431,,,,183.00,Feet,West,LUCAS LN,,,,0.00,N,Not at Intersection, ,Non-Junction,None,,,         ,Aaron,Wigginton,Cloudy,"Sideswipe, Same Direction",no,no,no,no,no,False
100910731,METROPOLITAN NASHVILLE POLICE DEPT,20150694985,Davidson,Nashville,7/23/2015 8:35:00 AM,2,0,0,36.220800,-86.804800,US HWY 431,,,,128.00,Feet,South,REVELS DR,,,,0.00,N,Not at Intersection,N,Non-Junction,None,,,         ,Richard,Olive,Cloudy,Front to Rear,no,no,no,no,no,False
100910732,METROPOLITAN NASHVILLE POLICE DEPT,20150694873,Davidson,Nashville,7/23/2015 9:28:00 AM,2,0,0,36.194910,-86.779870,BAPTIST WORLD CENTER DR,,,,29.00,Feet,West,VASHTI ST,,,,0.00,N,Not at Intersection, ,Non-Junction,None,,,         ,Michael,McCord,Cloudy,"Sideswipe, Same Direction",no,no,no,no,no,False
100910738,METROPOLITAN NASHVILLE POLICE DEPT,20150694532,Davidson,Nashville,7/23/2015 7:47:00 AM,2,0,0,36.220480,-86.774810,I 24,,,,0.00,,,,,,,44.80,N,Not at Intersection, ,,Construction Zone,,,         ,Earnest,Fields,,,no,no,no,no,no,False
100910741,METROPOLITAN NASHVILLE POLICE DEPT,20150695116,Davidson,Nashville,7/23/2015 11:40:00 AM,1,0,0,36.146870,-86.684180,MCGAVOCK PIKE,,,,138.00,Feet,North,CONNECTING ROAD,,,,0.00,N,Not at Intersection, ,Non-Junction,None,,,         ,Mitchell,McClay,Clear,Not Collision with Motor Vehicle in Transport,no,no,no,no,yes,False
100910753,THP District 9 - Administrative,315037971,Davidson,Nashville,7/20/2015 8:30:00 AM,1,0,0,36.167060,-86.639180,UNNAMED STREET,,,,0.00,,,,,,,0.00,,, ,Non-Junction,None,,,         ,Steven,Lowery,Clear,Not Collision with Motor Vehicle in Transport,no,no,no,yes,no,False
100910766,METROPOLITAN NASHVILLE POLICE DEPT,20150694751,Davidson,Nashville,7/23/2015 9:59:00 AM,2,0,0,36.152950,-86.792010,16TH AVS,,,,123.00,Feet,South,MCGAVOCK ST,,,,0.00,N,Not at Intersection, ,,None,,,         ,Nathan,Kemp,,,no,no,no,no,no,False
100910767,METROPOLITAN NASHVILLE POLICE DEPT,20150695110,Davidson,Nashville,7/23/2015 12:21:00 PM,2,0,0,36.158830,-86.772190,US HWY 70,,,,187.00,Feet,North,GATEWAY BLVD,,,,0.00,N,Not at Intersection, ,Non-Junction,Construction Zone,,,         ,Jose,Salazar,Cloudy,"Sideswipe, Same Direction",no,no,no,no,no,False
100910768,METROPOLITAN NASHVILLE POLICE DEPT,20150695050,Davidson,Nashville,7/23/2015 9:45:00 AM,2,0,0,36.207560,-86.778650,HAMPTON ST,,,,254.00,Feet,West,US HWY 431,,,,0.00,N,Not at Intersection, ,Non-Junction,None,,,         ,Michael,McCord,Cloudy,Angle,no,no,no,no,no,False
100910774,METROPOLITAN NASHVILLE POLICE DEPT,20150685380,Davidson,Nashville,7/17/2015 11:12:00 PM,1,0,1,36.206270,-86.774350,US HWY 431,,,,0.00,,,-- UNKNOWN RAMP/ROAD --,,,,0.00,Y,OTHER,N,Entrance/Exit Ramp Related,None,,,15-0459  ,Donald,Davidson,Clear,Not Collision with Motor Vehicle in Transport,yes,no,no,no,yes,False
100910775,METROPOLITAN NASHVILLE POLICE DEPT,20150694684,Davidson,Nashville,7/23/2015 8:37:00 AM,2,0,0,36.140400,-86.814960,32ND AVS,,,,0.00,,,ORLEANS DR,,,,0.00,Y,T-Intersection,N,Intersection,None,,,         ,Nathan,Kemp,Rain,Angle,no,no,no,no,no,Campus
100910779,METROPOLITAN NASHVILLE POLICE DEPT,20150694942,Davidson,Nashville,7/23/2015 10:34:00 AM,3,2,0,36.037360,-86.713220,US HWY 31 ALT,,,,651.00,Feet,North,BRENTWOOD HIGHLANDS DR,,,,0.00,N,Not at Intersection,N,Non-Junction,None,,,         ,Paul,Joyner,Cloudy,Front to Rear,no,no,no,no,no,False
100910786,METROPOLITAN NASHVILLE POLICE DEPT,20150695166,Davidson,Madison,7/23/2015 12:00:00 PM,2,0,0,36.248820,-86.719790,US HWY 31E,,,,237.00,Feet,South,E PALESTINE AVE,,,,0.00,N,Not at Intersection,N,OtherLocation,None,,,         ,Brian,Otto,Clear,HeadOn,no,no,no,yes,no,False
100910799,METROPOLITAN NASHVILLE POLICE DEPT,20150691815,Davidson,Nashville,7/22/2015 1:42:00 PM,2,1,0,36.221110,-86.804990,REVELS DR,,,,32.00,Feet,West,US HWY 431,,,,0.00,N,Not at Intersection,N,Non-Junction,None,,,         ,Earnest,Fields,Rain,Front to Rear,no,no,no,no,no,False
100910800,METROPOLITAN NASHVILLE POLICE DEPT,2015695105,Davidson,Goodlettsville,7/23/2015 11:40:00 AM,2,0,0,36.294940,-86.700900,US HWY 31E,,,,778.00,Feet,North,ALTA LOMA RD,,,,0.00,N,Not at Intersection,Y,"Driveway, Alley Access, etc",None,,,         ,Jeremy,Stricklin,Clear,Angle,no,no,no,no,yes,False
100910808,VANDERBILT UNIVERSITY POLICE,2015-695255,Davidson,Nashville,7/23/2015 12:30:00 PM,2,0,0,36.140850,-86.801490,US HWY 431,,,,0.00,,,DIXIE PL,,,,0.00,Y,T-Intersection, ,Non-Junction,None,,,         ,Bridney,Jones,Clear,"Sideswipe, Same Direction",no,no,no,no,no,Campus
100910809,METROPOLITAN NASHVILLE POLICE DEPT,20150691866,Davidson,Nashville,7/22/2015 1:43:00 PM,2,0,0,36.174400,-86.774120,N 1ST ST,,,,15.00,Feet,West,OLDHAM ST,,,,0.00,N,Not at Intersection,N,Non-Junction,None,,,         ,Catherine,Poole,Cloudy,Front to Rear,no,no,no,no,no,False
100910815,METROPOLITAN NASHVILLE POLICE DEPT,20150691796,Davidson,Nashville,7/22/2015 1:36:00 PM,2,0,0,36.206110,-86.772100,US HWY 431,,,,285.00,Feet,East,LUCAS LN,,,,0.00,N,Not at Intersection, ,"Driveway, Alley Access, etc",None,,,         ,Michelle,Steidl,Cloudy,Angle,no,no,no,no,no,False
100910818,METROPOLITAN NASHVILLE POLICE DEPT,2015-0695404,Davidson,Not in City Limit,7/23/2015 1:35:00 PM,1,1,0,36.139730,-86.955330,STATE HWY 251,,,,0.00,,,INDIAN CREEK RD,,,,0.00,Y,T-Intersection,N,Non-Junction,None,,,         ,Benjamin,Cantrell,Clear,Not Collision with Motor Vehicle in Transport,no,no,no,no,no,False
100910821,METROPOLITAN NASHVILLE POLICE DEPT,20150695376,Davidson,Nashville,7/23/2015 1:57:00 PM,2,0,0,36.221190,-86.765230,PINE RIDGE DR,,,,0.00,,,GREENBRANCH CT,,,,0.00,Y,T-Intersection, ,Non-Junction,Unknown,,,         ,Aaron,Wigginton,Unknown,"Sideswipe, Same Direction",no,no,no,no,no,False
100910830,BERRY HILL POLICE DEPT,15-2903,Davidson,Berry Hill,7/23/2015 11:16:00 AM,2,0,0,36.126430,-86.771870,CRAIGHEAD ST,,,,397.00,Feet,West,OCEANSIDE DR,,,,0.00,N,Not at Intersection, ,Non-Junction,None,,,         ,Ronnie,Hill,Cloudy,Front to Rear,no,no,no,no,no,False
100910839,METROPOLITAN NASHVILLE POLICE DEPT,2015-0694572,Davidson,Nashville,7/23/2015 7:52:00 AM,1,0,0,36.025390,-86.663770,PRESTON RD,,,,298.00,Feet,East,PETTUS RD,,,,0.00,N,Not at Intersection,N,Non-Junction,None,,,         ,William,Whitworth,Cloudy,Not Collision with Motor Vehicle in Transport,no,no,no,no,no,False
100910840,METROPOLITAN NASHVILLE POLICE DEPT,2015-0694980,Davidson,Antioch,7/23/2015 10:53:00 AM,2,1,0,36.048780,-86.613020,MURFREESBORO,PIKE,US41,,550.00,Feet,South,MT VIEW,CIR,,,0.00,N,Not at Intersection,N,Non-Junction,None,,,         ,William,Whitworth,Cloudy,Front to Rear,no,no,no,no,no,False
100910841,METROPOLITAN NASHVILLE POLICE DEPT,2015-0695228,Davidson,Nashville,7/23/2015 12:28:00 PM,2,0,0,36.028280,-86.636170,I 24,,,,0.00,,,,,,,61.20,N,Not at Intersection,N,Non-Junction,None,,,         ,William,Whitworth,Cloudy,Front to Rear,no,no,no,no,no,False
100910868,METROPOLITAN NASHVILLE POLICE DEPT,20150682889,Davidson,Nashville,7/19/2015 4:30:00 PM,2,0,0,36.077970,-86.725840,US HWY 31 ALT,,,,316.00,Feet,South,RAMP,,,,0.00,N,Not at Intersection, ,Non-Junction,None,,,         ,Miguel,Garcia,Clear,"Sideswipe, Same Direction",no,no,no,no,no,False
100910876,GOODLETTSVILLE POLICE DEPT,15-27780,Davidson,Goodlettsville,7/22/2015 5:18:00 PM,2,2,0,36.306708,-86.694410,CONFERENCE,DR,,,0.00,,,VIETNAM VETERANS EXIT 1 RAMP,RAMP,SR386,,0.00,Y,T-Intersection,N,Intersection,None,,,         ,Charles,Hauskin,Clear,Front to Rear,no,no,no,no,yes,False
100910885,METROPOLITAN NASHVILLE POLICE DEPT,20150695523,Davidson,Nashville,7/23/2015 2:39:00 PM,2,0,0,36.173800,-86.770250,I 24,,,,0.00,,,,,,,48.20,N,Not at Intersection, ,,None,,,         ,Charles,Wakefield,,,no,no,no,no,no,False
100910886,METROPOLITAN NASHVILLE POLICE DEPT,2015-0695140,Davidson,Not in City Limit,7/23/2015 11:56:00 AM,2,0,0,36.115910,-86.969070,BUFFALO RD,,,,856.00,Feet,West,FIRE TOWER RD,,,,0.00,N,Not at Intersection,N,Non-Junction,None,,,         ,Walter,Gray II,Rain,Not Collision with Motor Vehicle in Transport,no,no,no,no,yes,False
100910902,METROPOLITAN NASHVILLE POLICE DEPT,20150695566,Davidson,Nashville,7/23/2015 3:05:00 PM,1,1,0,36.142740,-86.787020,EDGEHILL AVE,,,,0.00,,,12TH AVE S,,,,0.00,Y,Four-Way,N,Intersection-Related,None,,,         ,Tien,Nguyen,Rain,Not Collision with Motor Vehicle in Transport,yes,no,no,no,no,False
100910932,METROPOLITAN NASHVILLE POLICE DEPT,20150695459,Davidson,Nashville,7/23/2015 2:02:00 PM,2,1,0,36.167890,-86.809350,21ST AVE N,,,,0.00,,,MEHARRY BLVD,,,,0.00,Y,Four-Way,N,Non-Junction,None,,,         ,Jaby,Djabbarov,Rain,Angle,no,no,no,no,no,False
100910933,METROPOLITAN NASHVILLE POLICE DEPT,20150695646,Davidson,Nashville,7/23/2015 3:36:00 PM,2,0,0,36.154790,-86.804420,21ST AVE N,,,,176.00,Feet,North,PATTERSON ST,,,,0.00,N,Not at Intersection, ,Non-Junction,None,,,         ,Mekisha,Page,Rain,Angle,no,no,no,no,no,False
100910940,METROPOLITAN NASHVILLE POLICE DEPT,20150695580,Davidson,Nashville,7/23/2015 3:10:00 PM,2,0,0,36.153690,-86.787810,I 40,,,,0.00,,,,,,,209.30,N,Not at Intersection, ,Non-Junction,None,,,         ,Jeffrey,Livingston,Rain,"Sideswipe, Same Direction",no,no,no,no,no,False
100910941,METROPOLITAN NASHVILLE POLICE DEPT,20150695589,Davidson,Nashville,7/23/2015 3:12:00 PM,3,0,0,36.220930,-86.603990,SHUTE LN,,,,752.00,Feet,North,MEADOWGREEN DR,,,,0.00,N,Not at Intersection,N,Non-Junction,None,,,         ,Timothy,Mead,Cloudy,Front to Rear,no,no,no,no,no,False
100910943,METROPOLITAN NASHVILLE POLICE DEPT,20150675044,Davidson,Nashville,7/15/2015 8:25:00 PM,2,0,0,36.156490,-86.865210,ROBERTSON AVE,,,,200.00,Feet,East,STEVENSON ST,,,,0.00,N,Not at Intersection, ,Non-Junction,None,,,         ,Torian,Cox,Clear,"Sideswipe, Opposite Direction",no,no,no,no,no,False
100910946,METROPOLITAN NASHVILLE POLICE DEPT,20150695712,Davidson,Nashville,7/23/2015 3:55:00 PM,2,0,0,36.187480,-86.794900,I 65,,,,0.00,,,,,,,85.40,N,Not at Intersection, ,Non-Junction,None,,,         ,Christopher,Littles,Cloudy,Front to Rear,no,no,no,no,no,False
100910951,METROPOLITAN NASHVILLE POLICE DEPT,20150695759,Davidson,Nashville,7/23/2015 4:00:00 PM,2,0,0,36.153570,-86.753310,US HWY 70,,,,32.00,Feet,West,DECATUR ST,,,,0.00,N,Not at Intersection, ,Non-Junction,None,,,         ,Bradley,McIntyre,Cloudy,"Sideswipe, Same Direction",no,no,no,no,no,False
100910955,METROPOLITAN NASHVILLE POLICE DEPT,20150695768,Davidson,Nashville,7/23/2015 4:13:00 PM,3,1,0,36.155030,-86.797490,18TH AVE N,,,,0.00,,,CHURCH ST,,,,0.00,Y,Four-Way,N,Intersection-Related,None,,,         ,Tien,Nguyen,Cloudy,Front to Rear,no,no,no,no,no,False
100910959,METROPOLITAN NASHVILLE POLICE DEPT,2015-0695469,Davidson,Nashville,7/23/2015 2:02:00 PM,2,0,0,36.151180,-86.853650,US HWY 70,,,,9.00,Feet,West,54TH AVE N,,,,0.00,N,Not at Intersection,N,"Driveway, Alley Access, etc",None,,,         ,Walter,Gray II,Cloudy,Angle,no,no,no,no,no,False
100910970,METROPOLITAN NASHVILLE POLICE DEPT,20150695879,Davidson,Nashville,7/23/2015 4:44:00 PM,2,0,0,36.115000,-86.792020,GRANNY WHITE PIKE,,,,87.00,Feet,South,BATTLEFIELD DR,,,,0.00,N,Not at Intersection, ,Non-Junction,None,,,         ,Mekisha,Page,Clear,Front to Rear,no,no,no,no,no,False
100910971,METROPOLITAN NASHVILLE POLICE DEPT,20150695899,Davidson,Nashville,7/23/2015 4:50:00 PM,2,0,0,36.165850,-86.781890,CHARLOTTE AVE,,,,0.00,,,5TH AVE N,,,,0.00,Y,T-Intersection, ,Intersection,None,,,         ,Caleb,Rogan,Clear,Angle,no,no,no,no,no,False
100910972,METROPOLITAN NASHVILLE POLICE DEPT,20150695908,Davidson,Nashville,7/23/2015 4:53:00 PM,3,0,0,36.156930,-86.804430,US HWY 70,,,,0.00,,,ARENA AVE,,,,0.00,Y,T-Intersection, ,Intersection-Related,None,,,         ,Tien,Nguyen,Cloudy,Front to Rear,no,no,no,no,no,False
100910975,METROPOLITAN NASHVILLE POLICE DEPT,2015-0689224,Davidson,Nashville,7/21/2015 6:35:00 PM,2,0,0,36.209380,-86.734160,GALLATIN PIKE,,,,160.00,Feet,South,SHELTON AVE,,,,0.00,N,Not at Intersection,N,Non-Junction,None,,,         ,Whitney,Arnold,Clear,Angle,no,no,no,yes,no,False
100910976,METROPOLITAN NASHVILLE POLICE DEPT,2015-0695851,Davidson,Nashville,7/23/2015 4:40:00 PM,2,2,0,36.111560,-86.920960,SONYA DR,,,,473.00,Feet,South,-- UNKNOWN RAMP/ROAD --,,,,0.00,N,Not at Intersection,N,Non-Junction,None,,,         ,Walter,Gray II,Cloudy,HeadOn,no,no,no,no,no,False
100910978,METROPOLITAN NASHVILLE POLICE DEPT,20150695870,Davidson,Nashville,7/23/2015 4:45:00 PM,2,0,0,36.196820,-86.828340,BUENA VISTA PIKE,,,,108.00,Feet,South,CLIFF DR,,,,0.00,N,Not at Intersection,N,Non-Junction,None,,,         ,Zachary,Ronan,Clear,Front to Rear,no,no,no,no,yes,False
100910980,METROPOLITAN NASHVILLE POLICE DEPT,20150695859,Davidson,Nashville,7/23/2015 4:20:00 PM,2,0,0,36.184560,-86.797780,I 65,,,,0.00,,,,,,,85.35,N,Not at Intersection,N,Non-Junction,None,,,         ,Joshua,Hausman,Clear,"Sideswipe, Same Direction",no,no,no,no,yes,False
100910988,METROPOLITAN NASHVILLE POLICE DEPT,20150695838,Davidson,Not in City Limit,7/23/2015 4:03:00 PM,1,0,0,36.284680,-86.814040,LICKTON PIKE,,,,0.79,Miles,North,WESTCAP RD,,,,0.00,N,Not at Intersection,N,Non-Junction,None,,,         ,George,Oden,Cloudy,Not Collision with Motor Vehicle in Transport,no,no,no,no,no,False
100910992,METROPOLITAN NASHVILLE POLICE DEPT,20150695754,Davidson,Nashville,7/23/2015 4:02:00 PM,1,0,0,36.215520,-86.723850,NORVEL AVE,,,,223.00,Feet,East,OXFORD ST,,,,0.00,N,Not at Intersection, ,Non-Junction,None,,,         ,Matthew,Nelms,Cloudy,Not Collision with Motor Vehicle in Transport,no,no,no,no,no,False