master_record_number,agency,agency_tracking_number,county,city,collision_date,vehicles_involved,number_injured,number_dead,latitude,longitude,roadway_name,roadway_suffix,roadway_number,roadway_local_id,distance_from_reference,miles-feet_indicator,direction_from_reference,intersection_road_name,intersection_road_name_suffix,intersection_road_number,intersection_local_id,mile_marker,intersection_indicator,intersect_type,interchange_related_indicator,relation_to_junction,work_zone_type,construction_maintenance_zone,construction_maintenance_zone_location,fatal_case_number,officer_first_name,officer_last_name,weather_condition(s),manner_of_crash,pedestrian,bicycle,scooter,parking,hitrun,mou
100910993,BERRY HILL POLICE DEPT,15-2908,Davidson,Berry Hill,7/23/2015 4:00:00 PM,1,0,0,36.120370,-86.764610,MELROSE AVE,,,,402.00,Feet,East,BRANSFORD AVE,,,,0.00,N,Not at Intersection,N,Non-Junction,None,,,         ,Monty,Sands,Clear,Not Collision with Motor Vehicle in Transport,no,no,no,no,no,False
100910998,METROPOLITAN NASHVILLE POLICE DEPT,20150693034,Davidson,Nashville,7/22/2015 8:49:00 PM,1,1,0,36.087130,-86.691970,ANTIOCH PIKE,,,,124.00,Feet,South,STATE HWY 255,,,,0.00,N,Not at Intersection,N,Non-Junction,None,,,         ,William,Durham,Clear,Not Collision with Motor Vehicle in Transport,no,no,no,no,no,False
100910999,METROPOLITAN NASHVILLE POLICE DEPT,20150696027,Davidson,Nashville,7/23/2015 5:42:00 PM,2,1,0,36.084290,-86.705410,STATE HWY 255,,,,142.00,Feet,East,LINBAR DR,,,,0.00,N,Not at Intersection,N,Non-Junction,None,,,         ,William,Durham,Clear,Front to Rear,no,no,no,no,no,False
100911001,BERRY HILL POLICE DEPT,15-2909,Davidson,Berry Hill,7/23/2015 4:30:00 PM,2,0,0,36.125790,-86.765880,BRANSFORD AVE,,,,0.00,,,CRAIGHEAD ST,,,,0.00,Y,Four-Way, ,Intersection,None,,,         ,Greg,Colson,Cloudy,Front to Rear,no,no,no,no,no,False
100911007,METROPOLITAN NASHVILLE POLICE DEPT,20150695931,Davidson,Nashville,7/23/2015 12:00:00 AM,2,1,0,36.188520,-86.818290,26TH AVE N,,,,13.00,Feet,North,DOWLAN ST,,,,0.00,N,Not at Intersection,N,Non-Junction,None,,,         ,Jaby,Djabbarov,Cloudy,Angle,no,no,no,no,no,False
100911009,METROPOLITAN NASHVILLE POLICE DEPT,2015-0696033,Davidson,Nashville,7/23/2015 5:44:00 PM,2,0,0,36.123720,-86.810220,I 440,,,,0.00,,,,,,,2.50,N,Not at Intersection, ,,None,,,         ,Christopher,Clark,,,no,no,no,no,no,False
100911010,METROPOLITAN NASHVILLE POLICE DEPT,20150695726,Davidson,Not in City Limit,7/23/2015 4:00:00 PM,2,0,0,36.077920,-86.996820,I 40,,,,0.00,,,,,,,193.80,N,Not at Intersection, ,Non-Junction,None,,,         ,Christopher,Augustin,Rain,Front to Rear,no,no,no,no,no,False
100911011,METROPOLITAN NASHVILLE POLICE DEPT,20150695780,Davidson,Whites Creek,7/23/2015 4:23:00 PM,1,0,0,36.277180,-86.796220,HICKORY HILLS BLVD,,,,55.00,Feet,North,STATE HWY 45,,,,0.00,N,Not at Intersection, ,Non-Junction,None,,,         ,Christopher,Augustin,Rain,Not Collision with Motor Vehicle in Transport,no,no,no,yes,no,False
100911012,METROPOLITAN NASHVILLE POLICE DEPT,20150695978,Davidson,Nashville,7/23/2015 5:24:00 PM,2,0,0,36.103580,-86.666520,FAIRCLOTH LN,,,,0.00,,,OLD MURFREESBORO PIKE,,,,0.00,Y,Four-Way,N,Intersection-Related,None,,,         ,Michael,Apsey,Cloudy,"Sideswipe, Opposite Direction",no,no,no,no,no,False
100911013,METROPOLITAN NASHVILLE POLICE DEPT,20150692520,Davidson,Nashville,7/22/2015 5:55:00 PM,2,0,0,36.185020,-86.755450,W EASTLAND AVE,,,,313.00,Feet,West,MCFERRIN AVE,,,,0.00,N,Not at Intersection,N,Non-Junction,None,,,         ,Audrey,Fellingham,Clear,"Sideswipe, Same Direction",no,no,no,no,no,False
100911023,METROPOLITAN NASHVILLE POLICE DEPT,2015-0695713,Davidson,Nashville,7/23/2015 3:57:00 PM,2,0,0,36.035170,-86.768690,CLOVERLAND DR,,,,0.00,Feet,,VALLEY VIEW RD,,,,0.00,Y,T-Intersection, ,Intersection-Related,None,,,         ,William,King,Rain,Front to Rear,no,no,no,no,no,False
100911024,METROPOLITAN NASHVILLE POLICE DEPT,20150695853,Davidson,Nashville,7/23/2015 4:40:00 PM,2,1,0,36.034420,-86.743550,FRONTIER LN,,,,0.00,,,EDMONDSON PIKE,,,,0.00,Y,OTHER,N,Non-Junction,None,,,         ,Ricki,Armstrong,Rain,Front to Rear,no,no,no,no,no,False
100911025,METROPOLITAN NASHVILLE POLICE DEPT,20150696140,Davidson,Nashville,7/23/2015 6:04:00 PM,2,0,0,36.185000,-86.759690,US HWY 31E,,,,0.00,Feet,,CLEVELAND ST,,,,0.00,Y,OTHER, ,Non-Junction,None,,,         ,Whitney,Arnold,Clear,Front to Rear,no,no,no,no,no,False
100911034,METROPOLITAN NASHVILLE POLICE DEPT,20150696182,Davidson,Nashville,7/23/2015 6:42:00 PM,2,1,0,36.142070,-86.735180,I 40,,,,0.00,,,,,,,212.80,N,Not at Intersection,N,Non-Junction,None,,,         ,Leslie,Hale,Clear,Front to Rear,no,no,no,no,no,False
100911048,METROPOLITAN NASHVILLE POLICE DEPT,20150695549,Davidson,Nashville,7/23/2015 2:51:00 PM,1,0,0,36.162700,-86.658450,COLONIAL CIR,,,,334.00,Feet,North,MCCAMPBELL AVE,,,,0.00,N,Not at Intersection,N,Non-Junction,None,,,         ,Bryan,Byrnes,Clear,Not Collision with Motor Vehicle in Transport,no,no,no,no,yes,False
100911049,VANDERBILT UNIVERSITY POLICE,15-0695961,Davidson,Nashville,7/20/2015 4:18:00 PM,1,0,0,36.139460,-86.799330,SOUTH DR,,,,293.00,Feet,West,VILLAGE,,,,0.00,N,Not at Intersection, ,OtherLocation,None,,,         ,William,Amburn,Clear,Not Collision with Motor Vehicle in Transport,no,no,no,yes,no,Campus
100911052,METROPOLITAN NASHVILLE POLICE DEPT,20150696201,Davidson,Nashville,7/23/2015 6:49:00 PM,2,2,0,36.154370,-86.759770,I 40,,,,0.00,,,,,,,211.00,N,Not at Intersection,Y,Entrance/Exit Ramp Related,None,,,         ,Tyler,Conrads,Clear,Angle,no,no,no,no,no,False
100911053,METROPOLITAN NASHVILLE POLICE DEPT,20150695660,Davidson,Nashville,7/23/2015 3:30:00 PM,2,0,0,36.153870,-86.838530,I 40,,,,0.00,,,,,,,205.00,N,Not at Intersection,N,Non-Junction,None,,,         ,Mark,Hatt,Rain,"Sideswipe, Same Direction",no,no,no,no,no,False
100911054,METROPOLITAN NASHVILLE POLICE DEPT,20150696134,Davidson,Nashville,7/23/2015 12:00:00 AM,2,0,0,36.203580,-86.738480,GALLATIN PIKE,,,,0.00,,,E TRINITY LN,,,,0.00,Y,T-Intersection, ,Intersection-Related,None,,,         ,Paul,Stein,Clear,Front to Rear,no,no,no,no,no,False
100911056,METROPOLITAN NASHVILLE POLICE DEPT,20150696024,Davidson,Nashville,7/23/2015 5:40:00 PM,3,0,0,36.136060,-86.876610,HILLWOOD BLVD,,,,79.00,Feet,East,FLEETWOOD DR,,,,0.00,N,Not at Intersection, ,Non-Junction,None,,,         ,Tamara,Zurawski,Clear,Front to Rear,no,no,no,no,no,False
100911058,METROPOLITAN NASHVILLE POLICE DEPT,20150692570,Davidson,Nashville,7/22/2015 5:50:00 PM,2,0,0,36.239470,-86.780720,EXIT 17,,,,0.00,,,BRICK CHURCH PIKE,,,,0.00,Y,T-Intersection,Y,Entrance/Exit Ramp Related,None,,,         ,Nathan,Dungan,Clear,Front to Rear,no,no,no,no,yes,False
100911059,METROPOLITAN NASHVILLE POLICE DEPT,20150695912,Davidson,Nashville,7/23/2015 3:15:00 PM,2,0,0,36.166700,-86.810120,ALAMEDA ST,,,,300.00,Feet,West,21ST AVE N,,,,0.00,N,Not at Intersection, ,Non-Junction,None,,,         ,Christopher,Littles,Rain,Angle,no,no,no,no,no,False
100911061,METROPOLITAN NASHVILLE POLICE DEPT,20150696108,Davidson,Nashville,7/23/2015 6:01:00 PM,1,0,0,36.178200,-86.739490,N 17TH ST,,,,23.00,Feet,North,FORREST AVE,,,,0.00,N,Not at Intersection,N,Non-Junction,None,,,         ,Matthew,Nelms,Clear,Not Collision with Motor Vehicle in Transport,no,no,no,no,yes,False
100911063,METROPOLITAN NASHVILLE POLICE DEPT,20150695685,Davidson,Madison,7/23/2015 1:50:00 PM,2,0,0,36.265080,-86.738620,STATE HWY 45,,,,0.00,,,-- UNKNOWN RAMP/ROAD --,,,,0.00,Y,Y-Intersection, ,,None,,,         ,Nathan,Dungan,,,no,no,no,no,no,False
100911069,METROPOLITAN NASHVILLE POLICE DEPT,20150696422,Davidson,Nashville,7/23/2015 8:00:00 PM,1,0,0,36.180600,-86.810950,DR DB TODD JR BLVD,,,,196.00,Feet,North,BUCHANAN ST,,,,0.00,N,Not at Intersection, ,,None,,,         ,Ryan,Caulfield,,,no,no,no,yes,no,False
100911084,METROPOLITAN NASHVILLE POLICE DEPT,20150696305,Davidson,Not in City Limit,7/23/2015 7:42:00 PM,2,0,0,36.079670,-86.953550,US HWY 70S,,,,0.00,,,COLEY DAVIS CT,,,,0.00,Y,Four-Way,N,Intersection,None,,,         ,Adam,Reese,Clear,Angle,no,no,no,no,yes,False
100911086,METROPOLITAN NASHVILLE POLICE DEPT,20150695954,Davidson,Goodlettsville,7/23/2015 5:10:00 PM,2,0,0,36.287290,-86.726210,I 65,,,,0.00,,,,,,,94.00,N,Not at Intersection, ,Non-Junction,None,,,         ,Nathan,Dungan,Cloudy,"Sideswipe, Same Direction",no,no,no,no,no,False
100911087,METROPOLITAN NASHVILLE POLICE DEPT,20150696342,Davidson,Nashville,7/23/2015 5:59:00 PM,2,0,0,36.168290,-86.797130,12TH AVE N,,,,87.00,Feet,North,IRELAND ST,,,,0.00,N,Not at Intersection, ,Non-Junction,None,,,         ,Joshua,Hausman,Clear,Front to Rear,no,no,no,no,no,False
100911088,METROPOLITAN NASHVILLE POLICE DEPT,20150696133,Davidson,Not in City Limit,7/23/2015 6:24:00 PM,2,0,0,36.013550,-86.714950,HOLT RD,,,,38.00,Feet,East,SHERBROOKE LN,,,,0.00,N,Not at Intersection, ,Non-Junction,None,,,         ,Ricki,Armstrong,Clear,Front to Rear,no,no,no,no,no,False
100911089,METROPOLITAN NASHVILLE POLICE DEPT,2015-0696383,Davidson,Nashville,7/23/2015 8:00:00 PM,2,1,0,36.146090,-86.870730,US HWY 70,,,,0.00,Feet,,WESTBORO DR,,,,0.00,Y,Four-Way,N,Intersection,None,,,         ,Christopher,Clark,Clear,Front to Rear,no,no,no,no,no,False
100911101,METROPOLITAN NASHVILLE POLICE DEPT,20150696050,Davidson,Nashville,7/23/2015 6:35:00 PM,3,1,0,36.102650,-86.665570,US HWY 41,,,,235.00,Feet,East,OLD MURFREESBORO PIKE,,,,0.00,N,Not at Intersection,N,Non-Junction,None,,,         ,Jessie,Meadows,Clear,Front to Rear,no,no,no,no,no,False
100911102,METROPOLITAN NASHVILLE POLICE DEPT,20150696313,Davidson,Nashville,7/23/2015 8:01:00 PM,2,0,0,36.073320,-86.663880,UNA ANTIOCH PIKE,,,,289.00,Feet,North,PEBBLE CREEK CIR,,,,0.00,N,Not at Intersection,N,Non-Junction,None,,,         ,Jessie,Meadows,Clear,Front to Rear,no,no,no,no,no,False
100911109,METROPOLITAN NASHVILLE POLICE DEPT,20150695551,Davidson,Nashville,7/23/2015 3:00:00 PM,2,1,0,36.170450,-86.768460,INTERSTATE DR,,,,0.00,,,WOODLAND ST,,,,0.00,Y,Four-Way,Y,Intersection,None,,,         ,Ethan,Luffman,Clear,Front to Rear,no,no,no,no,yes,False
100911110,METROPOLITAN NASHVILLE POLICE DEPT,20150695897,Davidson,Nashville,7/23/2015 4:54:00 PM,2,0,0,36.178770,-86.773730,I 24,,,,0.00,,,,,,,47.80,N,Not at Intersection,N,Non-Junction,None,,,         ,Ethan,Luffman,Clear,Front to Rear,no,no,no,no,no,False
100911111,METROPOLITAN NASHVILLE POLICE DEPT,20150696499,Davidson,Nashville,7/23/2015 8:46:00 PM,2,0,0,36.081100,-86.758370,STATE HWY 255,,,,0.00,,,TROUSDALE DR,,,,0.00,Y,Four-Way, ,Intersection-Related,None,,,         ,Tien,Nguyen,Clear,"Sideswipe, Same Direction",no,no,no,no,no,False
100911123,METROPOLITAN NASHVILLE POLICE DEPT,20150696102,Davidson,Nashville,7/23/2015 6:11:00 PM,2,0,0,36.172930,-86.737530,FATHERLAND ST,,,,150.00,Feet,West,S 19TH ST,,,,0.00,N,Not at Intersection,N,Non-Junction,None,,,         ,Armonty,Houston,Clear,Angle,no,no,no,no,yes,False
100911129,METROPOLITAN NASHVILLE POLICE DEPT,20150696328,Davidson,Nashville,7/23/2015 7:47:00 PM,2,1,0,36.104990,-86.818580,BANDYWOOD DR,,,,280.00,Feet,East,HILLSBORO CIR,,,,0.00,N,Not at Intersection,N,Non-Junction,None,,,         ,Shaun,Heath,Clear,Angle,no,no,no,no,yes,False
100911138,METROPOLITAN NASHVILLE POLICE DEPT,2015688638,Davidson,Nashville,7/21/2015 3:04:00 PM,2,0,0,36.160780,-86.793680,EXIT 209,,,,0.00,,,I 40,,,,0.00,Y,T-Intersection, ,Intersection-Related,Construction Zone,,,         ,Jacob,Paul,Clear,"Sideswipe, Opposite Direction",no,no,no,no,no,False
100911140,METROPOLITAN NASHVILLE POLICE DEPT,2015-0696214,Davidson,Nashville,7/23/2015 6:15:00 PM,2,0,0,36.172570,-86.762790,S 6TH ST,,,,0.00,,,WOODLAND ST,,,,0.00,Y,Four-Way,N,Intersection,None,,,         ,Cary,Briley,Clear,Angle,no,no,no,no,no,False
100911150,METROPOLITAN NASHVILLE POLICE DEPT,20150696284,Davidson,Nashville,7/23/2015 4:53:00 PM,2,0,0,36.180210,-86.800280,9TH AVE N,,,,25.00,Feet,East,EXIT 85,,,,0.00,N,Not at Intersection,N,Non-Junction,None,,,         ,George,Oden,Cloudy,Front to Rear,no,no,no,no,no,False
100911152,Nashville Airport Police,15-01545,Davidson,Nashville,7/15/2015 5:07:00 AM,2,0,0,0.000000,0.000000,TERMINAL DR,DR,SR255,,100.00,Feet,North,DONELSON,PIKE,SR255,,0.00,N,Not at Intersection, ,Unknown,None,,,         ,David,Westmoreland,Clear,Front to Rear,no,no,no,no,no,False
100911158,METROPOLITAN NASHVILLE POLICE DEPT,20150696536,Davidson,Nashville,7/23/2015 8:54:00 PM,2,0,0,36.169350,-86.679870,US HWY 70,,,,0.00,,,MCGAVOCK PIKE,,,,0.00,Y,Four-Way,N,Intersection,None,,,         ,Leslie,Hale,Clear,Angle,no,no,no,no,no,False
100911160,METROPOLITAN NASHVILLE POLICE DEPT,20150696403,Davidson,Nashville,7/23/2015 8:10:00 PM,1,1,0,36.098390,-86.659070,US HWY 41,,,,194.00,Feet,East,HARDING PL,,,,0.00,N,Not at Intersection,N,Non-Junction,None,,,         ,Colby,Mathis,Clear,Not Collision with Motor Vehicle in Transport,no,no,no,no,no,False
100911171,METROPOLITAN NASHVILLE POLICE DEPT,20150696681,Davidson,Nashville,7/23/2015 9:42:00 PM,2,1,0,36.144060,-86.697310,STATE HWY 155,,,,0.00,,,I 40,,,,0.00,Y,OTHER,N,Non-Junction,None,,,         ,Michael,Apsey,Clear,Front to Rear,no,no,no,no,no,False
100911179,METROPOLITAN NASHVILLE POLICE DEPT,20150696687,Davidson,Nashville,7/23/2015 9:47:00 PM,2,0,0,36.036770,-86.783320,-- UNKNOWN RAMP/ROAD --,,,,0.00,Feet,East,I 65,,,,0.00,N,Not at Intersection,N,Entrance/Exit Ramp Related,None,,,         ,Tien,Nguyen,Clear,"Sideswipe, Same Direction",no,no,no,no,no,False
100911183,METROPOLITAN NASHVILLE POLICE DEPT,20150695554,Davidson,Nashville,7/23/2015 2:50:00 PM,2,0,0,36.182150,-86.608120,STATE HWY 45,,,,0.00,,,FRIST BLVD,,,,0.00,Y,Four-Way, ,Intersection,None,,,         ,James,DeSantis,Cloudy,Front to Rear,no,no,no,no,no,False
100911184,METROPOLITAN NASHVILLE POLICE DEPT,20150695971,Davidson,Nashville,7/23/2015 5:15:00 PM,2,0,0,36.225220,-86.625540,STATE HWY 45,,,,0.00,,,CENTER ST,,,,0.00,Y,T-Intersection, ,,None,,,         ,James,DeSantis,,,no,no,no,no,no,False
100911187,METROPOLITAN NASHVILLE POLICE DEPT,20150696558,Davidson,Nashville,7/23/2015 8:53:00 PM,2,0,0,36.132780,-86.701460,MASSMAN DR,,,,256.00,Feet,North,MASSMAN MANOR DR,,,,0.00,N,Not at Intersection,N,Non-Junction,None,,,         ,Bryan,Byrnes,Clear,Front to Rear,no,no,no,no,yes,False
100911196,METROPOLITAN NASHVILLE POLICE DEPT,20150695719,Davidson,Nashville,7/22/2015 3:58:00 PM,2,0,0,36.210620,-86.775760,I 65,,,,0.00,,,,,,,87.65,N,Not at Intersection,Y,Entrance/Exit Ramp Related,Construction Zone,Work On Shoulder Or Median,Activity Area,         ,Audrey,Fellingham,Cloudy,"Sideswipe, Same Direction",no,no,no,no,yes,False
100911200,METROPOLITAN NASHVILLE POLICE DEPT,20150696742,Davidson,Not in City Limit,7/23/2015 10:05:00 PM,2,2,0,36.016180,-86.664580,PETTUS RD,,,,449.00,Feet,East,SUNDOWN DR,,,,0.00,N,Not at Intersection,N,Non-Junction,None,,,         ,Jessie,Meadows,Clear,Front to Rear,no,no,no,no,no,False
100911214,METROPOLITAN NASHVILLE POLICE DEPT,20150696890,Davidson,Nashville,7/23/2015 10:20:00 PM,2,0,0,36.200300,-86.776390,I 65,,,,0.00,,,,,,,86.90,N,Not at Intersection, ,Non-Junction,None,,,         ,Christopher,Dameron,Clear,"Sideswipe, Same Direction",no,no,no,no,no,False
100911216,METROPOLITAN NASHVILLE POLICE DEPT,2015-0694372,Davidson,Nashville,7/23/2015 6:24:00 AM,1,1,0,36.096770,-86.654590,OLD MURFREESBORO PIKE,,,,0.00,,,SMITH SPRINGS RD,,,,0.00,Y,Four-Way,N,Non-Junction,None,,,         ,Charles,Shaw,Rain,Not Collision with Motor Vehicle in Transport,no,no,no,no,no,False
100911224,METROPOLITAN NASHVILLE POLICE DEPT,20150696985,Davidson,Nashville,7/23/2015 12:00:00 AM,2,1,0,36.155330,-86.627660,STEWARTS FERRY PIKE,,,,198.00,Feet,West,RAMP,,,,0.00,N,Not at Intersection,N,Entrance/Exit Ramp Related,None,,,         ,Charles,Shaw,Clear,Front to Rear,no,no,no,no,no,False
100911238,METROPOLITAN NASHVILLE POLICE DEPT,2015-0694371,Davidson,Nashville,7/23/2015 6:23:00 AM,2,2,0,0.000000,0.000000,EDMONDSON,PIKE,,,50.00,Feet,North,BANBURY,STA,,,0.00,N,Not at Intersection,N,Non-Junction,None,,,         ,Eric,Petlewski,Clear,HeadOn,no,no,no,no,no,False
100911245,METROPOLITAN NASHVILLE POLICE DEPT,20150694348,Davidson,Not in City Limit,7/23/2015 6:10:00 AM,1,0,0,36.101820,-86.933950,I 40,,,,0.00,,,,,,,198.30,N,Not at Intersection, ,Non-Junction,None,,,         ,Melvin,Foster,Rain,Not Collision with Motor Vehicle in Transport,no,no,no,no,no,False
100911253,METROPOLITAN NASHVILLE POLICE DEPT,20150697376,Davidson,Nashville,7/24/2015 3:00:00 AM,2,0,0,36.058380,-86.678200,I 24,,,,0.00,,,,,,,58.00,N,Not at Intersection,N,Non-Junction,None,,,         ,Steven,Williams,Clear,Angle,no,no,no,no,yes,False
100911268,METROPOLITAN NASHVILLE POLICE DEPT,20150697231,Davidson,Nashville,7/24/2015 1:22:00 AM,2,1,0,36.106480,-86.718840,I 24,,,,0.00,,,,,,,54.00,N,Not at Intersection,N,Non-Junction,None,,,         ,Erik,Dabbs,Cloudy,"Sideswipe, Same Direction",no,no,no,no,no,False
100911278,METROPOLITAN NASHVILLE POLICE DEPT,2015-0694386,Davidson,Nashville,7/23/2015 6:30:00 AM,2,0,0,36.110920,-86.745200,STATE HWY 155,,,,0.00,,,US HWY 31 ALT,,,,0.00,Y,Four-Way,Y,Intersection,None,,,         ,Thomas,Burns,Clear,Angle,no,no,no,no,no,False
100911281,METROPOLITAN NASHVILLE POLICE DEPT,20150697608,Davidson,Nashville,7/24/2015 5:00:00 AM,1,1,0,36.205130,-86.723520,MCGAVOCK PIKE,,,,263.00,Feet,East,RIVERSIDE DR,,,,0.00,N,Not at Intersection,N,Non-Junction,None,,,         ,Eric,Hall,Clear,Not Collision with Motor Vehicle in Transport,no,no,no,no,no,False
100911286,METROPOLITAN NASHVILLE POLICE DEPT,20150697116,Davidson,Not in City Limit,7/23/2015 9:35:00 PM,1,0,0,36.289670,-86.886900,EATONS CREEK RD,,,,135.00,Feet,South,FORTE RD,,,,0.00,N,Not at Intersection,N,Non-Junction,None,,,         ,Eric,Mumaw,Clear,Not Collision with Motor Vehicle in Transport,no,no,no,no,no,False
100911311,METROPOLITAN NASHVILLE POLICE DEPT,20150695421,Davidson,Nashville,7/23/2015 1:37:00 PM,2,1,0,36.209130,-86.775810,-- UNKNOWN RAMP/ROAD --,,,,0.00,,,I 65,,,,0.00,Y,OTHER,N,Entrance/Exit Ramp Related,Construction Zone,Work On Shoulder Or Median,Transition Area,         ,Adam,Gartner,Cloudy,Front to Rear,no,no,no,no,no,False
100911313,METROPOLITAN NASHVILLE POLICE DEPT,2015-0695311,Davidson,Nashville,7/23/2015 12:55:00 PM,2,0,0,36.176180,-86.785910,MADISON ST,,,,127.00,Feet,West,3RD AVE N,,,,0.00,N,Not at Intersection, ,,None,,,         ,Darryl,Morton,,,no,no,no,no,no,False
100911315,METROPOLITAN NASHVILLE POLICE DEPT,20150697815,Davidson,Nashville,7/24/2015 7:34:00 AM,2,1,0,36.088910,-86.763080,I65 S EXT RAMP,,,,0.00,Feet,East,I 65,,,,0.00,N,Not at Intersection,N,Non-Junction,None,,,         ,Nathan,Kemp,Clear,Front to Rear,no,no,no,no,no,False
100911321,METROPOLITAN NASHVILLE POLICE DEPT,20150697869,Davidson,Nashville,7/24/2015 7:56:00 AM,2,0,0,36.115370,-86.745800,WHITSETT RD,,,,0.00,,,FANNIE WILLIAMS ST,,,,0.00,Y,T-Intersection, ,Intersection,None,,,         ,Mark,Harrison,Clear,"Sideswipe, Opposite Direction",no,no,no,no,yes,False
100911327,METROPOLITAN NASHVILLE POLICE DEPT,20150697867,Davidson,Nashville,7/24/2015 7:50:00 AM,2,0,0,36.105440,-86.767480,I 65,,,,0.00,,,,,,,79.45,N,Not at Intersection, ,Non-Junction,None,,,         ,Marc,Haugen,Clear,Front to Rear,no,no,no,no,no,False
100911334,METROPOLITAN NASHVILLE POLICE DEPT,20150697831,Davidson,Nashville,7/24/2015 8:14:00 AM,2,0,0,36.054100,-86.950650,POPLAR CREEK RD,,,,0.00,,,,,,,0.00,,, ,Non-Junction,None,,,         ,Ryan,Burger,Clear,Front to Rear,no,no,no,no,no,False
100911335,METROPOLITAN NASHVILLE POLICE DEPT,2015-0695246,Davidson,Nashville,7/23/2015 12:31:00 PM,2,0,0,36.234190,-86.719890,STATE HWY 155,,,,0.00,,,-- UNKNOWN RAMP/ROAD --,,,,0.00,Y,OTHER, ,Non-Junction,None,,,         ,Alex,Moore,Cloudy,"Sideswipe, Same Direction",no,no,no,no,no,False
100911341,METROPOLITAN NASHVILLE POLICE DEPT,20150679015,Davidson,Nashville,7/17/2015 10:12:00 PM,2,0,0,36.094380,-86.653330,US HWY 41,,,,0.00,,,FRANKLIN LIMESTONE RD,,,,0.00,Y,Four-Way, ,Intersection,None,,,         ,Dezmond,Hughes,Clear,"Sideswipe, Opposite Direction",no,no,no,no,no,False
100911342,METROPOLITAN NASHVILLE POLICE DEPT,20150680349,Davidson,Nashville,7/18/2015 1:50:00 PM,1,0,0,36.202190,-86.869210,STATE HWY 155,,,,1427.00,Feet,South,JORDONIA STATION RD,,,,0.00,N,Not at Intersection,N,Non-Junction,None,,,         ,Earnest,Fields,Clear,Not Collision with Motor Vehicle in Transport,no,no,no,no,no,False
100911346,METROPOLITAN NASHVILLE POLICE DEPT,20150698027,Davidson,Nashville,7/24/2015 9:00:00 AM,2,0,0,36.149530,-86.773640,I 40,,,,0.00,,,,,,,210.20,N,Not at Intersection, ,Non-Junction,None,,,         ,Michael,Johnson,Clear,Front to Rear,no,no,no,no,no,False
100911350,METROPOLITAN NASHVILLE POLICE DEPT,20150697918,Davidson,Nashville,7/24/2015 8:20:00 AM,2,0,0,36.123050,-86.751190,I 440,,,,0.00,,,,,,,6.30,N,Not at Intersection, ,Non-Junction,None,,,         ,Thomas,West,Clear,Front to Rear,no,no,no,no,no,False
100911353,METROPOLITAN NASHVILLE POLICE DEPT,20150694982,Davidson,Nashville,7/23/2015 10:50:00 AM,2,0,0,36.160610,-86.778180,US HWY 70,,,,100.00,Feet,East,5TH AVE N,,,,0.00,N,Not at Intersection, ,Non-Junction,None,,,         ,Catherine,Poole,Clear,"Sideswipe, Same Direction",no,no,no,no,no,False
100911367,METROPOLITAN NASHVILLE POLICE DEPT,20150698162,Davidson,Nashville,7/24/2015 10:11:00 AM,2,0,0,36.130390,-86.801960,21ST AVS,,,,0.00,,,BLAIR BLVD,,,,0.00,Y,Four-Way,N,Intersection-Related,None,,,         ,Nathan,Kemp,Clear,"Sideswipe, Same Direction",no,no,no,no,yes,False
100911370,METROPOLITAN NASHVILLE POLICE DEPT,20150698052,Davidson,Nashville,7/24/2015 8:55:00 AM,2,0,0,36.156330,-86.787320,12TH AVE S,,,,100.00,Feet,South,US HWY 70,,,,0.00,N,Not at Intersection,N,Non-Junction,None,,,         ,Catherine,Poole,Clear,"Sideswipe, Same Direction",no,no,no,no,yes,False
100911374,METROPOLITAN NASHVILLE POLICE DEPT,20150697922,Davidson,Nashville,7/24/2015 8:27:00 AM,2,1,0,36.121840,-86.754980,I 440,,,,0.00,,,,,,,6.05,N,Not at Intersection,N,Non-Junction,None,,,         ,Phillip,Murphy,Clear,Front to Rear,no,no,no,no,no,False
100911383,METROPOLITAN NASHVILLE POLICE DEPT,20150698317,Davidson,Nashville,7/24/2015 10:53:00 AM,2,0,0,36.125660,-86.802790,SWEETBRIAR AV,,,,61.00,Feet,East,BONNIE BRIAR LN,,,,0.00,N,Not at Intersection, ,Non-Junction,None,,,         ,Nathan,Kemp,Clear,"Sideswipe, Same Direction",no,no,no,no,no,False
100911385,VANDERBILT UNIVERSITY POLICE,15-0697986,Davidson,Nashville,7/24/2015 8:30:00 AM,2,0,0,36.142820,-86.800040,US HWY 431,,,,0.00,,,MEDICAL CENTER DR,,,,0.00,Y,OTHER, ,Non-Junction,None,,,         ,Brent,Clark,Clear,Angle,no,no,no,yes,no,Campus
100911407,METROPOLITAN NASHVILLE POLICE DEPT,20150698447,Davidson,Nashville,7/24/2015 11:53:00 AM,2,0,0,36.139440,-86.819890,MURPHY RD,,,,9.00,Feet,East,PARK DR,,,,0.00,N,Not at Intersection, ,Non-Junction,None,,,         ,Nathan,Kemp,Clear,Angle,no,no,no,no,no,False
100911417,METROPOLITAN NASHVILLE POLICE DEPT,2015-0698405,Davidson,Nashville,7/24/2015 12:00:00 PM,2,0,0,36.167290,-86.781070,CONNECTING ROAD,,,,0.00,,,US HWY 31,,,,0.00,Y,T-Intersection, ,Intersection-Related,None,,,         ,Charles,Coe,Cloudy,"Sideswipe, Same Direction",no,no,no,no,no,False