master_record_number,agency,agency_tracking_number,county,city,collision_date,vehicles_involved,number_injured,number_dead,latitude,longitude,roadway_name,roadway_suffix,roadway_number,roadway_local_id,distance_from_reference,miles-feet_indicator,direction_from_reference,intersection_road_name,intersection_road_name_suffix,intersection_road_number,intersection_local_id,mile_marker,intersection_indicator,intersect_type,interchange_related_indicator,relation_to_junction,work_zone_type,construction_maintenance_zone,construction_maintenance_zone_location,fatal_case_number,officer_first_name,officer_last_name,weather_condition(s),manner_of_crash,pedestrian,bicycle,scooter,parking,hitrun,mou
100911767,METROPOLITAN NASHVILLE POLICE DEPT,2015-0696916,Davidson,Nashville,7/23/2015 11:05:00 PM,2,1,0,36.165130,-86.794210,I 40,,,,0.00,,,,,,,208.40,N,Not at Intersection,N,Non-Junction,Construction Zone,Laneclosure,Activity Area,         ,Michael,Willis Jr.,Clear,Front to Rear,no,no,no,no,no,False
100911769,METROPOLITAN NASHVILLE POLICE DEPT,20150700074,Davidson,Nashville,7/24/2015 10:05:00 PM,2,0,0,36.150440,-86.771280,I 40,,,,0.00,,,,,,,210.35,N,Not at Intersection, ,Non-Junction,Construction Zone,,,         ,Blaze,Williams,Clear,Front to Rear,no,no,no,no,no,False
100911777,METROPOLITAN NASHVILLE POLICE DEPT,20150699289,Davidson,Nashville,7/24/2015 6:04:00 PM,2,1,0,36.108760,-86.744080,US HWY 31 ALT,,,,0.00,,,TANKSLEY AVE,,,,0.00,Y,Four-Way,N,Intersection,None,,,         ,Eric,Burford,Clear,Angle,no,no,no,no,no,False
100911785,METROPOLITAN NASHVILLE POLICE DEPT,2015-0697532,Davidson,Nashville,7/24/2015 4:50:00 AM,1,2,0,36.174280,-86.787380,5TH AVE N,,,,0.00,,,JEFFERSON ST,,,,0.00,Y,Four-Way,N,Non-Junction,None,,,         ,Austin,Bass,Clear,Not Collision with Motor Vehicle in Transport,no,no,no,no,yes,False
100911786,METROPOLITAN NASHVILLE POLICE DEPT,20150700190,Davidson,Nashville,7/24/2015 10:49:00 PM,2,0,0,36.143960,-86.722600,SPENCE LN,,,,0.00,,,ELM HILL PIKE,,,,0.00,Y,Four-Way,N,Intersection,None,,,         ,Evan,Hibschman,Clear,Front to Rear,no,no,no,no,yes,False
100911788,METROPOLITAN NASHVILLE POLICE DEPT,20150700195,Davidson,Not in City Limit,7/24/2015 10:14:00 PM,2,0,0,36.300440,-86.812150,I 24,,,,0.00,,,,,,,38.75,N,Not at Intersection,N,Non-Junction,None,,,         ,Ryan,Kozlowski,Clear,Front to Rear,no,no,no,no,no,False
100911808,METROPOLITAN NASHVILLE POLICE DEPT,20150700294,Davidson,Nashville,7/24/2015 11:31:00 PM,2,1,0,36.154190,-86.792850,16TH AVE S,,,,35.00,Feet,South,US HWY 70S,,,,0.00,N,Not at Intersection,N,Non-Junction,None,,,         ,Jason,Dudley,Clear,Front to Rear,no,no,no,no,no,False
100911835,METROPOLITAN NASHVILLE POLICE DEPT,20150700430,Davidson,Nashville,7/25/2015 12:55:00 AM,2,0,0,36.134470,-86.776620,WEDGEWOOD PARK,,,,0.00,,,WEDGEWOOD PARK,,,,0.00,Y,OTHER, ,Non-Junction,None,,,         ,Conner,Harris,Clear,"Sideswipe, Opposite Direction",no,no,no,no,no,False
100911837,METROPOLITAN NASHVILLE POLICE DEPT,20150700679,Davidson,Nashville,7/24/2015 9:08:00 PM,2,0,0,36.167800,-86.761610,SHELBY AVE,,,,197.00,Feet,East,S 5TH ST,,,,0.00,N,Not at Intersection,N,Non-Junction,None,,,         ,Joshua,Lefler,Clear,"Sideswipe, Same Direction",no,no,no,no,yes,False
100911838,METROPOLITAN NASHVILLE POLICE DEPT,20150700410,Davidson,Nashville,7/25/2015 12:27:00 AM,2,0,0,36.215130,-86.597660,US HWY 70,,,,0.00,,,ANDREW JACKSON PKWY,,,,0.00,Y,Four-Way,N,Intersection,None,,,         ,Christina,Buckner,Clear,Angle,no,no,no,no,no,False
100911840,METROPOLITAN NASHVILLE POLICE DEPT,20150700683,Davidson,Nashville,7/25/2015 2:37:00 AM,2,1,0,36.135360,-86.724350,US HWY 41,,,,48.00,Feet,East,-- UNKNOWN RAMP/ROAD --,,,,0.00,N,Not at Intersection,N,Non-Junction,None,,,         ,Charles,Shaw,Clear,"Sideswipe, Same Direction",no,no,no,no,yes,False
100911854,METROPOLITAN NASHVILLE POLICE DEPT,20150700707,Davidson,Nashville,7/25/2015 12:00:00 AM,2,0,0,36.152700,-86.790510,DEMONBREUN ST,,,,171.00,Feet,West,CONNECTING ROAD,,,,0.00,N,Not at Intersection,N,OtherLocation,None,,,         ,Jason,Dudley,Clear,"Sideswipe, Opposite Direction",no,no,no,yes,yes,False
100911856,METROPOLITAN NASHVILLE POLICE DEPT,20150700713,Davidson,Nashville,7/25/2015 2:55:00 AM,2,1,0,36.177340,-86.749000,WOODLAND ST,,,,158.00,Feet,West,N 12TH ST,,,,0.00,N,Not at Intersection,N,Non-Junction,None,,,         ,Christopher,Valdez,Clear,Front to Rear,no,no,no,no,no,False
100911860,METROPOLITAN NASHVILLE POLICE DEPT,20150700039,Davidson,Nashville,7/24/2015 8:30:00 PM,2,0,0,36.077340,-86.657810,OKEE TRL,,,,36.00,Feet,South,UNA ANTIOCH PIKE,,,,0.00,N,Not at Intersection,N,Non-Junction,None,,,         ,Charles,Shaw,Clear,Angle,no,no,no,no,no,False
100911867,METROPOLITAN NASHVILLE POLICE DEPT,20150697103,Davidson,Nashville,7/23/2015 8:30:00 PM,2,0,0,36.206660,-86.778660,US HWY 431,,,,78.00,Feet,West,HAMPTON ST,,,,0.00,N,Not at Intersection, ,Non-Junction,None,,,         ,Benjamin,Spees,Clear,"Sideswipe, Same Direction",no,no,no,no,no,False
100911871,METROPOLITAN NASHVILLE POLICE DEPT,20150700721,Davidson,Nashville,7/25/2015 2:54:00 AM,1,0,0,36.238260,-86.783170,EXIT 18A,,,,0.00,,,I 24,,,,0.00,Y,Y-Intersection,N,Entrance/Exit Ramp Related,None,,,         ,Craig,Amabile,Clear,Not Collision with Motor Vehicle in Transport,no,no,no,no,no,False
100911874,METROPOLITAN NASHVILLE POLICE DEPT,20150695326,Davidson,Nashville,7/23/2015 12:58:00 PM,2,0,0,36.150500,-86.770340,US HWY 31 ALT,,,,0.00,,,RAMP,,,,0.00,Y,Four-Way,N,Entrance/Exit Ramp Related,None,,,         ,John,Daugherty,Cloudy,Angle,no,no,no,no,no,False
100911882,METROPOLITAN NASHVILLE POLICE DEPT,2015-0691228,Davidson,Nashville,7/22/2015 9:26:00 AM,2,0,0,36.133670,-86.702400,GLASTONBURY RD,,,,0.00,,,MASSMAN DR,,,,0.00,Y,T-Intersection,N,Intersection,None,,,         ,Jeb,Johnston,Rain,HeadOn,no,no,no,no,no,False
100911883,METROPOLITAN NASHVILLE POLICE DEPT,20150698530,Davidson,Nashville,7/24/2015 12:28:00 PM,2,1,0,36.123310,-86.808960,I 440,,,,0.00,,,,,,,0.00,,Not at Intersection,Y,Entrance/Exit Ramp Related,None,,,         ,Ryan,Burger,Clear,Front to Rear,no,no,no,no,no,False
100911892,METROPOLITAN NASHVILLE POLICE DEPT,20150685298,Davidson,Nashville,7/20/2015 12:00:00 PM,2,0,0,36.206790,-86.781310,US HWY 431,,,,792.00,Feet,East,MONTICELLO DR,,,,0.00,N,Not at Intersection,N,OtherLocation,None,,,         ,Richard,Olive,Clear,"Sideswipe, Opposite Direction",no,no,no,yes,yes,False
100911893,METROPOLITAN NASHVILLE POLICE DEPT,2015-0691033,Davidson,Nashville,7/22/2015 8:25:00 AM,2,0,0,36.169230,-86.680890,US HWY 70,,,,303.00,Feet,West,MCGAVOCK PIKE,,,,0.00,N,Not at Intersection, ,,None,,,         ,Jeb,Johnston,,,no,no,no,no,no,False
100911902,METROPOLITAN NASHVILLE POLICE DEPT,20150698671,Davidson,Nashville,7/24/2015 1:40:00 PM,2,0,0,36.150550,-86.866880,I 40,,,,0.00,,,,,,,203.40,N,Not at Intersection, ,Non-Junction,None,,,         ,Brian,Myatt,Clear,"Sideswipe, Same Direction",no,no,no,no,no,False
100911903,METROPOLITAN NASHVILLE POLICE DEPT,2015-0694362,Davidson,Nashville,7/23/2015 6:15:00 AM,1,1,0,36.218230,-86.604420,SHUTE LN,,,,244.00,Feet,South,MEADOWGREEN DR,,,,0.00,N,Not at Intersection,N,Non-Junction,None,,,         ,Jeb,Johnston,Cloudy,Not Collision with Motor Vehicle in Transport,no,no,no,no,no,False
100911907,Nashville Airport Police,15-01619,Davidson,Nashville,7/25/2015 7:01:00 AM,2,0,0,0.000000,0.000000,TERMINAL DRIVE,,,,0.25,Miles,East,DONELSON PIKE,PIKE,,,218.00,N,Not at Intersection, ,Non-Junction,None,,,         ,Mark,Medlin,Clear,Front to Rear,no,no,no,no,no,False
100911908,METROPOLITAN NASHVILLE POLICE DEPT,2015-0695409,Davidson,Nashville,7/23/2015 1:35:00 PM,2,0,0,36.148810,-86.666280,DONELSON PKE,,,,0.00,,,ELM HILL PKE,,,,0.00,Y,Four-Way, ,Intersection,None,,,         ,Jeb,Johnston,Cloudy,Front to Rear,no,no,no,no,no,False
100911909,METROPOLITAN NASHVILLE POLICE DEPT,20150700243,Davidson,Nashville,7/24/2015 11:18:00 PM,2,0,0,36.089110,-86.702550,I 24,,,,0.00,,,,,,,55.45,N,Not at Intersection,N,Non-Junction,None,,,         ,Kurt,Lewton,Clear,"Sideswipe, Same Direction",no,no,no,no,yes,False
100911920,METROPOLITAN NASHVILLE POLICE DEPT,2015-0694752,Davidson,Nashville,7/23/2015 9:25:00 AM,2,1,0,36.192320,-86.616300,OLD HICKORY BLVD,,,,0.00,,,JUAREZ DR,,,,0.00,Y,Four-Way,N,Intersection,None,,,         ,Jeb,Johnston,Rain,HeadOn,no,no,no,no,no,False
100911925,METROPOLITAN NASHVILLE POLICE DEPT,20150698691,Davidson,Nashville,7/24/2015 2:00:00 PM,1,1,0,0.000000,0.000000,PEABODY,ST,,,30.00,Feet,West,4TH AVE S,AVE,,,0.00,N,Not at Intersection,N,"Driveway, Alley Access, etc",None,,,         ,Jose,Salazar,Clear,Not Collision with Motor Vehicle in Transport,yes,no,no,yes,no,False
100911928,GOODLETTSVILLE POLICE DEPT,15-28049,Davidson,Goodlettsville,7/24/2015 4:45:00 PM,2,0,0,36.300720,-86.701000,RIVERGATE PKWY,,,,0.00,,,BLUEBIRD DR,,,,0.00,Y,Four-Way, ,Intersection,None,,,         ,John,Spencer,Clear,Front to Rear,no,no,no,no,no,False
100911940,THP District 3 - Nashville,315038160,Davidson,Not in City Limit,7/24/2015 1:58:00 PM,3,3,0,36.010400,-86.616230,I 24,,,,0.00,,,,,,,62.90,N,Not at Intersection,N,Entrance/Exit Ramp Related,None,,,         ,Lauren,Dalton,Clear,Angle,no,no,no,no,yes,False
100911944,METROPOLITAN NASHVILLE POLICE DEPT,20150699329,Davidson,Nashville,7/24/2015 5:25:00 PM,2,0,0,36.180310,-86.804850,11TH AVE N,,,,0.00,,,BUCHANAN ST,,,,0.00,Y,T-Intersection, ,Non-Junction,None,,,         ,Noah,Melton,Clear,Angle,no,no,no,no,no,False
100911947,METROPOLITAN NASHVILLE POLICE DEPT,20150701185,Davidson,Nashville,7/25/2015 8:57:00 AM,1,1,0,36.022570,-86.742580,EDMONDSON PIKE,,,,307.00,Feet,North,MOUNT PISGAH RD,,,,0.00,N,Not at Intersection,N,Non-Junction,None,,,         ,Marc,Haugen,Clear,Not Collision with Motor Vehicle in Transport,no,no,no,no,no,False
100911949,METROPOLITAN NASHVILLE POLICE DEPT,20150701242,Davidson,Not in City Limit,7/25/2015 9:30:00 AM,2,0,0,36.041290,-86.961160,CHAFFIN DR,,,,0.00,Feet,East,STATE HWY 100,,,,0.00,N,Not at Intersection,Y,Non-Junction,None,,,         ,Wesley,Tilley,Clear,Front to Rear,no,no,no,no,no,False
100911950,METROPOLITAN NASHVILLE POLICE DEPT,20150701103,Davidson,Nashville,7/25/2015 1:00:00 AM,2,0,0,36.173140,-86.813550,HAMMOND DR,,,,111.00,Feet,East,24TH AVE N,,,,0.00,N,Not at Intersection,N,Non-Junction,None,,,         ,Steven,Spillers,Clear,"Sideswipe, Same Direction",no,no,no,no,yes,False
100911965,METROPOLITAN NASHVILLE POLICE DEPT,20150701234,Davidson,Nashville,7/25/2015 9:29:00 AM,2,0,0,36.081100,-86.758360,HARDING PL,,,,0.00,,,TROUSDALE DR,,,,0.00,Y,Four-Way, ,Intersection,None,,,         ,Arthur,Hummell,Clear,Angle,no,no,no,no,no,False
100911984,METROPOLITAN NASHVILLE POLICE DEPT,20150701398,Davidson,Old Hickory,7/25/2015 11:13:00 AM,1,0,0,36.244440,-86.637350,STATE HWY 45,,,,78.00,Feet,West,TOM HARTLEY DR,,,,0.00,N,Not at Intersection,N,Non-Junction,None,,,         ,John,Anderson,Clear,Not Collision with Motor Vehicle in Transport,no,no,no,no,no,False
100911995,METROPOLITAN NASHVILLE POLICE DEPT,20150701197,Davidson,Madison,7/25/2015 9:00:00 AM,2,0,0,36.308350,-86.681480,RIVERCHASE BLVD,,,,105.00,Feet,South,CONNECTING ROAD,,,,0.00,N,Not at Intersection, ,SharedUsePathOrTrail,None,,,         ,Coleman,McKellar,Clear,"Sideswipe, Same Direction",no,no,no,no,no,False
100911997,METROPOLITAN NASHVILLE POLICE DEPT,2015-0701419,Davidson,Nashville,7/25/2015 11:00:00 AM,2,0,0,36.139310,-86.880790,ANNEX AVE,,,,30.00,Feet,North,US HWY 70,,,,0.00,N,Not at Intersection, ,Non-Junction,None,,,         ,Benjamin,Cantrell,Clear,"Sideswipe, Same Direction",no,no,no,no,no,False
100912002,METROPOLITAN NASHVILLE POLICE DEPT,20150701361,Davidson,Nashville,7/25/2015 10:46:00 AM,2,0,0,36.066550,-86.636700,MORRIS GENTRY BLVD,,,,0.00,,,STATE HWY 254,,,,0.00,Y,T-Intersection, ,Intersection-Related,None,,,         ,David,Simmonds,Clear,Front to Rear,no,no,no,no,no,False
100912016,METROPOLITAN NASHVILLE POLICE DEPT,20150701402,Davidson,Nashville,7/25/2015 11:05:00 AM,2,0,0,36.147700,-86.768500,US HWY 31 ALT,,,,29.00,Feet,North,CAMERON ST,,,,0.00,N,Not at Intersection, ,Non-Junction,None,,,         ,Mark,Harrison,Clear,"Sideswipe, Same Direction",no,no,no,no,yes,False
100912018,METROPOLITAN NASHVILLE POLICE DEPT,20150698693,Davidson,Nashville,7/24/2015 1:40:00 PM,2,0,0,36.048410,-86.658830,HICKORY HOLLOW PKWY,,,,92.00,Feet,East,CONNECTING ROAD,,,,0.00,N,Not at Intersection, ,Non-Junction,None,,,         ,Julius,Gallon,Clear,Front to Rear,no,no,no,no,no,False
100912021,METROPOLITAN NASHVILLE POLICE DEPT,20150701392,Davidson,Not in City Limit,7/25/2015 10:55:00 AM,2,0,0,36.081640,-86.957090,US HWY 70S,,,,0.00,,,RAMP,,,,0.00,Y,Four-Way, ,Intersection-Related,None,,,         ,Patrick,McGinnis,Clear,"Sideswipe, Same Direction",no,no,no,no,no,False
100912027,METROPOLITAN NASHVILLE POLICE DEPT,2015701461,Davidson,Nashville,7/25/2015 12:00:00 PM,2,0,0,36.151290,-86.857690,STATE HWY 155,,,,0.00,,,,,,,0.00,,, ,Non-Junction,None,,,         ,Ryan,Burger,Clear,"Sideswipe, Same Direction",no,no,no,no,no,False
100912028,METROPOLITAN NASHVILLE POLICE DEPT,20150701442,Davidson,Nashville,7/25/2015 11:40:00 AM,2,0,0,36.162780,-86.600140,BELL RD,,,,319.00,Feet,South,ARBOR LAKE BLVD,,,,0.00,N,Not at Intersection, ,,None,,,         ,Phillip,Black,,,no,no,no,no,no,False
100912032,METROPOLITAN NASHVILLE POLICE DEPT,20150701392,Davidson,Not in City Limit,7/25/2015 11:00:00 AM,2,1,0,36.081790,-86.957020,US HWY 70S,,,,21.00,Feet,West,RAMP,,,,0.00,N,Not at Intersection,N,Non-Junction,None,,,         ,Wesley,Tilley,Clear,Angle,no,no,no,no,no,False
100912034,GOODLETTSVILLE POLICE DEPT,15-28051,Davidson,Goodlettsville,7/24/2015 5:03:00 PM,3,1,0,36.302230,-86.709610,I 65,,,,0.00,,,,,,,95.35,N,Not at Intersection,N,Non-Junction,None,,,         ,David,Read,Clear,Front to Rear,no,no,no,no,no,False
100912042,METROPOLITAN NASHVILLE POLICE DEPT,2015-0701501,Davidson,Nashville,7/25/2015 12:25:00 PM,2,1,0,36.130400,-86.856100,STATE HWY 155,,,,577.00,Feet,West,BROOKWOOD TER,,,,0.00,N,Not at Intersection,N,Non-Junction,None,,,         ,Paul,Junkmann,Cloudy,Angle,no,no,no,no,no,False
100912044,METROPOLITAN NASHVILLE POLICE DEPT,20150701434,Davidson,Nashville,7/25/2015 11:41:00 AM,2,0,0,36.215100,-86.596130,US HWY 70,,,,347.00,Feet,East,RAMP,,,,0.00,N,Not at Intersection, ,,None,,,         ,Anthony,Venable,,,no,no,no,no,no,False
100912051,METROPOLITAN NASHVILLE POLICE DEPT,20150701345,Davidson,Nashville,7/25/2015 11:11:00 AM,2,0,0,36.167640,-86.787690,US HWY 41 ALT,,,,0.00,,,10TH CIR N,,,,0.00,Y,Four-Way, ,Non-Junction,None,,,         ,Michael,Johnson,Clear,Front to Rear,no,no,no,no,no,False
100912078,METROPOLITAN NASHVILLE POLICE DEPT,20150701531,Davidson,Nashville,7/25/2015 12:50:00 PM,2,5,0,36.081290,-86.726840,US HWY 31 ALT,,,,314.00,Feet,North,RAMP,,,,0.00,N,Not at Intersection,N,Non-Junction,None,,,         ,Reuben,Hewit,Clear,Angle,no,no,no,no,no,False
100912083,Nashville Airport Police,2015-01623,Davidson,Nashville,7/24/2015 12:00:00 AM,2,0,0,36.140360,-86.666440,I40 E EXT RAMP,,,,0.00,,,DONELSON PKE,,,,0.00,Y,T-Intersection,Y,Entrance/Exit Ramp Related,None,,,         ,Nathan,Holt,Clear,"Sideswipe, Same Direction",no,no,no,no,no,False
100912110,METROPOLITAN NASHVILLE POLICE DEPT,20150701669,Davidson,Madison,7/25/2015 2:56:00 PM,2,0,0,36.260550,-86.712790,US HWY 31E,,,,75.00,Feet,North,HICKORY ST,,,,0.00,N,Not at Intersection, ,Non-Junction,None,,,         ,Ryan,Allen,Clear,Front to Rear,no,no,no,no,no,False
100912127,METROPOLITAN NASHVILLE POLICE DEPT,20150701851,Davidson,Nashville,7/25/2015 4:33:00 PM,2,0,0,36.163470,-86.783500,7TH AVE N,,,,0.00,,,UNION ST,,,,0.00,Y,Four-Way, ,,None,,,         ,Pedro,Rivera Chaparro,,,no,no,no,no,no,False
100912129,METROPOLITAN NASHVILLE POLICE DEPT,20150701671,Davidson,Nashville,7/25/2015 2:55:00 PM,2,0,0,36.151370,-86.666610,STATE HWY 255,,,,65.00,Feet,South,NODYNE DR,,,,0.00,N,Not at Intersection,N,Non-Junction,None,,,         ,John,Kelley,Clear,Front to Rear,no,no,no,no,no,False
100912131,METROPOLITAN NASHVILLE POLICE DEPT,20150701662,Davidson,Nashville,7/25/2015 1:00:00 PM,2,0,0,36.167840,-86.757080,S 7TH ST,,,,125.00,Feet,South,SYLVAN ST,,,,0.00,N,Not at Intersection,N,Non-Junction,None,,,         ,Joshua,Murray,Clear,Front to Rear,no,no,no,no,yes,False
100912132,METROPOLITAN NASHVILLE POLICE DEPT,20150701634,Davidson,Nashville,7/25/2015 2:40:00 PM,2,4,0,36.153820,-86.756080,US HWY 70,,,,0.00,Feet,,FAIRFIELD AVE,,,,0.00,Y,Four-Way,Y,Intersection,None,,,         ,Bradley,McIntyre,Clear,Angle,no,no,no,no,no,False
100912136,Nashville Airport Police,2015-01627,Davidson,Nashville,7/24/2015 6:35:00 PM,2,0,0,36.133410,-86.665080,BNA DR,,,,0.00,,,TERMINAL DR,,,,0.00,Y,OTHER, ,Non-Junction,None,,,         ,Sarah,Taylor,Clear,Other,no,no,no,no,no,False
100912139,METROPOLITAN NASHVILLE POLICE DEPT,2015-0701823,Davidson,Nashville,7/25/2015 4:12:00 PM,2,3,0,36.039960,-86.742030,STATE HWY 254,,,,432.00,Feet,East,EDMONDSON PIKE,,,,0.00,N,Not at Intersection,N,Non-Junction,None,,,         ,William,King,Clear,Front to Rear,no,no,no,no,no,False
100912141,GOODLETTSVILLE POLICE DEPT,15-28143,Davidson,Goodlettsville,7/25/2015 3:55:00 PM,2,2,0,0.000000,0.000000,DRY CREEK RD,,,,0.00,,,ROBERT CARTWRIGHT,,,,0.00,Y,T-Intersection,N,Intersection,None,,,         ,John,Spencer,Clear,"Sideswipe, Same Direction",no,no,no,no,no,False
100912143,METROPOLITAN NASHVILLE POLICE DEPT,20150701119,Davidson,Nashville,7/25/2015 8:08:00 AM,2,0,0,36.185050,-86.798260,RAMP,,,,0.00,Feet,East,I 65,,,,0.00,N,Not at Intersection, ,Non-Junction,None,,,         ,Charles,Ward,Clear,Front to Rear,no,no,no,no,no,False
100912150,METROPOLITAN NASHVILLE POLICE DEPT,20150701716,Davidson,Not in City Limit,7/25/2015 2:46:00 PM,2,0,0,36.045190,-86.956380,OLD HARDING PIKE,,,,126.00,Feet,South,LEARNING LN,,,,0.00,N,Not at Intersection, ,Non-Junction,None,,,         ,Adam,Reese,Clear,"Sideswipe, Same Direction",no,no,no,no,no,False
100912154,METROPOLITAN NASHVILLE POLICE DEPT,20150701982,Davidson,Nashville,7/25/2015 5:22:00 PM,1,1,0,36.071520,-86.708710,LEO LN,,,,34.00,Feet,East,TURLEY DR,,,,0.00,N,Not at Intersection,N,Non-Junction,None,,,         ,Jared,Jenkins,Clear,Not Collision with Motor Vehicle in Transport,no,no,no,no,no,False
100912157,METROPOLITAN NASHVILLE POLICE DEPT,20150701998,Davidson,Nashville,7/25/2015 5:20:00 PM,2,0,0,36.103050,-86.666200,US HWY 41,,,,0.00,,,TOWN PARK DR,,,,0.00,Y,T-Intersection,N,Non-Junction,None,,,         ,Jonathan,Frith,Clear,Angle,no,no,no,no,yes,False
100912158,METROPOLITAN NASHVILLE POLICE DEPT,20150702013,Davidson,Nashville,7/25/2015 2:47:00 PM,2,0,0,36.042030,-86.779090,STATE HWY 254,,,,0.00,,,,,,,0.00,,, ,OtherLocation,None,,,         ,Mekisha,Page,Clear,Unknown,no,no,no,yes,yes,False
100912164,METROPOLITAN NASHVILLE POLICE DEPT,20150701975,Davidson,Nashville,7/25/2015 5:15:00 PM,2,0,0,36.161760,-86.775200,2ND AVE S,,,,0.00,,,,,,,0.00,,,N,Non-Junction,None,,,         ,Jeffrey,Livingston,Clear,Front to Rear,no,no,no,yes,yes,False
100912166,METROPOLITAN NASHVILLE POLICE DEPT,20150702014,Davidson,Nashville,7/25/2015 5:16:00 PM,2,0,0,36.137810,-86.699970,STATE HWY 155,,,,212.00,Feet,North,GLASTONBURY RD,,,,0.00,N,Not at Intersection, ,Non-Junction,None,,,         ,Michael,Apsey,Clear,"Sideswipe, Same Direction",no,no,no,no,no,False
100912168,METROPOLITAN NASHVILLE POLICE DEPT,20150702087,Davidson,Nashville,7/25/2015 6:07:00 PM,2,0,0,36.078940,-86.764810,EXIT 78,,,,0.00,Feet,East,I 65,,,,0.00,N,Not at Intersection,Y,Entrance/Exit Ramp Related,None,,,         ,Megan,Lamon,Clear,Front to Rear,no,no,no,no,no,False
100912171,METROPOLITAN NASHVILLE POLICE DEPT,20150702164,Davidson,Not in City Limit,7/25/2015 6:35:00 PM,1,0,0,36.074300,-86.972070,I 40,,,,0.00,,,,,,,195.30,N,Not at Intersection,N,Non-Junction,None,,,         ,Brandon,Rardin,Clear,Not Collision with Motor Vehicle in Transport,no,no,no,no,no,False
100912172,METROPOLITAN NASHVILLE POLICE DEPT,20150699736,Davidson,Antioch,7/24/2015 10:10:00 PM,2,5,0,36.048780,-86.613020,US HWY 41,,,,0.00,,,MOUNTAIN SPRINGS RD,,,,0.00,Y,Four-Way,N,Non-Junction,None,,,         ,Jessie,Meadows,Clear,Front to Rear,no,no,no,no,no,False
100912173,METROPOLITAN NASHVILLE POLICE DEPT,20150702058,Davidson,Nashville,7/25/2015 5:50:00 PM,2,1,0,36.211290,-86.775670,I 65,,,,0.00,,,,,,,87.70,N,Not at Intersection,N,Non-Junction,Construction Zone,Work On Shoulder Or Median,Activity Area,         ,Terence,Maahs,Clear,Angle,no,no,no,no,no,False
100912175,METROPOLITAN NASHVILLE POLICE DEPT,20150702128,Davidson,Nashville,7/25/2015 6:25:00 PM,1,1,0,36.175710,-86.772660,EXIT 47A,,,,0.00,Feet,East,I 24,,,,0.00,N,Not at Intersection,Y,Entrance/Exit Ramp Related,None,,,         ,Benjamin,Smith,Clear,Not Collision with Motor Vehicle in Transport,no,no,no,no,no,False
100912176,METROPOLITAN NASHVILLE POLICE DEPT,20150702045,Davidson,Nashville,7/25/2015 5:50:00 PM,2,2,0,36.127180,-86.711580,US HWY 41,,,,243.00,Feet,North,THOMPSON PL,,,,0.00,N,Not at Intersection,N,Non-Junction,None,,,         ,Michael,Apsey,Clear,"Sideswipe, Same Direction",no,no,no,no,no,False
100912179,METROPOLITAN NASHVILLE POLICE DEPT,2015-0702017,Davidson,Nashville,7/25/2015 4:43:00 PM,1,0,0,36.151970,-86.880510,AMERICAN RD,,,,224.00,Feet,East,AMERICAN CT,,,,0.00,N,Not at Intersection,N,Non-Junction,None,,,         ,Michael,Rogers,Clear,Not Collision with Motor Vehicle in Transport,no,no,no,no,yes,False
100912188,METROPOLITAN NASHVILLE POLICE DEPT,20150702069,Davidson,Nashville,7/24/2015 12:00:00 AM,1,0,0,36.215650,-86.755980,BULLOCK AVE,,,,0.00,,,JONES AVE,,,,0.00,Y,OTHER, ,Non-Junction,None,,,         ,Paul,Stein,Clear,Not Collision with Motor Vehicle in Transport,no,no,no,no,no,False
100912190,METROPOLITAN NASHVILLE POLICE DEPT,20150702015,Davidson,Nashville,7/25/2015 5:31:00 PM,2,0,0,36.208700,-86.777830,BRICK CHURCH PIKE,,,,136.00,Feet,South,AVONDALE CIR,,,,0.00,N,Not at Intersection, ,Non-Junction,None,,,         ,Christopher,Kelly,Clear,"Sideswipe, Same Direction",no,no,no,no,no,False
100912197,METROPOLITAN NASHVILLE POLICE DEPT,20150702308,Davidson,Nashville,7/25/2015 7:31:00 PM,2,0,0,36.161090,-86.783490,US HWY 31,,,,208.00,Feet,South,9TH AVE N,,,,0.00,N,Not at Intersection, ,Non-Junction,None,,,         ,Mikala,Moore,Clear,Front to Rear,no,no,no,no,no,False
100912198,METROPOLITAN NASHVILLE POLICE DEPT,2015-0701834,Davidson,Nashville,7/25/2015 2:30:00 PM,1,0,0,36.136010,-86.791960,WEDGEWOOD AVE,,,,0.00,,,15TH AVE S,,,,0.00,Y,Four-Way, ,Intersection,None,,,         ,Austin,Kendrick,Clear,Not Collision with Motor Vehicle in Transport,no,no,no,no,no,False
100912214,METROPOLITAN NASHVILLE POLICE DEPT,20150702359,Davidson,Nashville,7/25/2015 7:47:00 PM,2,0,0,36.045400,-86.713360,US HWY 31 ALT,,,,0.00,,,STATE HWY 254,,,,0.00,Y,T-Intersection,N,Intersection,None,,,         ,Mekisha,Page,Clear,Angle,no,no,no,no,no,False