master_record_number,agency,agency_tracking_number,county,city,collision_date,vehicles_involved,number_injured,number_dead,latitude,longitude,roadway_name,roadway_suffix,roadway_number,roadway_local_id,distance_from_reference,miles-feet_indicator,direction_from_reference,intersection_road_name,intersection_road_name_suffix,intersection_road_number,intersection_local_id,mile_marker,intersection_indicator,intersect_type,interchange_related_indicator,relation_to_junction,work_zone_type,construction_maintenance_zone,construction_maintenance_zone_location,fatal_case_number,officer_first_name,officer_last_name,weather_condition(s),manner_of_crash,pedestrian,bicycle,scooter,parking,hitrun,mou
100914709,METROPOLITAN NASHVILLE POLICE DEPT,20150716899,Davidson,Nashville,7/30/2015 3:46:00 PM,4,0,0,36.107230,-86.675500,US HWY 41,,,,413.00,Feet,East,RAMP,,,,0.00,N,Not at Intersection,N,Non-Junction,None,,,         ,Jessie,Meadows,Clear,Front to Rear,no,no,no,no,no,False
100914710,METROPOLITAN NASHVILLE POLICE DEPT,20150717176,Davidson,Nashville,7/30/2015 5:27:00 PM,2,0,0,36.133240,-86.801270,PORTLAND AVE,,,,0.00,,,US HWY 431,,,,0.00,Y,T-Intersection,N,Intersection,None,,,         ,Mekisha,Page,Clear,Angle,no,no,no,no,no,False
100914712,METROPOLITAN NASHVILLE POLICE DEPT,20150717120,Davidson,Not in City Limit,7/30/2015 5:02:00 PM,2,0,0,36.076640,-87.020830,EXIT 192,,,,0.00,Feet,East,I 40,,,,0.00,N,Not at Intersection, ,Entrance/Exit Ramp Related,None,,,         ,Brandon,Pedigo,Clear,"Sideswipe, Same Direction",no,no,no,no,no,False
100914714,METROPOLITAN NASHVILLE POLICE DEPT,20150717237,Davidson,Nashville,7/30/2015 5:50:00 PM,2,0,0,36.169060,-86.682390,FAIRWAY DR,,,,0.00,,,US HWY 70,,,,0.00,Y,Four-Way, ,Intersection,None,,,         ,Tyler,Conrads,Clear,Front to Rear,no,no,no,no,no,False
100914716,GOODLETTSVILLE POLICE DEPT,15-28811,Davidson,Goodlettsville,7/30/2015 5:30:00 PM,2,1,0,36.323042,-86.707678,,,SR174,,50.00,Feet,West,S. CARTWRIGHT,ST,,,0.00,N,Not at Intersection,N,Non-Junction,None,,,         ,Jeremy,Baker,Clear,Front to Rear,no,no,no,no,no,False
100914724,METROPOLITAN NASHVILLE POLICE DEPT,20150717051,Davidson,Nashville,7/30/2015 4:47:00 PM,2,0,0,36.247640,-86.734780,S GRAYCROFT AVE,,,,462.00,Feet,North,FREDA VILLA,,,,0.00,N,Not at Intersection, ,Non-Junction,None,,,         ,Samuel,Miller,Clear,Front to Rear,no,no,no,no,no,False
100914727,METROPOLITAN NASHVILLE POLICE DEPT,20150717204,Davidson,Nashville,7/30/2015 5:36:00 PM,2,0,0,36.163980,-86.762580,I 24,,,,0.00,,,,,,,49.20,N,Not at Intersection,N,Non-Junction,None,,,         ,Kevin,Reynolds,Clear,Front to Rear,no,no,no,no,yes,False
100914728,METROPOLITAN NASHVILLE POLICE DEPT,20150717370,Davidson,Nashville,7/30/2015 6:16:00 PM,2,0,0,36.083740,-86.646920,BROOKSBORO TER,,,,88.00,Feet,East,US HWY 41,,,,0.00,N,Not at Intersection,N,Non-Junction,None,,,         ,William,Durham,Clear,Front to Rear,no,no,no,no,yes,False
100914731,METROPOLITAN NASHVILLE POLICE DEPT,20150717258,Davidson,Nashville,7/30/2015 5:52:00 PM,3,0,0,36.168710,-86.685360,US HWY 70,,,,681.00,Feet,East,FAIRWAY DR,,,,0.00,N,Not at Intersection,N,Non-Junction,None,,,         ,Bradley,McIntyre,Clear,Front to Rear,no,no,no,no,no,False
100914735,METROPOLITAN NASHVILLE POLICE DEPT,20150717094,Davidson,Nashville,7/30/2015 4:58:00 PM,4,1,0,36.183650,-86.610650,STATE HWY 45,,,,0.00,,,ANDREW JACKSON PKWY,,,,0.00,Y,Four-Way,N,Intersection,None,,,         ,Shawn,Taylor,Clear,Angle,no,no,no,no,no,False
100914736,METROPOLITAN NASHVILLE POLICE DEPT,20150717267,Davidson,Nashville,7/30/2015 5:10:00 PM,2,0,0,36.181780,-86.612060,DODSON CHAPEL RD,,,,178.00,Feet,South,ALBEE DR,,,,0.00,N,Not at Intersection, ,Non-Junction,None,,,         ,Shawn,Taylor,Clear,Angle,no,no,no,no,no,False
100914744,METROPOLITAN NASHVILLE POLICE DEPT,20150717228,Davidson,Nashville,7/30/2015 5:40:00 PM,2,0,0,36.175670,-86.766540,-- UNKNOWN RAMP/ROAD --,,,,0.00,,,US HWY 31E,,,,0.00,Y,Roundabout, ,Entrance/Exit Ramp Related,None,,,         ,Jarred,Ruhlman,Clear,Front to Rear,no,no,no,no,no,False
100914745,METROPOLITAN NASHVILLE POLICE DEPT,20150716473,Davidson,Nashville,7/30/2015 11:50:00 AM,2,0,0,36.250800,-86.718440,US HWY 31E,,,,0.00,,,MOVING CENTER CT,,,,0.00,Y,T-Intersection,N,Intersection,None,,,         ,William,Estes,Clear,Angle,no,no,no,no,no,False
100914748,METROPOLITAN NASHVILLE POLICE DEPT,20150717388,Davidson,Nashville,7/30/2015 6:39:00 PM,2,0,0,36.157200,-86.772140,2ND AVE S,,,,152.00,Feet,North,PEABODY ST,,,,0.00,N,Not at Intersection, ,Non-Junction,None,,,         ,Caleb,Rogan,Clear,Front to Rear,no,no,no,no,no,False
100914759,METROPOLITAN NASHVILLE POLICE DEPT,20150717356,Davidson,Nashville,7/30/2015 6:36:00 PM,2,0,0,36.150040,-86.784180,I 40,,,,0.00,,,,,,,209.60,N,Not at Intersection, ,Non-Junction,None,,,         ,Benjamin,Smith,Clear,"Sideswipe, Same Direction",no,no,no,no,no,False
100914763,METROPOLITAN NASHVILLE POLICE DEPT,2015-0717289,Davidson,Nashville,7/30/2015 6:05:00 PM,2,0,0,36.154020,-86.839480,I 40,,,,0.00,,,,,,,205.00,N,Not at Intersection,N,Non-Junction,None,,,         ,Christopher,Clark,Clear,Front to Rear,no,no,no,no,no,False
100914767,METROPOLITAN NASHVILLE POLICE DEPT,2015-0717159,Davidson,Nashville,7/30/2015 5:22:00 PM,2,1,0,36.161340,-86.780570,COMMERCE ST,,,,0.00,Feet,,6TH AVE N,,,,0.00,Y,T-Intersection,N,Intersection-Related,None,,,         ,Michael,Schlegel,Clear,"Sideswipe, Same Direction",no,no,no,no,no,False
100914768,METROPOLITAN NASHVILLE POLICE DEPT,20150717424,Davidson,Nashville,7/30/2015 7:43:00 PM,2,0,0,36.174710,-86.614230,STATE HWY 265,,,,0.00,,,DODSON CHAPEL RD,,,,0.00,Y,Four-Way, ,,None,,,         ,Timothy,Mead,,,no,no,no,no,no,False
100914774,METROPOLITAN NASHVILLE POLICE DEPT,20150717427,Davidson,Nashville,7/30/2015 6:55:00 PM,2,0,0,36.167640,-86.663240,US HWY 70,,,,0.00,,,STATE HWY 255,,,,0.00,Y,T-Intersection, ,Intersection-Related,None,,,         ,Brandon,Vance,Clear,Front to Rear,no,no,no,no,no,False
100914779,METROPOLITAN NASHVILLE POLICE DEPT,20150717235,Davidson,Nashville,7/30/2015 5:50:00 PM,1,0,0,36.246980,-86.735080,S GRAYCROFT AVE,,,,200.00,Feet,North,FREDA VILLA,,,,0.00,N,Not at Intersection, ,"Driveway, Alley Access, etc",None,,,         ,Nathan,Dungan,Clear,Not Collision with Motor Vehicle in Transport,no,no,no,no,no,False
100914781,METROPOLITAN NASHVILLE POLICE DEPT,20150717445,Davidson,Nashville,7/30/2015 7:07:00 PM,2,0,0,36.152690,-86.766070,I 40,,,,0.00,,,,,,,210.60,N,Not at Intersection, ,Non-Junction,None,,,         ,Bryan,Byrnes,Clear,Angle,no,no,no,no,no,False
100914803,METROPOLITAN NASHVILLE POLICE DEPT,20150717167,Davidson,Nashville,7/30/2015 5:15:00 PM,4,0,0,36.154880,-86.831260,I 40,,,,0.00,,,,,,,205.45,N,Not at Intersection,N,Non-Junction,None,,,         ,Mark,Hatt,Clear,Front to Rear,no,no,no,no,no,False
100914809,METROPOLITAN NASHVILLE POLICE DEPT,20150717512,Davidson,Nashville,7/30/2015 7:19:00 PM,1,0,0,36.142530,-86.813630,30TH AVE S,,,,271.00,Feet,North,VANDERBILT PL,,,,0.00,N,Not at Intersection, ,Non-Junction,None,,,         ,Charles,Griffin,Clear,Not Collision with Motor Vehicle in Transport,no,no,no,no,no,Campus
100914830,METROPOLITAN NASHVILLE POLICE DEPT,20150716990,Davidson,Nashville,7/30/2015 4:52:00 PM,2,0,0,36.114320,-86.861760,CLARENDON AVE,,,,26.00,Feet,East,US HWY 70S,,,,0.00,N,Not at Intersection, ,Non-Junction,None,,,         ,Michael,Russell,Clear,Front to Rear,no,no,no,no,no,False
100914834,METROPOLITAN NASHVILLE POLICE DEPT,20150717084,Davidson,Nashville,7/30/2015 4:48:00 PM,2,2,0,36.116000,-86.747790,US HWY 31 ALT,,,,186.00,Feet,South,JOYNER AVE,,,,0.00,N,Not at Intersection,N,"Driveway, Alley Access, etc",None,,,         ,William,Waters,Clear,Angle,no,no,no,no,no,False
100914837,METROPOLITAN NASHVILLE POLICE DEPT,20150717909,Davidson,Nashville,7/30/2015 8:23:00 PM,2,0,0,36.030720,-86.710510,COLLINWOOD PL,,,,61.00,Feet,West,COLLINWOOD CT,,,,0.00,N,Not at Intersection, ,Non-Junction,None,,,         ,William,Durham,Clear,Angle,no,no,no,no,no,False
100914844,METROPOLITAN NASHVILLE POLICE DEPT,20150717275,Davidson,Nashville,7/30/2015 6:00:00 PM,2,0,0,36.232260,-86.624690,STATE HWY 45,,,,0.00,,,SHUTE LN,,,,0.00,Y,T-Intersection,N,Non-Junction,None,,,         ,James,DeSantis,Clear,Front to Rear,no,no,no,no,no,False
100914845,METROPOLITAN NASHVILLE POLICE DEPT,20150717661,Davidson,Old Hickory,7/30/2015 8:16:00 PM,1,2,0,36.257070,-86.655680,STATE HWY 45,,,,669.00,Feet,West,MERRITT ST,,,,0.00,N,Not at Intersection,N,Non-Junction,None,,,         ,James,DeSantis,Clear,Not Collision with Motor Vehicle in Transport,no,no,no,no,no,False
100914853,METROPOLITAN NASHVILLE POLICE DEPT,20150717782,Davidson,Nashville,7/30/2015 9:29:00 PM,2,0,0,36.074610,-86.638750,US HWY 41,,,,66.00,Feet,North,RURAL HILL RD,,,,0.00,N,Not at Intersection, ,Non-Junction,None,,,         ,Jessie,Meadows,Clear,Front to Rear,no,no,no,no,no,False
100914855,METROPOLITAN NASHVILLE POLICE DEPT,20150717994,Davidson,Nashville,7/30/2015 8:00:00 PM,2,0,0,36.188320,-86.816750,25TH AVE N,,,,0.00,,,DOWLAN ST,,,,0.00,Y,OTHER,N,Non-Junction,None,,,         ,Joshua,Hausman,Clear,"Sideswipe, Same Direction",no,no,no,no,yes,False
100914858,METROPOLITAN NASHVILLE POLICE DEPT,20150717954,Davidson,Nashville,7/30/2015 9:30:00 PM,2,0,0,36.152790,-86.857560,STATE HWY 155,,,,81.00,Feet,South,-- UNKNOWN RAMP/ROAD --,,,,0.00,N,Not at Intersection,N,Entrance/Exit Ramp Related,None,,,         ,Brandon,Rardin,Clear,Angle,no,no,no,no,no,False
100914866,METROPOLITAN NASHVILLE POLICE DEPT,20150717700,Davidson,Nashville,7/30/2015 8:28:00 PM,2,2,0,36.092940,-86.876670,STATE HWY 100,,,,0.00,,,ALTON RD,,,,0.00,Y,T-Intersection,N,Intersection,None,,,         ,John,Thomas,Clear,Front to Rear,no,no,no,no,no,False
100914879,METROPOLITAN NASHVILLE POLICE DEPT,20150717206,Davidson,Not in City Limit,7/30/2015 4:08:00 PM,2,0,0,36.325570,-86.868850,US HWY 431,,,,0.00,,,RAMP,,,,0.00,Y,OTHER, ,Entrance/Exit Ramp Related,None,,,         ,Michael,Brooks,Clear,Angle,no,no,no,no,no,False
100914880,METROPOLITAN NASHVILLE POLICE DEPT,20150718050,Davidson,Nashville,7/30/2015 10:05:00 PM,2,2,0,36.191160,-86.827070,US HWY 41 ALT,,,,735.00,Feet,East,CLIFF DR,,,,0.00,N,Not at Intersection,N,Non-Junction,None,,,         ,Michael,Brooks,Clear,Front to Rear,no,no,no,no,no,False
100914899,METROPOLITAN NASHVILLE POLICE DEPT,20150718232,Davidson,Nashville,7/30/2015 12:00:00 AM,2,0,0,36.164640,-86.755190,S 7TH ST,,,,0.00,,,LENORE ST,,,,0.00,Y,OTHER, ,Non-Junction,None,,,         ,Eric,Hall,Clear,"Sideswipe, Same Direction",no,no,no,no,yes,False
100914944,VANDERBILT UNIVERSITY POLICE,15-0718674,Davidson,Nashville,7/30/2015 6:30:00 PM,1,0,0,36.140910,-86.805910,25TH AVE S,,,,0.00,,,,,,,0.00,,, ,Non-Junction,None,,,         ,William,West,Clear,Not Collision with Motor Vehicle in Transport,no,no,no,yes,no,Campus
100914945,METROPOLITAN NASHVILLE POLICE DEPT,20150718443,Davidson,Nashville,7/30/2015 9:10:00 PM,2,0,0,36.208320,-86.839610,US HWY 41 ALT,,,,0.00,,,W HAMILTON RD,,,,0.00,Y,OTHER, ,Intersection-Related,None,,,         ,James,Jarvis,Clear,"Sideswipe, Opposite Direction",no,no,no,no,no,False
100914955,METROPOLITAN NASHVILLE POLICE DEPT,20150718279,Davidson,Nashville,7/30/2015 11:00:00 PM,2,2,0,36.087120,-86.707990,JEFFERY DR,,,,0.00,,,DONNA KAY DR,,,,0.00,Y,Four-Way,N,Intersection,None,,,         ,Erik,Dabbs,Clear,Angle,no,no,no,no,yes,False
100914960,METROPOLITAN NASHVILLE POLICE DEPT,2015-0718735,Davidson,Nashville,7/31/2015 3:01:00 AM,2,0,0,36.156900,-86.780800,US HWY 31,,,,0.00,,,DEMONBREUN ST,,,,0.00,Y,Four-Way,N,Intersection-Related,None,,,         ,Michael,Willis Jr.,Clear,Front to Rear,no,no,no,no,no,False
100914961,METROPOLITAN NASHVILLE POLICE DEPT,20150718406,Davidson,Nashville,7/31/2015 12:20:00 AM,1,2,0,36.165370,-86.820160,28TH AVE N,,,,96.00,Feet,South,ALAMEDA ST,,,,0.00,N,Not at Intersection,N,Non-Junction,None,,,         ,Kevin,Frei,Clear,Not Collision with Motor Vehicle in Transport,no,no,no,no,no,False
100914975,METROPOLITAN NASHVILLE POLICE DEPT,20150716690,Davidson,Madison,7/30/2015 12:50:00 PM,2,0,0,36.279880,-86.708580,US HWY 31E,,,,46.00,Feet,South,ELMORE AVE,,,,0.00,N,Not at Intersection,N,Non-Junction,None,,,         ,Brian,Otto,Clear,Front to Rear,no,no,no,no,no,False
100914977,METROPOLITAN NASHVILLE POLICE DEPT,2015-0719118,Davidson,Nashville,7/31/2015 6:55:00 AM,2,0,0,36.127190,-86.844450,US HWY 70S,,,,201.00,Feet,West,WOODLAWN DR,,,,0.00,N,Not at Intersection, ,Non-Junction,None,,,         ,Curtis,Rich,Clear,Front to Rear,no,no,no,no,no,False
100914978,METROPOLITAN NASHVILLE POLICE DEPT,20150716668,Davidson,Nashville,7/30/2015 1:41:00 PM,2,0,0,36.150670,-86.666050,ALLEN RD,,,,123.00,Feet,East,OLD ELM HILL PIKE,,,,0.00,N,Not at Intersection, ,Non-Junction,None,,,         ,James,Curtis,Clear,Angle,no,no,no,no,no,False
100914980,METROPOLITAN NASHVILLE POLICE DEPT,20150716077,Davidson,Nashville,7/30/2015 9:24:00 AM,2,0,0,36.076630,-86.726630,EDMONDSON PIKE,,,,212.00,Feet,West,RAMP,,,,0.00,N,Not at Intersection,N,Non-Junction,None,,,         ,Phillip,Murphy,Clear,Angle,no,no,no,no,no,False
100915002,METROPOLITAN NASHVILLE POLICE DEPT,20150719215,Davidson,Nashville,7/31/2015 7:55:00 AM,2,0,0,36.110460,-86.753590,FOSTER CREIGHTON DR,,,,205.00,Feet,South,STATE HWY 155,,,,0.00,N,Not at Intersection, ,,None,,,         ,Nathan,Kemp,,,no,no,no,no,no,False
100915004,METROPOLITAN NASHVILLE POLICE DEPT,20150719148,Davidson,Nashville,7/31/2015 7:05:00 AM,2,0,0,36.155200,-86.782220,10TH AVE S,,,,100.00,Feet,North,CLARK PL,,,,0.00,N,Not at Intersection,N,Non-Junction,None,,,         ,Catherine,Poole,Clear,Angle,no,no,no,no,yes,False
100915005,METROPOLITAN NASHVILLE POLICE DEPT,20150719091,Davidson,Nashville,7/31/2015 6:30:00 AM,2,0,0,36.252260,-86.693900,NEELYS BEND RD,,,,0.00,,,RANDY RD,,,,0.00,Y,T-Intersection,Y,Intersection,None,,,         ,Eric,Richardson,Clear,HeadOn,no,no,no,no,no,False
100915008,METROPOLITAN NASHVILLE POLICE DEPT,20150716649,Davidson,Nashville,7/30/2015 1:40:00 PM,2,1,0,36.111230,-86.755690,STATE HWY 155,,,,139.00,Feet,West,SIDCO DR,,,,0.00,N,Not at Intersection,N,Non-Junction,None,,,         ,John,Daugherty,Clear,Front to Rear,no,no,no,no,no,False
100915010,METROPOLITAN NASHVILLE POLICE DEPT,20150719174,Davidson,Nashville,7/31/2015 7:33:00 AM,2,0,0,36.032920,-86.712850,US HWY 31 ALT,,,,250.00,Feet,South,BARNES RD,,,,0.00,N,Not at Intersection,N,Non-Junction,None,,,         ,Brian,Lamb,Clear,Front to Rear,no,no,no,no,no,False
100915011,METROPOLITAN NASHVILLE POLICE DEPT,20150719144,Davidson,Nashville,7/31/2015 7:00:00 AM,2,1,0,36.180510,-86.796340,US HWY 41 ALT,,,,26.00,Feet,South,GARFIELD ST,,,,0.00,N,Not at Intersection,N,Non-Junction,None,,,         ,Charles,Ward,Clear,Angle,no,no,no,no,yes,False
100915014,METROPOLITAN NASHVILLE POLICE DEPT,20150719235,Davidson,Nashville,7/31/2015 7:15:00 AM,2,0,0,36.152100,-86.690480,ELM HILL PIKE,,,,0.00,,,RAMP,,,,0.00,Y,Y-Intersection, ,,None,,,         ,Joshua,Billotte,,,no,no,no,no,no,False
100915018,METROPOLITAN NASHVILLE POLICE DEPT,2015-0719167,Davidson,Nashville,7/31/2015 7:26:00 AM,2,0,0,36.209730,-86.778130,BRICK CHURCH PIKE,,,,251.00,Feet,North,AVONDALE CIR,,,,0.00,N,Not at Intersection,N,Non-Junction,None,,,         ,William,Caillouette,Clear,Front to Rear,no,no,no,no,no,False
100915028,METROPOLITAN NASHVILLE POLICE DEPT,20150719197,Davidson,Nashville,7/31/2015 8:41:00 AM,2,0,0,36.165670,-86.777560,2ND AVE N,,,,102.00,Feet,South,UNION ST,,,,0.00,N,Not at Intersection, ,,None,,,         ,Jose,Salazar,,,no,no,no,no,no,False
100915038,METROPOLITAN NASHVILLE POLICE DEPT,20150719418,Davidson,Nashville,7/31/2015 9:11:00 AM,2,0,0,36.152790,-86.754810,I 40,,,,0.00,,,,,,,211.30,N,Not at Intersection, ,Non-Junction,None,,,         ,Mitchell,McClay,Clear,"Sideswipe, Same Direction",no,no,no,no,no,False
100915043,METROPOLITAN NASHVILLE POLICE DEPT,20150719324,Davidson,Nashville,7/31/2015 8:16:00 AM,2,0,0,36.034420,-86.743550,EDMONDSON PIKE,,,,0.00,,,GESSNER LN,,,,0.00,Y,Four-Way,N,Intersection-Related,None,,,         ,Nathan,Kemp,Clear,Front to Rear,no,no,no,no,no,False
100915050,METROPOLITAN NASHVILLE POLICE DEPT,2015-0719513,Davidson,Not in City Limit,7/31/2015 10:00:00 AM,2,0,0,36.080100,-86.954190,US HWY 70S,,,,170.00,Feet,East,COLEY DAVIS CT,,,,0.00,N,Not at Intersection, ,Non-Junction,None,,,         ,Curtis,Rich,Clear,Angle,no,no,no,no,no,False
100915052,METROPOLITAN NASHVILLE POLICE DEPT,2015-0719117,Davidson,Antioch,7/31/2015 6:20:00 AM,2,0,0,36.007930,-86.628150,OCTOBER WOODS DR,,,,10.00,Feet,East,CATSPAW DR,,,,0.00,N,Not at Intersection,N,Non-Junction,None,,,         ,William,Whitworth,Clear,Angle,no,no,no,no,no,False
100915066,METROPOLITAN NASHVILLE POLICE DEPT,20150719624,Davidson,Nashville,7/31/2015 10:28:00 AM,3,2,0,36.116140,-86.795090,I 440,,,,0.00,,,,,,,3.70,N,Not at Intersection,N,Non-Junction,None,,,         ,Nathan,Kemp,Clear,Front to Rear,no,no,no,no,no,False
100915079,METROPOLITAN NASHVILLE POLICE DEPT,20150719514,Davidson,Nashville,7/31/2015 9:45:00 AM,2,1,0,36.184530,-86.610080,ANDREW JACKSON PKWY,,,,252.00,Feet,North,RAMP,,,,0.00,N,Not at Intersection,N,Non-Junction,None,,,         ,Phillip,Black,Clear,Angle,no,no,no,no,no,False
100915082,METROPOLITAN NASHVILLE POLICE DEPT,2015-0716550,Davidson,Nashville,7/30/2015 1:02:00 PM,2,0,0,36.087390,-86.656570,OLIVE CIR,,,,0.00,,,RANSOM PL,,,,0.00,Y,Four-Way,N,Intersection,None,,,         ,William,Whitworth,Clear,Angle,no,no,no,no,no,False
100915083,METROPOLITAN NASHVILLE POLICE DEPT,20150719606,Davidson,Nashville,7/31/2015 10:20:00 AM,1,0,0,36.228180,-86.845890,STATE HWY 155,,,,1199.00,Feet,East,DRAKES BRANCH RD,,,,0.00,N,Not at Intersection, ,,None,,,         ,Clint,Gilleland,,,no,no,no,no,no,False
100915087,METROPOLITAN NASHVILLE POLICE DEPT,2015-0719759,Davidson,Nashville,7/31/2015 11:19:00 AM,2,0,0,36.142740,-86.874850,US HWY 70,,,,103.00,Feet,West,WILCLAY DR,,,,0.00,N,Not at Intersection, ,,None,,,         ,Curtis,Rich,,,no,no,no,no,no,False
100915096,METROPOLITAN NASHVILLE POLICE DEPT,20150719574,Davidson,Nashville,7/31/2015 10:00:00 AM,2,1,0,36.143400,-86.666750,STATE HWY 255,,,,181.00,Feet,North,CONNECTING ROAD,,,,0.00,N,Not at Intersection,N,Non-Junction,None,,,         ,Larry,Benz,Clear,Angle,no,no,no,no,no,False
100915098,METROPOLITAN NASHVILLE POLICE DEPT,2015-0716549,Davidson,Nashville,7/30/2015 1:00:00 PM,2,1,0,36.210630,-86.775760,I 65,,,,0.00,,,,,,,87.65,N,Not at Intersection,N,Entrance/Exit Ramp Related,Construction Zone,Laneclosure,Activity Area,         ,Coleman,Womack,Clear,"Sideswipe, Same Direction",no,no,no,no,no,False
100915108,METROPOLITAN NASHVILLE POLICE DEPT,2015-0719827,Davidson,Nashville,7/31/2015 12:10:00 PM,2,0,0,36.125780,-86.846500,KENNER AVE,,,,0.00,Feet,,US HWY 70S,,,,0.00,Y,T-Intersection, ,Intersection,None,,,         ,Curtis,Rich,Clear,Angle,no,no,no,no,no,False
100915111,METROPOLITAN NASHVILLE POLICE DEPT,20150719583,Davidson,Nashville,7/31/2015 10:15:00 AM,2,0,0,36.168940,-86.667880,US HWY 70,,,,1045.00,Feet,West,OLD LEBANON PIKE,,,,0.00,N,Not at Intersection,N,Non-Junction,Construction Zone,Laneclosure,Activity Area,         ,Joshua,Billotte,Clear,Front to Rear,no,no,no,no,no,False
100915112,METROPOLITAN NASHVILLE POLICE DEPT,2015-0719774,Davidson,Nashville,7/31/2015 11:25:00 AM,2,0,0,36.167350,-86.765410,I 24,,,,0.00,,,,,,,48.90,N,Not at Intersection, ,Non-Junction,None,,,         ,Paul,Sorace,Clear,"Sideswipe, Same Direction",no,no,no,no,yes,False
100915114,METROPOLITAN NASHVILLE POLICE DEPT,20150719730,Davidson,Nashville,7/31/2015 11:10:00 AM,2,2,0,36.142300,-86.742820,US HWY 41,,,,0.00,,,POLK AVE,,,,0.00,Y,OTHER,N,Non-Junction,None,,,         ,Brent,Hedgcoth,Clear,Front to Rear,no,no,no,no,no,False
100915116,METROPOLITAN NASHVILLE POLICE DEPT,20150719803,Davidson,Nashville,7/31/2015 11:13:00 AM,2,0,0,36.185330,-86.636070,US HWY 70,,,,0.00,,,RAMP,,,,0.00,Y,T-Intersection, ,Intersection,None,,,         ,Wesley,Young,Clear,Front to Rear,no,no,no,no,no,False
100915118,METROPOLITAN NASHVILLE POLICE DEPT,2015-0719435,Davidson,Nashville,7/31/2015 9:00:00 AM,2,0,0,36.162360,-86.749900,DAVIDSON ST,,,,0.00,,,S 12TH ST,,,,0.00,Y,T-Intersection,N,Intersection,Construction Zone,Intermittent Moving Work,Activity Area,         ,Coleman,Womack,Clear,Angle,no,no,no,no,yes,False
100915122,METROPOLITAN NASHVILLE POLICE DEPT,2015-0719689,Davidson,Nashville,7/31/2015 10:40:00 AM,2,0,0,36.206250,-86.774080,US HWY 431,,,,0.00,,,-- UNKNOWN RAMP/ROAD --,,,,0.00,Y,Four-Way, ,Entrance/Exit Ramp Related,None,,,         ,Coleman,Womack,Clear,"Sideswipe, Same Direction",no,no,no,no,no,False
100915124,METROPOLITAN NASHVILLE POLICE DEPT,20150719834,Davidson,Nashville,7/31/2015 11:39:00 AM,2,0,0,36.156640,-86.760340,I 24,,,,0.00,,,,,,,49.70,N,Not at Intersection, ,Non-Junction,None,,,         ,Mitchell,McClay,Clear,"Sideswipe, Same Direction",no,no,no,no,yes,False
100915135,METROPOLITAN NASHVILLE POLICE DEPT,2015-0719655,Davidson,Nashville,7/31/2015 10:35:00 AM,2,0,0,36.214470,-86.730480,GALLATIN PIKE,,,,0.00,,,STRATFORD AVE,,,,0.00,Y,T-Intersection,N,Intersection-Related,None,,,         ,Alex,Moore,Clear,Angle,no,no,no,no,no,False
100915136,METROPOLITAN NASHVILLE POLICE DEPT,2015-0719929,Davidson,Nashville,7/31/2015 1:10:00 PM,2,0,0,36.148900,-86.857890,STATE HWY 155,,,,184.00,Feet,North,LENOX AVE,,,,0.00,N,Not at Intersection, ,Non-Junction,None,,,         ,Curtis,Rich,Clear,Angle,no,no,no,no,no,False
100915138,METROPOLITAN NASHVILLE POLICE DEPT,20150719838,Davidson,Nashville,7/31/2015 12:09:00 PM,2,1,0,36.167640,-86.787690,US HWY 41 ALT,,,,0.00,,,10TH CIR N,,,,0.00,Y,T-Intersection,N,Intersection-Related,None,,,         ,Bryan,Birdwell,Clear,Front to Rear,no,no,no,no,no,False
100915143,METROPOLITAN NASHVILLE POLICE DEPT,20150719568,Davidson,Lakewood,7/31/2015 10:00:00 AM,2,0,0,36.241980,-86.634160,STATE HWY 45,,,,250.00,Feet,West,IRIS AVE,,,,0.00,N,Not at Intersection, ,,None,,,         ,Terry,Denton,,,no,no,no,no,no,False
100915144,METROPOLITAN NASHVILLE POLICE DEPT,20150719883,Davidson,Nashville,7/31/2015 12:29:00 PM,2,0,0,36.138510,-86.819990,US HWY 70S,,,,298.00,Feet,North,-- UNKNOWN RAMP/ROAD --,,,,0.00,N,Not at Intersection,N,Non-Junction,None,,,         ,Phillip,Murphy,Clear,Angle,no,no,no,no,no,False
100915157,METROPOLITAN NASHVILLE POLICE DEPT,20150719959,Davidson,Nashville,7/31/2015 1:06:00 PM,2,0,0,36.237280,-86.724390,US HWY 31E,,,,0.00,Feet,South,-- UNKNOWN RAMP/ROAD --,,,,0.00,N,Not at Intersection,N,Non-Junction,None,,,         ,Eric,Richardson,Clear,Angle,no,no,no,no,no,False
100915163,METROPOLITAN NASHVILLE POLICE DEPT,20150716651,Davidson,Nashville,7/30/2015 1:25:00 PM,2,0,0,36.101070,-86.761450,RAMP,,,,0.00,,,POWELL AVE,,,,0.00,Y,Four-Way, ,Intersection,None,,,         ,John,Daugherty,Clear,Angle,no,no,no,no,no,False
100915164,METROPOLITAN NASHVILLE POLICE DEPT,20150719967,Davidson,Nashville,7/31/2015 12:05:00 PM,2,0,0,36.161350,-86.593070,BELL RD,,,,0.00,,,GLEN COVE TRL,,,,0.00,Y,T-Intersection, ,Intersection,None,,,         ,Justin,Franklin,Clear,Angle,no,no,no,no,no,False