master_record_number,agency,agency_tracking_number,county,city,collision_date,vehicles_involved,number_injured,number_dead,latitude,longitude,roadway_name,roadway_suffix,roadway_number,roadway_local_id,distance_from_reference,miles-feet_indicator,direction_from_reference,intersection_road_name,intersection_road_name_suffix,intersection_road_number,intersection_local_id,mile_marker,intersection_indicator,intersect_type,interchange_related_indicator,relation_to_junction,work_zone_type,construction_maintenance_zone,construction_maintenance_zone_location,fatal_case_number,officer_first_name,officer_last_name,weather_condition(s),manner_of_crash,pedestrian,bicycle,scooter,parking,hitrun,mou
100915606,METROPOLITAN NASHVILLE POLICE DEPT,20150722313,Davidson,Nashville,8/1/2015 7:22:00 AM,2,0,0,36.228460,-86.853210,STATE HWY 155,,,,961.00,Feet,West,DRAKES BRANCH RD,,,,0.00,N,Not at Intersection,Y,Non-Junction,None,,,         ,Michael,McCord,Clear,"Sideswipe, Same Direction",no,no,no,no,yes,False
100915615,METROPOLITAN NASHVILLE POLICE DEPT,20150720108,Davidson,Nashville,7/31/2015 1:50:00 PM,2,0,0,36.152420,-86.791040,DEMONBREUN ST,,,,129.00,Feet,East,DIVISION ST,,,,0.00,N,Not at Intersection, ,Non-Junction,None,,,         ,Thomas,West,Clear,Not Collision with Motor Vehicle in Transport,no,no,no,no,yes,False
100915616,METROPOLITAN NASHVILLE POLICE DEPT,20150722275,Davidson,Nashville,8/1/2015 6:29:00 AM,3,1,0,36.047410,-86.655910,HICKORY HOLLOW PKWY,,,,0.00,,,STATE HWY 254,,,,0.00,Y,Four-Way,N,Intersection-Related,None,,,         ,Brian,Lamb,Clear,Front to Rear,no,no,no,no,yes,False
100915624,METROPOLITAN NASHVILLE POLICE DEPT,20150722570,Davidson,Nashville,8/1/2015 10:36:00 AM,2,0,0,36.194860,-86.779790,BAPTIST WORLD CENTER DR,,,,0.00,,,VASHTI ST,,,,0.00,Y,T-Intersection,N,Intersection,None,,,         ,Michael,McCord,Clear,Angle,no,no,no,no,no,False
100915625,METROPOLITAN NASHVILLE POLICE DEPT,20150720136,Davidson,Nashville,7/31/2015 2:15:00 PM,2,1,0,36.127190,-86.772700,I 65,,,,0.00,,,,,,,80.85,N,Not at Intersection,N,Non-Junction,None,,,         ,Thomas,West,Clear,Front to Rear,no,no,no,no,yes,False
100915630,GOODLETTSVILLE POLICE DEPT,15-29066,Davidson,Goodlettsville,8/1/2015 11:32:00 AM,2,0,0,36.322150,-86.713280,US HWY 31W,,,,0.00,,,STATE HWY 174,,,,0.00,Y,Four-Way, ,Intersection,None,,,         ,Daniel,Knalls,Clear,Front to Rear,no,no,no,no,no,False
100915631,METROPOLITAN NASHVILLE POLICE DEPT,20150722631,Davidson,Nashville,8/1/2015 10:37:00 AM,2,1,0,36.038290,-86.783930,STATE HWY 254,,,,60.00,Feet,North,-- UNKNOWN RAMP/ROAD --,,,,0.00,N,Not at Intersection,N,Non-Junction,None,,,         ,Arthur,Hummell,Clear,Front to Rear,no,no,no,no,no,False
100915637,METROPOLITAN NASHVILLE POLICE DEPT,20150722300,Davidson,Nashville,8/1/2015 7:24:00 AM,2,0,0,36.045050,-86.659830,EXIT 59,,,,0.00,,,I 24,,,,0.00,Y,T-Intersection, ,Non-Junction,None,,,         ,Brian,Penny,Clear,Angle,no,no,no,no,no,False
100915639,METROPOLITAN NASHVILLE POLICE DEPT,20150722616,Davidson,Nashville,8/1/2015 11:15:00 AM,1,1,0,36.025860,-86.633460,I 24,,,,0.00,,,,,,,61.40,N,Not at Intersection,N,Non-Junction,None,,,         ,John,Tyree,Clear,Not Collision with Motor Vehicle in Transport,no,no,no,no,no,False
100915641,METROPOLITAN NASHVILLE POLICE DEPT,20150722526,Davidson,Nashville,8/1/2015 10:08:00 AM,3,0,0,36.135440,-86.726930,-- UNKNOWN RAMP/ROAD --,,,,0.00,Feet,East,I 24,,,,0.00,N,Not at Intersection,N,Non-Junction,None,,,         ,James,Thomas,Clear,Front to Rear,no,no,no,no,no,False
100915642,METROPOLITAN NASHVILLE POLICE DEPT,20150722579,Davidson,Nashville,8/1/2015 10:45:00 AM,2,0,0,36.068130,-86.898610,STATE HWY 100,,,,703.00,Feet,South,HARPETH TRACE DR,,,,0.00,N,Not at Intersection, ,Non-Junction,None,,,         ,Brian,Myatt,Clear,Front to Rear,no,no,no,no,no,False
100915648,METROPOLITAN NASHVILLE POLICE DEPT,2015-0722643,Davidson,Nashville,8/1/2015 11:30:00 AM,2,0,0,36.158540,-86.781840,US HWY 31,,,,139.00,Feet,South,US HWY 70,,,,0.00,N,Not at Intersection, ,Non-Junction,None,,,         ,Paul,Sorace,Clear,"Sideswipe, Same Direction",no,no,no,no,yes,False
100915649,METROPOLITAN NASHVILLE POLICE DEPT,20150720049,Davidson,Nashville,7/31/2015 1:30:00 PM,2,4,0,36.088660,-86.751510,TROUSDALE DR,,,,406.00,Feet,South,GRASSMERE PARK,,,,0.00,N,Not at Intersection,N,Non-Junction,None,,,         ,Joshua,Dickall,Clear,Angle,no,no,no,no,no,False
100915658,METROPOLITAN NASHVILLE POLICE DEPT,20150722611,Davidson,Nashville,8/1/2015 11:01:00 AM,2,0,0,36.115200,-86.777820,EXIT 5,,,,0.00,Feet,East,I 440,,,,0.00,N,Not at Intersection,N,Non-Junction,None,,,         ,John,Daugherty,Clear,Front to Rear,no,no,no,no,no,False
100915665,METROPOLITAN NASHVILLE POLICE DEPT,20150722680,Davidson,Antioch,8/1/2015 11:30:00 AM,2,0,0,36.048780,-86.613020,US HWY 41,,,,0.00,,,MOUNTAIN SPRINGS RD,,,,0.00,Y,Four-Way, ,,None,,,         ,Jeffrey,Barfield,,,no,no,no,no,no,False
100915672,METROPOLITAN NASHVILLE POLICE DEPT,20150721423,Davidson,Nashville,7/31/2015 10:00:00 PM,2,0,0,36.144300,-86.738920,I 40,,,,0.00,,,,,,,212.35,N,Not at Intersection, ,Non-Junction,None,,,         ,Austin,Childress,Clear,Front to Rear,no,no,no,no,no,False
100915673,METROPOLITAN NASHVILLE POLICE DEPT,20150722649,Davidson,Nashville,8/1/2015 11:48:00 AM,2,0,0,36.109710,-86.867490,POST RD,,,,0.00,,,,,,,0.00,,Not at Intersection, ,,None,,,         ,Patrick,McGinnis,,,no,no,no,yes,no,False
100915681,METROPOLITAN NASHVILLE POLICE DEPT,20150722682,Davidson,Nashville,8/1/2015 12:00:00 PM,2,1,0,36.211470,-86.921030,OLD HICKORY BLVD,,,,0.00,Feet,,STATE HWY 12,,,,0.00,Y,Four-Way,N,Intersection,None,,,         ,Clint,Gilleland,Clear,Front to Rear,no,no,no,no,yes,False
100915683,METROPOLITAN NASHVILLE POLICE DEPT,20150722686,Davidson,Nashville,8/1/2015 12:25:00 PM,2,0,0,36.089650,-86.805990,HARDING PL,,,,0.00,,,BELMONT PARK TER,,,,0.00,Y,Four-Way,N,Non-Junction,None,,,         ,James,Smith,Clear,Other,no,no,no,no,no,False
100915684,METROPOLITAN NASHVILLE POLICE DEPT,20150720091,Davidson,Nashville,7/31/2015 1:50:00 PM,2,0,0,36.106330,-86.673300,US HWY 41,,,,85.00,Feet,West,STATE HWY 255,,,,0.00,N,Not at Intersection, ,,None,,,         ,Christopher,Hanor,,,no,no,no,no,no,False
100915688,METROPOLITAN NASHVILLE POLICE DEPT,20150722690,Davidson,Nashville,8/1/2015 12:27:00 PM,3,0,0,36.119160,-86.801510,I 440,,,,0.00,,,,,,,3.10,N,Not at Intersection,N,Non-Junction,None,,,         ,John,Daugherty,Clear,Front to Rear,no,no,no,no,no,False
100915692,METROPOLITAN NASHVILLE POLICE DEPT,20150722718,Davidson,Nashville,8/1/2015 12:40:00 PM,2,0,0,36.087060,-86.730020,ELYSIAN FIELDS CT,,,,84.00,Feet,East,US HWY 31 ALT,,,,0.00,N,Not at Intersection, ,Non-Junction,None,,,         ,James,Thomas,Clear,Angle,no,no,no,no,no,False
100915696,METROPOLITAN NASHVILLE POLICE DEPT,20150722706,Davidson,Antioch,8/1/2015 12:46:00 PM,2,1,0,36.058560,-86.597730,HAMILTON CHURCH RD,,,,0.00,,,STATE HWY 171,,,,0.00,Y,Four-Way,N,Intersection,None,,,         ,Megan,Arnett,Clear,Front to Rear,no,no,no,no,no,False
100915699,METROPOLITAN NASHVILLE POLICE DEPT,20150717022,Davidson,Nashville,7/30/2015 4:23:00 PM,2,0,0,36.238180,-86.782400,STATE HWY 155,,,,185.00,Feet,West,-- UNKNOWN RAMP/ROAD --,,,,0.00,N,Not at Intersection,N,Non-Junction,None,,,         ,Ryan,Sabel,Clear,Front to Rear,no,no,no,no,no,False
100915702,METROPOLITAN NASHVILLE POLICE DEPT,2015-0722724,Davidson,Nashville,8/1/2015 1:00:00 PM,2,1,0,36.165380,-86.764130,I 24,,,,0.00,,,,,,,49.00,N,Not at Intersection,N,Entrance/Exit Ramp Related,None,,,         ,Paul,Sorace,Clear,Front to Rear,no,no,no,no,no,False
100915711,METROPOLITAN NASHVILLE POLICE DEPT,20150722569,Davidson,Nashville,8/1/2015 9:20:00 AM,2,0,0,36.060930,-86.632580,HAMILTON CHURCH RD,,,,833.00,Feet,South,HAMILTON XIN,,,,0.00,N,Not at Intersection, ,Non-Junction,None,,,         ,Brian,Penny,Clear,Front to Rear,no,no,no,no,no,False
100915722,METROPOLITAN NASHVILLE POLICE DEPT,20150722818,Davidson,Nashville,8/1/2015 2:32:00 PM,1,0,0,36.155080,-86.771950,3RD AVE S,,,,0.00,,,LEA AVE,,,,0.00,Y,Four-Way, ,Intersection,None,,,         ,MIchael,Mihajlov,Clear,Not Collision with Motor Vehicle in Transport,no,no,no,no,no,False
100915734,METROPOLITAN NASHVILLE POLICE DEPT,20150722916,Davidson,Nashville,8/1/2015 3:10:00 PM,2,0,0,36.158030,-86.772300,GATEWAY BLVD,,,,101.00,Feet,East,2ND AVE S,,,,0.00,N,Not at Intersection, ,Non-Junction,None,,,         ,Blaze,Williams,Clear,Front to Rear,no,no,no,no,no,False
100915740,METROPOLITAN NASHVILLE POLICE DEPT,20150722753,Davidson,Nashville,8/1/2015 1:16:00 PM,2,0,0,36.174920,-86.756640,S 9TH ST,,,,0.00,,,WOODLAND ST,,,,0.00,Y,Four-Way, ,Intersection,None,,,         ,Robert,Croteau,Clear,Angle,no,no,no,no,no,False
100915749,METROPOLITAN NASHVILLE POLICE DEPT,2015-0722780,Davidson,Nashville,8/1/2015 2:00:00 PM,2,0,0,36.132690,-86.727120,I 24,,,,0.00,,,,,,,52.00,N,Not at Intersection, ,Non-Junction,None,,,         ,Alex,Lampley,Clear,Front to Rear,no,no,no,no,no,False
100915750,METROPOLITAN NASHVILLE POLICE DEPT,2015-0722814,Davidson,Nashville,8/1/2015 2:25:00 PM,2,0,0,36.131460,-86.727240,I 24,,,,0.00,,,,,,,51.10,N,Not at Intersection, ,Non-Junction,None,,,         ,Alex,Lampley,Clear,Front to Rear,no,no,no,no,no,False
100915757,METROPOLITAN NASHVILLE POLICE DEPT,20150722930,Davidson,Nashville,8/1/2015 3:00:00 PM,2,0,0,36.127230,-86.700590,GOODBAR DR,,,,0.00,,,THOMPSON PL,,,,0.00,Y,T-Intersection, ,,None,,,         ,Thomas,Barnes,,,no,no,no,no,no,False
100915759,METROPOLITAN NASHVILLE POLICE DEPT,20150722887,Davidson,Nashville,8/1/2015 2:10:00 PM,2,1,0,36.214610,-86.604630,US HWY 70,,,,0.00,,,US HWY 70,,,,0.00,Y,T-Intersection,N,Intersection-Related,None,,,         ,George,Krukowski,Clear,Front to Rear,no,no,no,no,no,False
100915760,METROPOLITAN NASHVILLE POLICE DEPT,20150722796,Davidson,Not in City Limit,8/1/2015 2:00:00 PM,2,2,0,36.263000,-86.680930,STATE HWY 45,,,,0.00,,,RIO VISTA DR,,,,0.00,Y,Four-Way,N,Intersection-Related,None,,,         ,Landon,Bagwell,Clear,Front to Rear,no,no,no,no,yes,False
100915768,METROPOLITAN NASHVILLE POLICE DEPT,20150722970,Davidson,Nashville,8/1/2015 1:59:00 PM,2,0,0,36.096150,-86.737650,US HWY 31 ALT,,,,0.00,,,ALLIED DR,,,,0.00,Y,T-Intersection,N,Intersection,None,,,         ,Mekisha,Page,Clear,Angle,no,no,no,no,yes,False
100915770,METROPOLITAN NASHVILLE POLICE DEPT,20150723023,Davidson,Nashville,8/1/2015 4:25:00 PM,2,1,0,36.140730,-86.732280,I 40,,,,0.00,,,,,,,213.00,N,Not at Intersection,N,Non-Junction,None,,,         ,Tyler,Conrads,Clear,Front to Rear,no,no,no,no,no,False
100915773,METROPOLITAN NASHVILLE POLICE DEPT,2015-0722984,Davidson,Nashville,8/1/2015 3:31:00 PM,2,0,0,36.131470,-86.896400,US HWY 70,,,,292.00,Feet,West,RAMP,,,,0.00,N,Not at Intersection, ,Non-Junction,None,,,         ,Michael,Rogers,Clear,Front to Rear,no,no,no,no,no,False
100915776,METROPOLITAN NASHVILLE POLICE DEPT,20150723004,Davidson,Nashville,8/1/2015 12:00:00 AM,2,0,0,36.183330,-86.748540,GALLATIN AVE,,,,0.00,,,W EASTLAND AVE,,,,0.00,Y,Four-Way, ,Intersection-Related,None,,,         ,Paul,Stein,Clear,"Sideswipe, Same Direction",no,no,no,no,no,False
100915783,METROPOLITAN NASHVILLE POLICE DEPT,20150722942,Davidson,Nashville,8/1/2015 3:43:00 PM,2,3,0,36.084800,-86.728130,US HWY 31 ALT,,,,0.00,,,PARAGON MILLS RD,,,,0.00,Y,Four-Way,N,Intersection,None,,,         ,Peter,Knisley,Clear,Angle,no,no,no,no,no,False
100915786,METROPOLITAN NASHVILLE POLICE DEPT,2015-0722909,Davidson,Nashville,8/1/2015 3:26:00 PM,2,2,0,36.205980,-86.768520,US HWY 31W,,,,14.00,Feet,North,E TRINITY LN,,,,0.00,N,Not at Intersection,N,Non-Junction,None,,,         ,Anthony,Cavis,Clear,HeadOn,no,no,no,no,no,False
100915790,METROPOLITAN NASHVILLE POLICE DEPT,2015-0722809,Davidson,Nashville,8/1/2015 2:23:00 PM,1,0,0,36.124420,-86.737170,I 440,,,,0.00,,,,,,,7.00,N,Not at Intersection,N,Non-Junction,None,,,         ,William,King,Clear,Not Collision with Motor Vehicle in Transport,no,no,no,no,no,False
100915791,METROPOLITAN NASHVILLE POLICE DEPT,2015-0723089,Davidson,Nashville,8/1/2015 4:40:00 PM,2,0,0,36.040790,-86.772060,STATE HWY 254,,,,400.00,Feet,East,AMERICAN GENERAL WAY,,,,0.00,N,Not at Intersection, ,Non-Junction,None,,,         ,William,King,Clear,Front to Rear,no,no,no,no,no,False
100915798,METROPOLITAN NASHVILLE POLICE DEPT,20150723103,Davidson,Nashville,8/1/2015 5:00:00 PM,2,0,0,36.137570,-86.800760,BLAKEMORE AVE,,,,0.00,,,US HWY 431,,,,0.00,Y,Four-Way,N,Intersection,None,,,         ,Royce,McLester,Clear,Front to Rear,no,no,no,no,no,Campus
100915802,METROPOLITAN NASHVILLE POLICE DEPT,20150723160,Davidson,Nashville,8/1/2015 6:27:00 PM,2,0,0,36.100630,-86.746840,MAYS ST,,,,0.00,,,,,,,0.00,,, ,Intersection,None,,,         ,Mekisha,Page,Clear,Unknown,no,no,no,yes,yes,False
100915803,METROPOLITAN NASHVILLE POLICE DEPT,20150723081,Davidson,Nashville,8/1/2015 5:03:00 PM,1,0,0,36.105360,-86.602760,ANDERSON RD,,,,1000.00,Feet,South,COUCHVILLE PIKE,,,,0.00,N,Not at Intersection,N,Non-Junction,None,,,         ,Brandon,Vance,Clear,Not Collision with Motor Vehicle in Transport,no,no,no,no,no,False
100915807,METROPOLITAN NASHVILLE POLICE DEPT,20150723191,Davidson,Nashville,8/1/2015 5:50:00 PM,2,0,0,36.185910,-86.809500,14TH AVE N,,,,250.00,Feet,North,CASS ST,,,,0.00,N,Not at Intersection, ,,Construction Zone,,,         ,Christopher,Littles,,,no,no,no,no,no,False
100915810,METROPOLITAN NASHVILLE POLICE DEPT,20150723079,Davidson,Nashville,8/1/2015 5:00:00 PM,3,0,0,36.060090,-86.741060,ELLINGTON CIR,,,,0.00,,,EDMONDSON PIKE,,,,0.00,Y,OTHER,N,Non-Junction,None,,,         ,Megan,Lamon,Clear,Front to Rear,no,no,no,no,no,False
100915812,METROPOLITAN NASHVILLE POLICE DEPT,2015-0723211,Davidson,Nashville,8/1/2015 5:10:00 PM,2,0,0,36.220560,-86.774050,I 65,,,,0.00,,,,,,,88.35,N,Not at Intersection,N,Non-Junction,None,,,         ,Anthony,Cavis,Clear,"Sideswipe, Same Direction",no,no,no,no,yes,False
100915817,METROPOLITAN NASHVILLE POLICE DEPT,20150721413,Davidson,Nashville,7/31/2015 9:30:00 PM,2,2,0,36.213120,-86.694740,PARKING LOT,,,,1079.00,Feet,East,OPRYLAND USA,,,,0.00,N,Not at Intersection,N,Non-Junction,None,,,         ,Colby,Mathis,Clear,"Sideswipe, Opposite Direction",no,no,no,yes,yes,False
100915823,METROPOLITAN NASHVILLE POLICE DEPT,20150723259,Davidson,Nashville,8/1/2015 6:35:00 PM,2,0,0,36.112300,-86.767010,STATE HWY 155,,,,0.00,,,BRANSFORD AVE,,,,0.00,Y,Four-Way,N,Intersection,None,,,         ,Nicholas,Smith,Clear,Angle,no,no,no,no,no,False
100915825,METROPOLITAN NASHVILLE POLICE DEPT,20150723252,Davidson,Not in City Limit,8/1/2015 6:33:00 PM,2,0,0,35.995470,-86.687890,US HWY 31 ALT,,,,0.00,,,PETTUS RD,,,,0.00,Y,T-Intersection,N,Intersection,None,,,         ,Megan,Lamon,Clear,Angle,no,no,no,no,no,False
100915836,METROPOLITAN NASHVILLE POLICE DEPT,20150723003,Davidson,Nashville,8/1/2015 4:00:00 PM,2,0,0,36.239310,-86.739770,-- UNKNOWN RAMP/ROAD --,,,,0.00,Feet,,ELLINGTON PKWY,,,,0.00,Y,OTHER, ,Non-Junction,None,,,         ,Ryan,Sabel,Clear,Angle,no,no,no,no,yes,False
100915839,METROPOLITAN NASHVILLE POLICE DEPT,20150723364,Davidson,Nashville,8/1/2015 7:26:00 PM,2,0,0,36.040230,-86.752330,STATE HWY 254,,,,0.00,,,BRENTWOOD CHASE DR,,,,0.00,Y,T-Intersection, ,Intersection,None,,,         ,Mekisha,Page,Clear,Front to Rear,no,no,no,no,no,False
100915843,METROPOLITAN NASHVILLE POLICE DEPT,20150723080,Davidson,Nashville,8/1/2015 5:01:00 PM,2,0,0,36.141020,-86.718310,I 40,,,,0.00,,,,,,,213.75,N,Not at Intersection, ,,None,,,         ,Bryan,Byrnes,,,no,no,no,no,no,False
100915846,VANDERBILT UNIVERSITY POLICE,15-0723251,Davidson,Nashville,8/1/2015 6:25:00 PM,1,0,0,36.139720,-86.800470,US HWY 431,,,,0.00,,,PIERCE AVE,,,,0.00,Y,Four-Way,N,Intersection,None,,,         ,Donald,Dennis,Clear,Not Collision with Motor Vehicle in Transport,no,no,no,no,no,Campus
100915847,METROPOLITAN NASHVILLE POLICE DEPT,2015-0723052,Davidson,Nashville,8/1/2015 4:10:00 PM,2,0,0,36.091290,-86.761540,SIDCO DR,,,,0.00,,,KENILWOOD DR,,,,0.00,Y,T-Intersection, ,Intersection,None,,,         ,Ted,Woosley,Clear,"Sideswipe, Same Direction",no,no,no,no,no,False
100915853,METROPOLITAN NASHVILLE POLICE DEPT,20150723366,Davidson,Nashville,8/1/2015 7:20:00 PM,2,0,0,36.168000,-86.664530,US HWY 70,,,,0.00,,,OLD LEBANON PIKE,,,,0.00,Y,Four-Way,N,Intersection,None,,,         ,Tyler,Conrads,Clear,Front to Rear,no,no,no,no,no,False
100915856,METROPOLITAN NASHVILLE POLICE DEPT,20150720231,Davidson,Nashville,7/29/2015 2:12:00 PM,2,0,0,36.193650,-86.831200,US HWY 41 ALT,,,,0.00,,,BUENA VISTA PIKE,,,,0.00,Y,Four-Way, ,,None,,,         ,Ashton,Hill,,,no,no,no,no,no,False
100915862,METROPOLITAN NASHVILLE POLICE DEPT,2015-0723275,Davidson,Nashville,8/1/2015 6:42:00 PM,2,0,0,36.198770,-86.776060,I 65,,,,0.00,,,,,,,86.80,N,Not at Intersection,N,Non-Junction,None,,,         ,Anthony,Cavis,Clear,"Sideswipe, Same Direction",no,no,no,no,no,False
100915872,METROPOLITAN NASHVILLE POLICE DEPT,20150723549,Davidson,Nashville,8/1/2015 8:00:00 PM,2,0,0,36.140440,-86.721190,I 40,,,,0.00,,,,,,,213.55,N,Not at Intersection,N,Non-Junction,None,,,         ,John,Kelley,Clear,"Sideswipe, Same Direction",no,no,no,no,yes,False
100915881,METROPOLITAN NASHVILLE POLICE DEPT,20150723395,Davidson,Nashville,8/1/2015 7:30:00 PM,2,1,0,36.143380,-86.814560,US HWY 70S,,,,66.00,Feet,South,30TH AVE S,,,,0.00,N,Not at Intersection,N,Non-Junction,None,,,         ,Royce,McLester,Clear,"Sideswipe, Same Direction",no,no,no,no,no,Campus
100915885,METROPOLITAN NASHVILLE POLICE DEPT,20150723452,Davidson,Nashville,8/1/2015 7:58:00 PM,2,1,0,36.219610,-86.727410,ARDEE AVE,,,,0.00,,,GALLATIN PIKE,,,,0.00,Y,Four-Way,N,Intersection,None,,,         ,Kevin,Reynolds,Clear,HeadOn,no,no,no,no,no,False
100915893,METROPOLITAN NASHVILLE POLICE DEPT,20150723345,Davidson,Nashville,8/1/2015 7:00:00 PM,2,0,0,36.187980,-86.821590,CLARKSVILLE PIKE,,,,0.00,,,US HWY 41 ALT,,,,0.00,Y,Four-Way, ,Non-Junction,None,,,         ,James,Wray,Clear,Front to Rear,no,no,no,no,no,False
100915895,METROPOLITAN NASHVILLE POLICE DEPT,20150723419,Davidson,Nashville,8/1/2015 7:10:00 PM,2,1,0,36.202430,-86.739100,LITTON AVE,,,,0.00,,,GALLATIN PIKE,,,,0.00,Y,T-Intersection,N,Intersection-Related,None,,,         ,Robert,Croteau,Clear,Front to Rear,no,no,no,no,yes,False
100915915,METROPOLITAN NASHVILLE POLICE DEPT,20150723778,Davidson,Nashville,8/1/2015 9:53:00 PM,2,0,0,36.151730,-86.790040,DEMONBREUN ST,,,,163.00,Feet,West,MUSIC CIR E,,,,0.00,N,Not at Intersection, ,,None,,,         ,Mekisha,Page,,,no,no,no,no,no,False
100915922,METROPOLITAN NASHVILLE POLICE DEPT,20150717346,Davidson,Nashville,7/30/2015 5:51:00 PM,2,0,0,36.202020,-86.735640,LITTON AVE,,,,0.00,,,BRONTE AVE,,,,0.00,Y,T-Intersection,N,Intersection,None,,,         ,Whitney,Arnold,Clear,Angle,no,no,no,no,yes,False
100915930,METROPOLITAN NASHVILLE POLICE DEPT,20150723960,Davidson,Nashville,8/1/2015 11:13:00 PM,2,0,0,36.149440,-86.757220,FAIRFIELD AVE,,,,0.00,,,ROBERTSON ST,,,,0.00,Y,Four-Way,Y,Intersection,None,,,         ,Raymond,Heymann,Clear,Rear to Side,no,no,no,no,yes,False
100915951,METROPOLITAN NASHVILLE POLICE DEPT,20150724055,Davidson,Nashville,8/2/2015 12:06:00 AM,2,0,0,36.150210,-86.780870,DIVISION ST,,,,0.00,,,9TH AVE S,,,,0.00,Y,T-Intersection,N,"Driveway, Alley Access, etc",None,,,         ,Brandon,Hicks,Clear,Other,no,no,no,no,no,False
100915968,METROPOLITAN NASHVILLE POLICE DEPT,2015-0724033,Davidson,Nashville,8/1/2015 11:41:00 PM,2,0,0,36.176720,-86.751490,S 10TH ST,,,,76.00,Feet,South,WOODLAND ST,,,,0.00,N,Not at Intersection, ,Non-Junction,None,,,         ,Steven,Wiser,Clear,Front to Rear,no,no,no,no,no,False
100915972,METROPOLITAN NASHVILLE POLICE DEPT,20150724386,Davidson,Nashville,8/2/2015 3:20:00 AM,1,0,0,36.121750,-86.727370,I 24,,,,0.00,,,,,,,52.80,N,Not at Intersection,N,Non-Junction,None,,,         ,James,Jensen,Clear,Not Collision with Motor Vehicle in Transport,no,no,no,no,no,False
100915974,METROPOLITAN NASHVILLE POLICE DEPT,20150724397,Davidson,Nashville,8/2/2015 3:30:00 AM,2,1,0,36.125630,-86.709840,US HWY 41,,,,0.00,,,BOWWOOD CT,,,,0.00,Y,OTHER,N,Non-Junction,None,,,         ,Bridget,Griepentrog,Clear,HeadOn,no,no,no,no,yes,False
100915980,METROPOLITAN NASHVILLE POLICE DEPT,20150724449,Davidson,Nashville,8/2/2015 12:00:00 AM,1,0,0,36.202280,-86.776610,I 65,,,,0.00,,,,,,,87.00,N,Not at Intersection,N,Non-Junction,None,,,         ,Kevin,Breeding,Clear,Unknown,no,no,no,no,yes,False
100915987,METROPOLITAN NASHVILLE POLICE DEPT,20150724240,Davidson,Nashville,8/2/2015 1:38:00 AM,2,0,0,36.155030,-86.797490,18TH AVE N,,,,0.00,,,CHURCH ST,,,,0.00,Y,Four-Way, ,Intersection,None,,,         ,Charles,Wingo,Clear,Angle,no,no,no,no,no,False
100915990,METROPOLITAN NASHVILLE POLICE DEPT,20150723887,Davidson,Nashville,8/1/2015 10:30:00 PM,1,0,0,36.166580,-86.793470,11TH AVE N,,,,78.00,Feet,North,HARRISON ST,,,,0.00,N,Not at Intersection, ,Non-Junction,None,,,         ,Audrean,Manquero,Clear,Not Collision with Motor Vehicle in Transport,no,no,no,yes,no,False
100915999,METROPOLITAN NASHVILLE POLICE DEPT,20150724495,Davidson,Nashville,8/2/2015 4:56:00 AM,2,0,0,36.180180,-86.739210,N 17TH ST,,,,223.00,Feet,North,ORDWAY PL,,,,0.00,N,Not at Intersection,N,Non-Junction,None,,,         ,Joshua,Lefler,Clear,Front to Rear,no,no,no,no,yes,False
100916010,METROPOLITAN NASHVILLE POLICE DEPT,20150722727,Davidson,Nashville,8/1/2015 12:14:00 PM,2,0,0,36.089750,-86.650390,US HWY 41,,,,264.00,Feet,North,RANSOM PL,,,,0.00,N,Not at Intersection, ,,None,,,         ,John,Tyree,,,no,no,no,no,no,False
100916011,METROPOLITAN NASHVILLE POLICE DEPT,20150722791,Davidson,Nashville,8/1/2015 2:10:00 PM,2,2,0,36.137790,-86.857740,STATE HWY 155,,,,0.00,,,KNOB RD,,,,0.00,Y,Four-Way,N,Intersection-Related,None,,,         ,Corteze,Armstrong,Clear,Front to Rear,no,no,no,no,no,False
100916012,METROPOLITAN NASHVILLE POLICE DEPT,20150722758,Davidson,Madison,8/1/2015 12:48:00 PM,2,0,0,36.267350,-86.710830,US HWY 31E,,,,158.00,Feet,North,DUPONT AVE,,,,0.00,N,Not at Intersection, ,Non-Junction,None,,,         ,William,Coy,Clear,"Sideswipe, Same Direction",no,no,no,no,no,False
100916021,METROPOLITAN NASHVILLE POLICE DEPT,20150722354,Davidson,Nashville,8/1/2015 8:03:00 AM,3,0,0,36.118040,-86.791270,CLAYTON AVE,,,,0.00,,,GRANNY WHITE PIKE,,,,0.00,Y,Four-Way,N,Intersection,None,,,         ,John,Daugherty,Clear,Angle,no,no,no,no,no,False
100916022,METROPOLITAN NASHVILLE POLICE DEPT,20150724300,Davidson,Nashville,8/2/2015 1:27:00 AM,2,0,0,36.171490,-86.769070,INTERSTATE DR,,,,0.00,,,US HWY 31,,,,0.00,Y,Four-Way, ,Intersection,None,,,         ,Audrean,Manquero,Clear,Front to Rear,no,no,no,no,no,False
100916024,METROPOLITAN NASHVILLE POLICE DEPT,20150722531,Davidson,Nashville,8/1/2015 10:00:00 AM,2,0,0,36.234440,-86.766270,I 65,,,,0.00,,,,,,,89.40,N,Not at Intersection,N,Non-Junction,Construction Zone,Work On Shoulder Or Median,Activity Area,         ,Garren,Hoskins,Clear,Front to Rear,no,no,no,no,no,False