master_record_number,agency,agency_tracking_number,county,city,collision_date,vehicles_involved,number_injured,number_dead,latitude,longitude,roadway_name,roadway_suffix,roadway_number,roadway_local_id,distance_from_reference,miles-feet_indicator,direction_from_reference,intersection_road_name,intersection_road_name_suffix,intersection_road_number,intersection_local_id,mile_marker,intersection_indicator,intersect_type,interchange_related_indicator,relation_to_junction,work_zone_type,construction_maintenance_zone,construction_maintenance_zone_location,fatal_case_number,officer_first_name,officer_last_name,weather_condition(s),manner_of_crash,pedestrian,bicycle,scooter,parking,hitrun,mou
100916027,METROPOLITAN NASHVILLE POLICE DEPT,20150724566,Davidson,Not in City Limit,8/2/2015 6:35:00 AM,1,0,0,36.317070,-86.835180,I 24,,,,0.00,,,,,,,37.00,N,Not at Intersection, ,Non-Junction,None,,,         ,Noah,Melton,Clear,Not Collision with Motor Vehicle in Transport,no,no,no,no,no,False
100916033,METROPOLITAN NASHVILLE POLICE DEPT,20150722784,Davidson,Nashville,8/1/2015 1:49:00 PM,2,0,0,36.154860,-86.627020,-- UNKNOWN RAMP/ROAD --,,,,0.00,,,I 40,,,,0.00,Y,Y-Intersection, ,,None,,,         ,Terry,Denton,,,no,no,no,no,no,False
100916038,METROPOLITAN NASHVILLE POLICE DEPT,20150724610,Davidson,Nashville,8/2/2015 7:15:00 AM,2,0,0,36.223810,-86.775450,I 24,,,,0.00,,,,,,,44.95,N,Not at Intersection, ,Non-Junction,Construction Zone,,,         ,Clint,Gilleland,Clear,"Sideswipe, Same Direction",no,no,no,no,no,False
100916048,METROPOLITAN NASHVILLE POLICE DEPT,2015-0722268,Davidson,Nashville,8/1/2015 6:50:00 AM,2,1,0,36.117510,-86.799990,EXIT 3,,,,0.00,Feet,East,I 440,,,,0.00,N,Not at Intersection,N,Non-Junction,None,,,         ,David,Anderson,Clear,Front to Rear,no,no,no,no,no,False
100916053,METROPOLITAN NASHVILLE POLICE DEPT,20150722546,Davidson,Nashville,8/1/2015 10:16:00 AM,2,0,0,36.117120,-86.791510,GALE LN,,,,0.00,,,GRANNY WHITE PIKE,,,,0.00,Y,Four-Way,N,Intersection,None,,,         ,John,Daugherty,Clear,Angle,no,no,no,no,no,False
100916060,METROPOLITAN NASHVILLE POLICE DEPT,2015-0722618,Davidson,Nashville,8/1/2015 10:00:00 AM,2,0,0,36.193270,-86.751550,DOUGLAS AVE,,,,0.00,,,CLINE AVE,,,,0.00,Y,OTHER,Y,Non-Junction,None,,,         ,Kenneth,Bray,Clear,"Sideswipe, Same Direction",no,no,no,no,no,False
100916063,METROPOLITAN NASHVILLE POLICE DEPT,20150724664,Davidson,Nashville,8/1/2015 10:30:00 PM,2,0,0,36.185730,-86.763220,N 5TH ST,,,,184.00,Feet,South,CLEVELAND ST,,,,0.00,N,Not at Intersection, ,Non-Junction,None,,,         ,Aaron,Wigginton,Clear,"Sideswipe, Same Direction",no,no,no,no,yes,False
100916067,METROPOLITAN NASHVILLE POLICE DEPT,20150724834,Davidson,Nashville,8/2/2015 10:01:00 AM,1,0,0,36.076050,-86.767510,I 65,,,,0.00,,,,,,,77.40,N,Not at Intersection, ,,None,,,         ,Arthur,Hummell,,,no,no,no,no,no,False
100916075,METROPOLITAN NASHVILLE POLICE DEPT,2015-0722487,Davidson,Nashville,8/1/2015 9:40:00 AM,2,0,0,36.176980,-86.771870,-- UNKNOWN RAMP/ROAD --,,,,0.00,,,I 24,,,,0.00,Y,OTHER,Y,Entrance/Exit Ramp Related,None,,,         ,Kenneth,Bray,Clear,Front to Rear,no,no,no,no,yes,False
100916092,METROPOLITAN NASHVILLE POLICE DEPT,20150724875,Davidson,Nashville,7/31/2015 10:00:00 PM,2,0,0,36.081110,-86.707820,COMROE RD,,,,0.00,,,SHERMAN OAKS DR,,,,0.00,Y,OTHER, ,,None,,,         ,Brent,Hedgcoth,,,no,no,no,yes,no,False
100916096,METROPOLITAN NASHVILLE POLICE DEPT,20150724835,Davidson,Nashville,8/2/2015 9:58:00 AM,2,2,0,36.073930,-86.734940,BLACKMAN RD,,,,0.00,,,OVERCREST DR,,,,0.00,Y,T-Intersection,N,Intersection,None,,,         ,Marc,Haugen,Clear,Angle,no,no,no,no,no,False
100916110,METROPOLITAN NASHVILLE POLICE DEPT,20150724949,Davidson,Nashville,8/2/2015 11:26:00 AM,2,0,0,36.176850,-86.774350,SPRING ST,,,,0.00,,,N 1ST ST,,,,0.00,Y,Four-Way, ,,None,,,         ,Joshua,Hollins,,,no,no,no,no,no,False
100916117,METROPOLITAN NASHVILLE POLICE DEPT,20150716648,Davidson,Nashville,7/30/2015 2:20:00 PM,2,0,0,36.157660,-86.774980,4TH AVE S,,,,185.00,Feet,North,GATEWAY BLVD,,,,0.00,N,Not at Intersection, ,Non-Junction,None,,,         ,Joshua,Hollins,Clear,Front to Rear,no,no,no,no,no,False
100916118,METROPOLITAN NASHVILLE POLICE DEPT,20150724928,Davidson,Nashville,8/2/2015 11:07:00 AM,2,0,0,36.175690,-86.771780,I 24,,,,0.00,,,,,,,48.00,N,Not at Intersection, ,Unknown,None,,,         ,Bryan,Birdwell,Clear,Front to Rear,no,no,no,no,no,False
100916119,METROPOLITAN NASHVILLE POLICE DEPT,20150722699,Davidson,Nashville,8/1/2015 11:55:00 AM,2,0,0,36.205950,-86.768540,E TRINITY LN,,,,0.00,,,US HWY 31W,,,,0.00,Y,Four-Way, ,Intersection,None,,,         ,Jared,Eaves,Clear,Front to Rear,no,no,no,no,no,False
100916126,METROPOLITAN NASHVILLE POLICE DEPT,20150724627,Davidson,Nashville,8/2/2015 8:15:00 AM,2,0,0,36.210920,-86.733050,GREENFIELD AVE,,,,0.00,,,GALLATIN PIKE,,,,0.00,Y,OTHER, ,Non-Junction,None,,,         ,Jared,Eaves,Clear,"Sideswipe, Same Direction",no,no,no,no,no,False
100916138,METROPOLITAN NASHVILLE POLICE DEPT,2015-0724911,Davidson,Nashville,8/2/2015 10:40:00 AM,2,1,0,36.158880,-86.782050,US HWY 31,,,,0.00,,,US HWY 70,,,,0.00,Y,Four-Way,N,Unknown,None,,,         ,Dale,Tomlin,Clear,"Sideswipe, Same Direction",no,no,no,no,no,False
100916143,METROPOLITAN NASHVILLE POLICE DEPT,20150725048,Davidson,Nashville,8/2/2015 12:30:00 PM,2,0,0,36.143100,-86.705070,I 40,,,,0.00,,,,,,,214.50,N,Not at Intersection, ,Non-Junction,None,,,         ,Jason,Cregan,Clear,"Sideswipe, Same Direction",no,no,no,no,no,False
100916144,METROPOLITAN NASHVILLE POLICE DEPT,20150725069,Davidson,Nashville,8/2/2015 12:40:00 PM,2,0,0,36.199850,-86.620760,STATE HWY 45,,,,148.00,Feet,North,RAMP,,,,0.00,N,Not at Intersection, ,,None,,,         ,Anthony,Venable,,,no,no,no,no,no,False
100916146,METROPOLITAN NASHVILLE POLICE DEPT,20150725022,Davidson,Nashville,8/2/2015 1:03:00 PM,2,0,0,36.173130,-86.791300,US HWY 41 ALT,,,,60.00,Feet,South,JEFFERSON ST,,,,0.00,N,Not at Intersection, ,Non-Junction,None,,,         ,Richard,Olive,Clear,"Sideswipe, Same Direction",no,no,no,no,no,False
100916147,METROPOLITAN NASHVILLE POLICE DEPT,20150723010,Davidson,Nashville,8/1/2015 4:17:00 PM,2,0,0,36.136390,-86.727150,I 24,,,,0.00,,,,,,,51.25,N,Not at Intersection, ,Non-Junction,None,,,         ,Michael,Moss,Clear,Front to Rear,no,no,no,no,no,False
100916148,METROPOLITAN NASHVILLE POLICE DEPT,20150722858,Davidson,Nashville,8/1/2015 2:26:00 PM,2,1,0,36.079690,-86.644320,EDGE O LAKE DR,,,,51.00,Feet,West,SCOTT VALLEY DR,,,,0.00,N,Not at Intersection,N,Non-Junction,None,,,         ,Michael,Moss,Clear,Angle,no,no,no,no,no,False
100916149,METROPOLITAN NASHVILLE POLICE DEPT,20150724893,Davidson,Madison,8/2/2015 10:43:00 AM,2,2,0,36.263000,-86.680930,STATE HWY 45,,,,0.00,,,RIO VISTA DR,,,,0.00,Y,Four-Way,N,Intersection,None,,,         ,Eric,Richardson,Clear,Angle,no,no,no,no,no,False
100916154,METROPOLITAN NASHVILLE POLICE DEPT,20150725040,Davidson,Not in City Limit,8/2/2015 12:30:00 PM,2,0,0,35.997670,-86.691040,US HWY 31 ALT,,,,449.00,Feet,West,STATE HWY 253,,,,0.00,N,Not at Intersection, ,Non-Junction,None,,,         ,Richard,Conger,Clear,Angle,no,no,no,no,no,False
100916155,METROPOLITAN NASHVILLE POLICE DEPT,20150724843,Davidson,Nashville,8/2/2015 10:09:00 AM,2,3,0,36.082680,-86.710520,STATE HWY 255,,,,0.00,,,TAMPA DR,,,,0.00,Y,Four-Way,N,Intersection,None,,,         ,Christopher,Hanor,Clear,Angle,no,no,no,no,no,False
100916162,METROPOLITAN NASHVILLE POLICE DEPT,20150724958,Davidson,Nashville,8/2/2015 11:13:00 AM,3,0,0,36.165970,-86.764630,EXIT 49,,,,0.00,Feet,East,I 24,,,,0.00,N,Not at Intersection, ,Non-Junction,None,,,         ,Aaron,Wigginton,Clear,Front to Rear,no,no,no,no,no,False
100916164,METROPOLITAN NASHVILLE POLICE DEPT,2015-0725118,Davidson,Nashville,8/2/2015 1:30:00 PM,2,0,0,36.152270,-86.839580,44TH AVE N,,,,0.00,,,US HWY 70,,,,0.00,Y,Four-Way, ,Non-Junction,None,,,         ,Cesar,Castillo,Clear,Angle,no,no,no,no,no,False
100916171,METROPOLITAN NASHVILLE POLICE DEPT,20150725037,Davidson,Nashville,8/2/2015 12:18:00 PM,2,0,0,36.112100,-86.772370,-- UNKNOWN RAMP/ROAD --,,,,0.00,,,I 65,,,,0.00,Y,OTHER, ,Non-Junction,None,,,         ,John,Daugherty,Clear,Not Collision with Motor Vehicle in Transport,no,no,no,no,no,False
100916173,METROPOLITAN NASHVILLE POLICE DEPT,20150725176,Davidson,Nashville,8/2/2015 1:45:00 PM,2,0,0,36.183720,-86.747760,EASTLAND AVE,,,,171.00,Feet,East,GALLATIN AVE,,,,0.00,N,Not at Intersection, ,Non-Junction,None,,,         ,Jared,Eaves,Clear,Angle,no,no,no,no,no,False
100916176,METROPOLITAN NASHVILLE POLICE DEPT,20150716001,Davidson,Nashville,7/30/2015 9:13:00 AM,2,0,0,36.106540,-86.673770,RAMP,,,,0.00,,,US HWY 41,,,,0.00,Y,Four-Way, ,,None,,,         ,Terry,Denton,,,no,no,no,no,no,False
100916196,METROPOLITAN NASHVILLE POLICE DEPT,20150725116,Davidson,Nashville,8/2/2015 1:30:00 PM,3,1,0,36.046090,-86.657770,STATE HWY 254,,,,61.00,Feet,East,COLLINS PARK DR,,,,0.00,N,Not at Intersection,N,Non-Junction,None,,,         ,John,Tyree,Clear,Front to Rear,no,no,no,no,yes,False
100916215,METROPOLITAN NASHVILLE POLICE DEPT,20150725229,Davidson,Nashville,8/2/2015 3:02:00 PM,2,0,0,36.131690,-86.768430,BENTON AVE,,,,0.00,,,BRANSFORD AVE,,,,0.00,Y,Four-Way, ,Intersection-Related,None,,,         ,Tien,Nguyen,Clear,Front to Rear,no,no,no,no,no,False
100916246,METROPOLITAN NASHVILLE POLICE DEPT,20150725319,Davidson,Nashville,8/2/2015 4:00:00 PM,2,0,0,36.188570,-86.776130,I 24,,,,0.00,,,,,,,47.00,N,Not at Intersection, ,Non-Junction,None,,,         ,Paul,Stein,Clear,"Sideswipe, Same Direction",no,no,no,no,no,False
100916250,METROPOLITAN NASHVILLE POLICE DEPT,2015-0725364,Davidson,Nashville,8/2/2015 4:00:00 PM,2,0,0,36.128630,-86.906500,US HWY 70,,,,0.00,,,RIVER RD,,,,0.00,Y,Y-Intersection,N,Intersection,None,,,         ,Christopher,Clark,Clear,Front to Rear,no,no,no,no,yes,False
100916258,METROPOLITAN NASHVILLE POLICE DEPT,20150725332,Davidson,Nashville,8/2/2015 2:06:00 PM,2,0,0,36.159130,-86.822720,CLIFTON AVE,,,,0.00,,,31ST AVE N,,,,0.00,Y,T-Intersection,N,Non-Junction,None,,,         ,Christopher,Littles,Clear,HeadOn,no,no,no,no,yes,False
100916259,METROPOLITAN NASHVILLE POLICE DEPT,20150725232,Davidson,Nashville,8/2/2015 2:45:00 PM,2,0,0,36.087420,-86.692190,ANTIOCH PIKE,,,,0.00,,,STATE HWY 255,,,,0.00,Y,Four-Way,N,Intersection-Related,None,,,         ,Austin,Childress,Clear,Front to Rear,no,no,no,no,yes,False
100916266,METROPOLITAN NASHVILLE POLICE DEPT,20150725392,Davidson,Nashville,8/2/2015 4:45:00 PM,1,0,0,36.124250,-86.728360,-- UNKNOWN RAMP/ROAD --,,,,0.00,,,I 24,,,,0.00,Y,Y-Intersection, ,Non-Junction,None,,,         ,Randy,Heinze,Clear,Not Collision with Motor Vehicle in Transport,no,no,no,no,no,False
100916268,METROPOLITAN NASHVILLE POLICE DEPT,20150725318,Davidson,Nashville,8/2/2015 4:00:00 PM,3,0,0,36.045470,-86.712530,STATE HWY 254,,,,39.00,Feet,East,RAMP,,,,0.00,N,Not at Intersection, ,Non-Junction,None,,,         ,Ian,Lynch,Clear,Front to Rear,no,no,no,no,no,False
100916281,METROPOLITAN NASHVILLE POLICE DEPT,20150725272,Davidson,Nashville,8/2/2015 3:25:00 PM,3,0,0,36.185050,-86.775170,I 24,,,,0.00,,,,,,,47.25,N,Not at Intersection, ,Non-Junction,None,,,         ,Jarred,Ruhlman,Clear,Front to Rear,no,no,no,no,no,False
100916282,METROPOLITAN NASHVILLE POLICE DEPT,20150725329,Davidson,Nashville,8/2/2015 4:01:00 PM,3,0,0,36.187050,-86.773390,US HWY 31W,,,,133.00,Feet,South,CLEVELAND ST,,,,0.00,N,Not at Intersection,N,Non-Junction,None,,,         ,Jarred,Ruhlman,Clear,Front to Rear,no,no,no,no,no,False
100916283,METROPOLITAN NASHVILLE POLICE DEPT,20150725375,Davidson,Nashville,8/2/2015 4:38:00 PM,2,0,0,36.140580,-86.721710,I 40,,,,0.00,,,,,,,213.55,N,Not at Intersection, ,,None,,,         ,Bryan,Byrnes,,,no,no,no,no,no,False
100916301,METROPOLITAN NASHVILLE POLICE DEPT,20150725363,Davidson,Nashville,8/2/2015 4:28:00 PM,2,1,0,36.182770,-86.812350,CLAY ST,,,,0.00,,,DR DB TODD JR BLVD,,,,0.00,Y,T-Intersection,N,Intersection,None,,,         ,Brian,Woodard,Clear,Front to Rear,no,no,no,no,no,False
100916304,METROPOLITAN NASHVILLE POLICE DEPT,20150725188,Davidson,Nashville,8/2/2015 2:17:00 PM,2,0,0,36.198280,-86.620330,STATE HWY 45,,,,0.00,,,US HWY 70,,,,0.00,Y,Four-Way, ,,None,,,         ,Anthony,Venable,,,no,no,no,no,no,False
100916307,METROPOLITAN NASHVILLE POLICE DEPT,20150725400,Davidson,Nashville,8/2/2015 4:50:00 PM,2,0,0,36.215660,-86.603700,US HWY 70,,,,0.00,,,,,,,0.00,,, ,Non-Junction,None,,,         ,James,DeSantis,Clear,Other,no,no,no,yes,yes,False
100916308,METROPOLITAN NASHVILLE POLICE DEPT,20150725277,Davidson,Nashville,8/2/2015 2:55:00 PM,2,1,0,36.175240,-86.750200,RUSSELL ST,,,,0.00,,,S 11TH ST,,,,0.00,Y,T-Intersection,N,Intersection,None,,,         ,Kelly,Cantrell,Clear,Angle,no,no,no,no,no,False
100916309,METROPOLITAN NASHVILLE POLICE DEPT,20150725540,Davidson,Nashville,8/2/2015 5:30:00 PM,3,0,0,36.227770,-86.779300,I 24,,,,0.00,,,,,,,44.40,N,Not at Intersection, ,Non-Junction,Construction Zone,,,         ,Brandon,Evans,Clear,Front to Rear,no,no,no,no,no,False
100916320,METROPOLITAN NASHVILLE POLICE DEPT,20150725291,Davidson,Nashville,8/2/2015 3:45:00 PM,2,0,0,36.182830,-86.607780,ANDREW JACKSON WAY,,,,210.00,Feet,North,STATE HWY 45,,,,0.00,N,Not at Intersection, ,Non-Junction,None,,,         ,Sarah,Hartman,Clear,Front to Rear,no,no,no,no,no,False
100916336,METROPOLITAN NASHVILLE POLICE DEPT,20150725493,Davidson,Nashville,8/2/2015 3:09:00 PM,2,0,0,36.246230,-86.721450,US HWY 31E,,,,171.00,Feet,South,BERKLEY DR,,,,0.00,N,Not at Intersection, ,Non-Junction,None,,,         ,Ryan,Allen,Clear,"Sideswipe, Same Direction",no,no,no,no,no,False
100916337,METROPOLITAN NASHVILLE POLICE DEPT,20150725802,Davidson,Nashville,8/2/2015 9:27:00 PM,2,0,0,36.142740,-86.819990,ACKLEN PARK DR,,,,0.00,,,WEST END CIR,,,,0.00,Y,T-Intersection,N,Intersection-Related,None,,,         ,Tien,Nguyen,Clear,Front to Rear,no,no,no,no,yes,False
100916347,METROPOLITAN NASHVILLE POLICE DEPT,20150725845,Davidson,Nashville,8/2/2015 9:40:00 PM,2,0,0,36.153820,-86.720390,US HWY 70,,,,124.00,Feet,West,SPENCE ENCLAVE WAY,,,,0.00,N,Not at Intersection,N,Non-Junction,None,,,         ,John,Kelley,Clear,"Sideswipe, Opposite Direction",no,no,no,no,yes,False
100916348,METROPOLITAN NASHVILLE POLICE DEPT,20150725734,Davidson,Not in City Limit,8/2/2015 8:30:00 PM,1,0,0,36.097810,-86.478630,MIRES RD,,,,256.00,Feet,East,NAOMI DR,,,,0.00,N,Not at Intersection, ,Non-Junction,None,,,         ,Brandon,Evans,Clear,Not Collision with Motor Vehicle in Transport,no,no,no,no,no,False
100916351,METROPOLITAN NASHVILLE POLICE DEPT,20150725868,Davidson,Nashville,8/2/2015 10:14:00 PM,1,0,0,36.042000,-86.834520,STATE HWY 254,,,,228.00,Feet,West,SAINT REGIS CT,,,,0.00,N,Not at Intersection,N,Non-Junction,None,,,         ,Tien,Nguyen,Clear,Not Collision with Motor Vehicle in Transport,no,no,no,no,no,False
100916366,METROPOLITAN NASHVILLE POLICE DEPT,20150721759,Davidson,Nashville,8/1/2015 12:15:00 AM,2,0,0,36.039020,-86.659110,CANE RIDGE RD,,,,0.00,,,MOUNTAINHIGH DR,,,,0.00,Y,T-Intersection,N,Intersection,None,,,         ,David,Moser,Clear,Front to Rear,no,no,no,no,no,False
100916367,METROPOLITAN NASHVILLE POLICE DEPT,20150724155,Davidson,Nashville,8/1/2015 8:28:00 AM,2,0,0,36.044640,-86.660340,-- UNKNOWN RAMP/ROAD --,,,,351.00,Feet,East,CANE RIDGE RD,,,,0.00,N,Not at Intersection,N,Non-Junction,None,,,         ,David,Moser,Clear,"Sideswipe, Same Direction",no,no,no,no,yes,False
100916400,METROPOLITAN NASHVILLE POLICE DEPT,20150724496,Davidson,Nashville,8/2/2015 5:04:00 AM,1,0,0,36.201460,-86.705320,COOPER LN,,,,200.00,Feet,West,MCGINNIS DR,,,,0.00,N,Not at Intersection,N,Non-Junction,None,,,         ,Christopher,Dameron,Clear,Not Collision with Motor Vehicle in Transport,no,no,no,no,yes,False
100916422,METROPOLITAN NASHVILLE POLICE DEPT,20150722142,Davidson,Nashville,8/1/2015 4:50:00 AM,2,0,0,36.045530,-86.658370,EXIT 59,,,,0.00,,,I 24,,,,0.00,Y,OTHER,Y,Entrance/Exit Ramp Related,None,,,         ,Erik,Dabbs,Clear,Front to Rear,no,no,no,no,yes,False
100916428,METROPOLITAN NASHVILLE POLICE DEPT,20150726455,Davidson,Nashville,8/3/2015 2:09:00 AM,1,1,0,36.155990,-86.629040,I 40,,,,0.00,,,,,,,219.00,N,Not at Intersection,N,Non-Junction,None,,,         ,Benjamin,Cole,Clear,Not Collision with Motor Vehicle in Transport,no,no,no,no,no,False
100916436,METROPOLITAN NASHVILLE POLICE DEPT,20150721564,Davidson,Nashville,7/31/2015 12:00:00 AM,2,0,0,36.208820,-86.779570,AVONDALE CIR,,,,162.00,Feet,West,HAMPTON ST,,,,0.00,N,Not at Intersection,N,Non-Junction,None,,,         ,Charles,Duke,Clear,Front to Rear,no,no,no,yes,yes,False
100916444,METROPOLITAN NASHVILLE POLICE DEPT,20150726266,Davidson,Nashville,8/3/2015 1:11:00 AM,2,0,0,36.167370,-86.701990,JUNE DR,,,,117.00,Feet,East,DEARBORN DR,,,,0.00,N,Not at Intersection,N,Non-Junction,None,,,         ,Raymond,Heymann,Clear,Not Collision with Motor Vehicle in Transport,no,no,no,no,yes,False
100916451,METROPOLITAN NASHVILLE POLICE DEPT,20150726388,Davidson,Nashville,8/3/2015 1:11:00 AM,2,0,0,36.168030,-86.705000,JUNE DR,,,,803.00,Feet,West,DEARBORN DR,,,,0.00,N,Not at Intersection,N,Non-Junction,None,,,         ,Raymond,Heymann,Clear,"Sideswipe, Same Direction",no,no,no,no,yes,False
100916464,METROPOLITAN NASHVILLE POLICE DEPT,20150625137,Davidson,Nashville,8/2/2015 1:19:00 PM,2,0,0,36.142770,-86.666540,STATE HWY 255,,,,49.00,Feet,South,CONNECTING ROAD,,,,0.00,N,Not at Intersection, ,Non-Junction,None,,,         ,Craig,Carlson,Clear,"Sideswipe, Same Direction",no,no,no,no,no,False
100916466,METROPOLITAN NASHVILLE POLICE DEPT,20150725086,Davidson,Nashville,8/2/2015 1:10:00 PM,2,0,0,36.090880,-86.686590,STATE HWY 255,,,,844.00,Feet,East,OLD EZELL RD,,,,0.00,N,Not at Intersection,N,Non-Junction,None,,,         ,Christopher,Hanor,Clear,Angle,no,no,no,yes,no,False
100916469,METROPOLITAN NASHVILLE POLICE DEPT,20150725108,Davidson,Madison,8/2/2015 1:20:00 PM,2,0,0,36.271300,-86.689650,MYATT DR,,,,295.00,Feet,South,ANDERSON LN,,,,0.00,N,Not at Intersection,N,Non-Junction,None,,,         ,David,Boone,Clear,Angle,no,no,no,no,no,False
100916481,METROPOLITAN NASHVILLE POLICE DEPT,20150725087,Davidson,Nashville,8/2/2015 1:13:00 PM,2,1,0,36.231100,-86.782750,I 24,,,,0.00,,,,,,,44.10,N,Not at Intersection,N,Non-Junction,Construction Zone,Laneclosure,Advanced Warning Area,         ,Michael,Parman,Clear,Front to Rear,no,no,no,no,no,False
100916483,METROPOLITAN NASHVILLE POLICE DEPT,20150725035,Davidson,Nashville,8/2/2015 12:30:00 PM,1,0,0,36.092170,-86.836170,HARDING PL,,,,498.00,Feet,West,ODELL CT,,,,0.00,N,Not at Intersection,N,Non-Junction,None,,,         ,Brian,Myatt,Clear,Not Collision with Motor Vehicle in Transport,no,no,no,no,no,False
100916486,METROPOLITAN NASHVILLE POLICE DEPT,20150726820,Davidson,Nashville,8/3/2015 7:40:00 AM,2,0,0,36.086850,-86.696140,STATE HWY 255,,,,50.00,Feet,West,S PERIMETER PARK DR,,,,0.00,N,Not at Intersection, ,,None,,,         ,Christopher,Hanor,,,no,no,no,no,no,False
100916499,METROPOLITAN NASHVILLE POLICE DEPT,20150726876,Davidson,Nashville,8/3/2015 8:07:00 AM,2,0,0,36.076530,-86.767360,I 65,,,,0.00,,,,,,,77.40,N,Not at Intersection,N,Non-Junction,None,,,         ,Nathan,Kemp,Clear,Front to Rear,no,no,no,no,no,False
100916503,METROPOLITAN NASHVILLE POLICE DEPT,20150726843,Davidson,Nashville,8/3/2015 7:50:00 AM,2,0,0,36.125280,-86.733880,I 440,,,,0.00,,,,,,,7.20,N,Not at Intersection, ,,None,,,         ,Ian,Hammond,,,no,no,no,no,no,False
100916505,METROPOLITAN NASHVILLE POLICE DEPT,20150726824,Davidson,Nashville,8/3/2015 7:36:00 AM,2,0,0,36.036340,-86.644840,I 24,,,,0.00,,,,,,,60.40,N,Not at Intersection, ,Non-Junction,None,,,         ,Brian,Lamb,Clear,Front to Rear,no,no,no,no,no,False
100916524,METROPOLITAN NASHVILLE POLICE DEPT,20150726978,Davidson,Nashville,8/3/2015 8:51:00 AM,2,0,0,36.121330,-86.750390,US HWY 31 ALT,,,,20.00,Feet,South,-- UNKNOWN RAMP/ROAD --,,,,0.00,N,Not at Intersection, ,,None,,,         ,Justin,Pinkelton,,,no,no,no,no,no,False
100916525,METROPOLITAN NASHVILLE POLICE DEPT,2015-0725002,Davidson,Nashville,8/2/2015 11:48:00 AM,2,0,0,36.154770,-86.779420,US HWY 41,,,,0.00,,,US HWY 31,,,,0.00,Y,Roundabout,N,Intersection-Related,None,,,         ,Allen,Bates,Clear,Angle,no,no,no,no,no,False
100916527,METROPOLITAN NASHVILLE POLICE DEPT,20150726950,Davidson,Nashville,8/3/2015 9:04:00 AM,2,0,0,36.234640,-86.810040,STATE HWY 155,,,,0.00,,,EXIT 19,,,,0.00,Y,OTHER, ,Entrance/Exit Ramp Related,None,,,         ,Richard,Olive,Clear,"Sideswipe, Same Direction",no,no,no,no,no,False
100916529,METROPOLITAN NASHVILLE POLICE DEPT,20150719910,Davidson,Madison,7/31/2015 12:45:00 PM,2,3,0,36.241520,-86.723290,US HWY 31E,,,,999.00,Feet,North,LAKEWOOD DR,,,,0.00,N,Not at Intersection,N,Non-Junction,None,,,         ,Brian,Otto,Clear,Front to Rear,no,no,no,no,no,False
100916534,METROPOLITAN NASHVILLE POLICE DEPT,2015-0720022,Davidson,Nashville,7/31/2015 1:35:00 PM,2,0,0,36.179040,-86.773700,I 24,,,,0.00,,,,,,,47.75,N,Not at Intersection, ,Non-Junction,None,,,         ,Coleman,Womack,Clear,Front to Rear,no,no,no,no,no,False
100916536,METROPOLITAN NASHVILLE POLICE DEPT,20150725090,Davidson,Nashville,8/2/2015 1:10:00 PM,2,0,0,36.042830,-86.713050,US HWY 31 ALT,,,,131.00,Feet,North,SWISS AVE,,,,0.00,N,Not at Intersection, ,Non-Junction,None,,,         ,Richard,Conger,Clear,Front to Rear,no,no,no,no,no,False
100916541,METROPOLITAN NASHVILLE POLICE DEPT,20150726958,Davidson,Nashville,8/3/2015 12:00:00 AM,1,0,0,36.069190,-86.691860,-- UNKNOWN RAMP/ROAD --,,,,0.00,,,I 24,,,,0.00,Y,OTHER,N,Non-Junction,None,,,         ,Brent,Hedgcoth,Clear,Not Collision with Motor Vehicle in Transport,no,no,no,no,yes,False
100916544,METROPOLITAN NASHVILLE POLICE DEPT,20150725144,Davidson,Nashville,8/2/2015 1:50:00 PM,2,0,0,36.081020,-86.726760,US HWY 31 ALT,,,,215.00,Feet,North,RAMP,,,,0.00,N,Not at Intersection,N,Non-Junction,None,,,         ,Jeffrey,Barfield,Clear,Angle,no,no,no,no,no,False
100916557,METROPOLITAN NASHVILLE POLICE DEPT,2015-0712290,Davidson,Not in City Limit,7/31/2015 7:30:00 AM,2,0,0,36.323690,-86.865840,I 24,,,,0.00,,,,,,,35.10,N,Not at Intersection,N,Non-Junction,None,,,         ,Darryl,Morton,Cloudy,"Sideswipe, Same Direction",no,no,no,no,no,False
100916565,METROPOLITAN NASHVILLE POLICE DEPT,2015725006,Davidson,Bellevue,8/2/2015 12:09:00 PM,2,0,0,36.075200,-86.939430,US HWY 70S,,,,302.00,Feet,East,BELLEVUE RD,,,,0.00,N,Not at Intersection, ,Non-Junction,None,,,         ,Jack,Crouch,Clear,Front to Rear,no,no,no,no,no,False
100916566,METROPOLITAN NASHVILLE POLICE DEPT,20150726969,Davidson,Nashville,8/3/2015 8:30:00 AM,2,0,0,36.153150,-86.765050,I 40,,,,0.00,,,,,,,210.70,N,Not at Intersection, ,Non-Junction,None,,,         ,Johnny,Crumby Jr.,Clear,"Sideswipe, Same Direction",no,no,no,no,no,False
100916569,METROPOLITAN NASHVILLE POLICE DEPT,20150726992,Davidson,Nashville,8/3/2015 8:50:00 AM,3,2,0,36.152270,-86.786870,I 40,,,,0.00,,,,,,,209.40,N,Not at Intersection,N,Non-Junction,None,,,         ,Joshua,Hollins,Clear,Front to Rear,no,no,no,no,no,False