master_record_number,agency,agency_tracking_number,county,city,collision_date,vehicles_involved,number_injured,number_dead,latitude,longitude,roadway_name,roadway_suffix,roadway_number,roadway_local_id,distance_from_reference,miles-feet_indicator,direction_from_reference,intersection_road_name,intersection_road_name_suffix,intersection_road_number,intersection_local_id,mile_marker,intersection_indicator,intersect_type,interchange_related_indicator,relation_to_junction,work_zone_type,construction_maintenance_zone,construction_maintenance_zone_location,fatal_case_number,officer_first_name,officer_last_name,weather_condition(s),manner_of_crash,pedestrian,bicycle,scooter,parking,hitrun,mou
100916580,METROPOLITAN NASHVILLE POLICE DEPT,20150727266,Davidson,Nashville,8/3/2015 10:41:00 AM,2,0,0,36.204980,-86.737600,GALLATIN PIKE,,,,0.00,,,MCGAVOCK PIKE,,,,0.00,Y,Four-Way,N,Intersection,None,,,         ,Eric,Westbrook,Clear,Angle,no,no,no,no,no,False
100916584,METROPOLITAN NASHVILLE POLICE DEPT,2015-0725191,Davidson,Nashville,8/2/2015 2:15:00 PM,2,0,0,36.159390,-86.780920,7TH AVE S,,,,0.00,,,US HWY 70,,,,0.00,Y,Four-Way, ,,None,,,         ,Allen,Bates,,,no,no,no,no,no,False
100916587,METROPOLITAN NASHVILLE POLICE DEPT,2015-0727342,Davidson,Nashville,8/3/2015 12:00:00 AM,2,0,0,36.105120,-86.814320,US HWY 431,,,,140.00,Feet,North,RICHARD JONES RD,,,,0.00,N,Not at Intersection,N,Non-Junction,None,,,         ,Walter,Gray II,Clear,Unknown,no,no,no,yes,yes,False
100916593,METROPOLITAN NASHVILLE POLICE DEPT,2015-0727346,Davidson,Not in City Limit,8/3/2015 11:10:00 AM,2,0,0,36.042840,-86.978340,MCCRORY LN,,,,0.00,,,INDIAN HILLS DR,,,,0.00,Y,T-Intersection,N,Intersection,None,,,         ,Curtis,Rich,Clear,Angle,no,no,no,no,no,False
100916594,Nashville Airport Police,2015-01711,Davidson,Nashville,8/3/2015 9:30:00 AM,2,0,0,0.000000,0.000000,TERMINAL DR,DR,SR1,,0.03,Miles,South,DONELSON PIKE,PIKE,SR,,255.00,N,Not at Intersection, ,Non-Junction,None,,,         ,Hardini,Carter,Clear,Angle,no,no,no,no,no,False
100916610,METROPOLITAN NASHVILLE POLICE DEPT,20150727136,Davidson,Nashville,8/3/2015 9:51:00 AM,2,0,0,36.082380,-86.762980,STATE HWY 255,,,,189.00,Feet,West,-- UNKNOWN RAMP/ROAD --,,,,0.00,N,Not at Intersection,N,Entrance/Exit Ramp Related,None,,,         ,Nathan,Kemp,Clear,Front to Rear,no,no,no,no,no,False
100916611,METROPOLITAN NASHVILLE POLICE DEPT,20150727316,Davidson,Nashville,8/3/2015 10:57:00 AM,2,0,0,36.126700,-86.806780,WESTWOOD AVE,,,,100.00,Feet,East,25TH AVE S,,,,0.00,N,Not at Intersection,N,Non-Junction,None,,,         ,Nathan,Kemp,Clear,Rear to Side,no,no,no,no,yes,False
100916613,METROPOLITAN NASHVILLE POLICE DEPT,20150727372,Davidson,Nashville,8/3/2015 12:00:00 AM,2,0,0,36.182480,-86.815960,24TH AVE N,,,,65.00,Feet,North,SEIFRIED ST,,,,0.00,N,Not at Intersection,N,Non-Junction,None,,,         ,Joshua,Baker,Unknown,"Sideswipe, Same Direction",no,no,no,no,yes,False
100916615,METROPOLITAN NASHVILLE POLICE DEPT,2015-0726881,Davidson,Nashville,8/3/2015 8:05:00 AM,3,0,0,36.172100,-86.767460,US HWY 31,,,,0.00,,,RAMP,,,,0.00,Y,OTHER,N,Non-Junction,None,,,         ,Coleman,Womack,Clear,Front to Rear,no,no,no,no,yes,False
100916629,METROPOLITAN NASHVILLE POLICE DEPT,2015-0727309,Davidson,Nashville,8/3/2015 10:55:00 AM,2,0,0,36.189400,-86.745890,SHARPE AVE,,,,0.00,,,GALLATIN AVE,,,,0.00,Y,Four-Way, ,Intersection,None,,,         ,Coleman,Womack,Clear,"Sideswipe, Same Direction",no,no,no,no,no,False
100916632,METROPOLITAN NASHVILLE POLICE DEPT,20150727421,Davidson,Nashville,8/3/2015 11:32:00 AM,2,0,0,36.146840,-86.779070,US HWY 31,,,,55.00,Feet,North,SOUTH ST,,,,0.00,N,Not at Intersection,N,Non-Junction,None,,,         ,Reuben,Hewit,Clear,"Sideswipe, Same Direction",no,no,no,no,yes,False
100916637,METROPOLITAN NASHVILLE POLICE DEPT,20150727325,Davidson,Nashville,8/3/2015 11:05:00 AM,2,0,0,36.075950,-86.759050,TROUSDALE DR,,,,165.00,Feet,North,RAMP,,,,0.00,N,Not at Intersection, ,Non-Junction,None,,,         ,Phillip,Murphy,Clear,"Sideswipe, Same Direction",no,no,no,no,no,False
100916638,METROPOLITAN NASHVILLE POLICE DEPT,20150726740,Davidson,Nashville,8/3/2015 6:54:00 AM,2,1,0,36.116770,-86.772420,-- UNKNOWN RAMP/ROAD --,,,,0.00,Feet,East,I 65,,,,0.00,N,Not at Intersection,Y,Non-Junction,None,,,         ,Phillip,Murphy,Clear,Front to Rear,no,no,no,no,no,False
100916644,METROPOLITAN NASHVILLE POLICE DEPT,20150727585,Davidson,Nashville,8/3/2015 12:39:00 PM,2,0,0,36.145490,-86.811460,US HWY 70S,,,,0.00,,,27TH AVE N,,,,0.00,Y,T-Intersection,N,Intersection,None,,,         ,Nathan,Kemp,Clear,Angle,no,no,no,no,no,Campus
100916647,METROPOLITAN NASHVILLE POLICE DEPT,20150727462,Davidson,Nashville,8/3/2015 11:52:00 AM,2,2,0,36.169060,-86.772200,S 1ST ST,,,,0.00,,,WOODLAND ST,,,,0.00,Y,Four-Way,N,Intersection,None,,,         ,Johnny,Crumby Jr.,Clear,Front to Rear,no,no,no,no,yes,False
100916663,METROPOLITAN NASHVILLE POLICE DEPT,2015-0727746,Davidson,Nashville,8/3/2015 12:55:00 PM,2,0,0,36.148270,-86.866550,US HWY 70,,,,252.00,Feet,East,BALMY AVE,,,,0.00,N,Not at Intersection, ,Non-Junction,None,,,         ,Curtis,Rich,Clear,Angle,no,no,no,yes,yes,False
100916669,METROPOLITAN NASHVILLE POLICE DEPT,20150727516,Davidson,Nashville,8/3/2015 12:05:00 PM,2,0,0,36.127670,-86.695700,STATE HWY 155,,,,150.00,Feet,North,INTERNATIONAL PLZ,,,,0.00,N,Not at Intersection, ,,None,,,         ,Justin,Franklin,,,no,no,no,no,no,False
100916675,METROPOLITAN NASHVILLE POLICE DEPT,20150727734,Davidson,Nashville,8/3/2015 1:00:00 PM,2,0,0,36.215560,-86.604860,SHUTE LN,,,,229.00,Feet,North,RAMP,,,,0.00,N,Not at Intersection, ,,None,,,         ,Phillip,Black,,,no,no,no,no,no,False
100916683,METROPOLITAN NASHVILLE POLICE DEPT,20150727714,Davidson,Nashville,8/3/2015 1:00:00 PM,2,1,0,36.172620,-86.601950,STATE HWY 45,,,,0.00,,,PRINCETON PL,,,,0.00,Y,OTHER,N,Non-Junction,None,,,         ,John,Anderson,Clear,HeadOn,no,no,no,yes,no,False
100916687,METROPOLITAN NASHVILLE POLICE DEPT,20150727572,Davidson,Nashville,8/3/2015 12:30:00 PM,3,2,0,0.000000,0.000000,10TH AVE SOUTH,,,,0.00,,,BROADWAY,,,,0.00,Y,Four-Way,N,Intersection,None,,,         ,Wesley,Henderson,Clear,Front to Rear,no,no,no,no,no,False
100916689,METROPOLITAN NASHVILLE POLICE DEPT,2015-0727591,Davidson,Nashville,8/3/2015 12:47:00 PM,2,0,0,36.152350,-86.848580,51ST AVE N,,,,145.00,Feet,North,US HWY 70,,,,0.00,N,Not at Intersection, ,Non-Junction,None,,,         ,Walter,Gray II,Clear,Angle,no,no,no,no,no,False
100916690,METROPOLITAN NASHVILLE POLICE DEPT,20150727663,Davidson,Nashville,8/3/2015 1:15:00 PM,2,1,0,36.086860,-86.696490,STATE HWY 255,,,,120.00,Feet,West,S PERIMETER PARK DR,,,,0.00,N,Not at Intersection,N,Non-Junction,None,,,         ,Brian,Lamb,Clear,Angle,no,no,no,no,yes,False
100916695,METROPOLITAN NASHVILLE POLICE DEPT,20150725495,Davidson,Not in City Limit,8/2/2015 6:08:00 PM,2,1,0,36.272550,-86.694620,ANDERSON LN,,,,0.00,,,MAY DR,,,,0.00,Y,Four-Way,N,Intersection,None,,,         ,Ryan,Sabel,Clear,Angle,no,no,no,no,no,False
100916703,METROPOLITAN NASHVILLE POLICE DEPT,20150713105,Davidson,Whites Creek,7/29/2015 2:20:00 PM,2,0,0,36.271830,-86.761460,STATE HWY 45,,,,0.00,,,MARYDALE DR,,,,0.00,Y,Four-Way,N,Intersection,None,,,         ,Nathan,Dungan,Clear,Angle,no,no,no,no,yes,False
100916706,METROPOLITAN NASHVILLE POLICE DEPT,20150727875,Davidson,Nashville,8/3/2015 2:41:00 PM,2,0,0,36.127660,-86.789120,12TH AVE S,,,,0.00,,,LINDEN AVE,,,,0.00,Y,T-Intersection,N,Intersection-Related,None,,,         ,Tien,Nguyen,Clear,"Sideswipe, Same Direction",no,no,no,no,yes,False
100916713,METROPOLITAN NASHVILLE POLICE DEPT,20150727857,Davidson,Nashville,8/3/2015 2:36:00 PM,2,0,0,36.187050,-86.631260,US HWY 70,,,,75.00,Feet,East,STATE HWY 265,,,,0.00,N,Not at Intersection, ,Non-Junction,None,,,         ,Christopher,Augustin,Clear,Front to Rear,no,no,no,no,no,False
100916719,METROPOLITAN NASHVILLE POLICE DEPT,20150727873,Davidson,Nashville,8/3/2015 2:30:00 PM,2,0,0,36.145870,-86.665790,ROYAL PKWY,,,,214.00,Feet,East,STATE HWY 255,,,,0.00,N,Not at Intersection,N,Non-Junction,None,,,         ,John,Kelley,Clear,Rear to Side,no,no,no,no,yes,False
100916723,METROPOLITAN NASHVILLE POLICE DEPT,20150725490,Davidson,Goodlettsville,8/2/2015 4:00:00 PM,2,0,0,36.303340,-86.692320,CONFERENCE DR,,,,350.00,Feet,North,US HWY 31E,,,,0.00,N,Not at Intersection,N,Non-Junction,None,,,         ,Nathan,Dungan,Clear,Unknown,no,no,no,yes,yes,False
100916731,BERRY HILL POLICE DEPT,15-3058,Davidson,Berry Hill,8/2/2015 8:33:00 PM,2,0,0,36.126190,-86.777110,US HWY 31,,,,0.00,,,CRAIGHEAD ST,,,,0.00,Y,T-Intersection,N,Intersection,None,,,         ,Greg,Colson,Clear,Front to Rear,no,no,no,no,yes,False
100916735,METROPOLITAN NASHVILLE POLICE DEPT,20150720278,Davidson,Nashville,7/31/2015 3:20:00 PM,2,0,0,36.268980,-86.754490,STATE HWY 45,,,,150.00,Feet,East,RAMP,,,,0.00,N,Not at Intersection, ,"Driveway, Alley Access, etc",None,,,         ,Nathan,Dungan,Clear,Angle,no,no,no,no,no,False
100916739,METROPOLITAN NASHVILLE POLICE DEPT,20150727871,Davidson,Nashville,8/3/2015 3:30:00 PM,2,0,0,36.105120,-86.602890,ANDERSON RD,,,,1096.00,Feet,South,COUCHVILLE PIKE,,,,0.00,N,Not at Intersection, ,,None,,,         ,Timothy,Mead,,,no,no,no,yes,no,False
100916741,METROPOLITAN NASHVILLE POLICE DEPT,20150727952,Davidson,Nashville,8/3/2015 2:10:00 PM,2,0,0,36.156250,-86.771530,2ND AVE S,,,,238.00,Feet,South,PEABODY ST,,,,0.00,N,Not at Intersection, ,Non-Junction,None,,,         ,Mikala,Moore,Clear,"Sideswipe, Same Direction",no,no,no,no,no,False
100916742,METROPOLITAN NASHVILLE POLICE DEPT,20150727511,Davidson,Madison,8/3/2015 11:45:00 AM,2,0,0,36.293980,-86.696600,MYATT DR,,,,75.00,Feet,North,SPRING BRANCH DR,,,,0.00,N,Not at Intersection, ,Non-Junction,None,,,         ,William,Coy,Clear,Angle,no,no,no,no,no,False
100916743,METROPOLITAN NASHVILLE POLICE DEPT,20150725796,Davidson,Nashville,8/2/2015 9:27:00 PM,2,2,0,36.158880,-86.782050,US HWY 31,,,,0.00,,,US HWY 70,,,,0.00,Y,Four-Way,N,Intersection,None,,,         ,Pedro,Rivera Chaparro,Clear,HeadOn,no,no,no,no,no,False
100916749,METROPOLITAN NASHVILLE POLICE DEPT,20150716965,Davidson,Madison,7/30/2015 4:00:00 PM,2,0,0,36.270660,-86.736520,I 65,,,,0.00,,,,,,,92.70,N,Not at Intersection, ,Non-Junction,None,,,         ,Nathan,Dungan,Clear,"Sideswipe, Same Direction",no,no,no,no,no,False
100916752,METROPOLITAN NASHVILLE POLICE DEPT,20150727859,Davidson,Nashville,8/3/2015 2:35:00 PM,1,0,0,36.165230,-86.762880,-- UNKNOWN RAMP/ROAD --,,,,0.00,Feet,East,I 24,,,,0.00,N,Not at Intersection,N,Non-Junction,None,,,         ,Kevin,Reynolds,Clear,Not Collision with Motor Vehicle in Transport,no,no,no,no,no,False
100916753,METROPOLITAN NASHVILLE POLICE DEPT,2015-0727724,Davidson,Nashville,8/3/2015 1:45:00 PM,2,0,0,36.144110,-86.697250,STATE HWY 155,,,,0.00,,,-- UNKNOWN RAMP/ROAD --,,,,0.00,Y,OTHER,Y,Entrance/Exit Ramp Related,None,,,         ,Keith,Covert,Clear,Other,no,no,no,no,no,False
100916761,BERRY HILL POLICE DEPT,15-3021,Davidson,Berry Hill,7/31/2015 12:40:00 PM,2,0,0,36.121110,-86.775300,US HWY 31,,,,99.00,Feet,South,KIRKWOOD AVE,,,,0.00,N,Not at Intersection, ,Non-Junction,None,,,         ,John,Gleixner,Clear,Angle,no,no,no,yes,no,False
100916765,METROPOLITAN NASHVILLE POLICE DEPT,20150718092,Davidson,Madison,7/30/2015 10:00:00 PM,1,1,0,36.279620,-86.708710,US HWY 31E,,,,75.00,Feet,North,MILE PKWY,,,,0.00,N,Not at Intersection,N,Non-Junction,None,,,         ,Nathan,Dungan,Clear,Not Collision with Motor Vehicle in Transport,no,yes,no,no,yes,False
100916771,METROPOLITAN NASHVILLE POLICE DEPT,20150727891,Davidson,Nashville,8/3/2015 2:35:00 PM,2,0,0,36.130210,-86.754740,POLK AVE,,,,81.00,Feet,East,US HWY 31 ALT,,,,0.00,N,Not at Intersection,N,Non-Junction,None,,,         ,Jessie,Meadows,Clear,Front to Rear,no,no,no,no,yes,False
100916774,METROPOLITAN NASHVILLE POLICE DEPT,2015-0728045,Davidson,Nashville,8/3/2015 3:14:00 PM,1,0,0,36.160520,-86.834540,ALAMEDA ST,,,,66.00,Feet,South,PRESTON TAYLOR PL,,,,0.00,N,Not at Intersection, ,Non-Junction,None,,,         ,Christopher,Clark,Clear,Not Collision with Motor Vehicle in Transport,no,no,no,no,no,False
100916777,METROPOLITAN NASHVILLE POLICE DEPT,20150728037,Davidson,Nashville,8/3/2015 3:51:00 PM,1,1,0,36.046520,-86.777070,I 65,,,,0.00,,,,,,,75.25,N,Not at Intersection,N,Non-Junction,None,,,         ,Tien,Nguyen,Clear,Not Collision with Motor Vehicle in Transport,no,no,no,no,no,False
100916779,METROPOLITAN NASHVILLE POLICE DEPT,20150728154,Davidson,Nashville,8/3/2015 4:20:00 PM,2,0,0,36.171370,-86.769000,INTERSTATE DR,,,,0.00,,,US HWY 31,,,,0.00,Y,Four-Way, ,,None,,,         ,Caleb,Rogan,,,no,no,no,no,no,False
100916784,THP District 9 - Administrative,315040002,Davidson,Nashville,8/3/2015 3:43:00 PM,2,0,0,36.164690,-86.781190,5TH AVE N,,,,95.00,Feet,North,UNION ST,,,,0.00,N,Not at Intersection, ,,None,,,         ,James,Johnson,,,no,no,no,yes,no,False
100916788,METROPOLITAN NASHVILLE POLICE DEPT,20150727954,Davidson,Nashville,8/3/2015 3:00:00 PM,2,0,0,36.127270,-86.814970,I 440,,,,0.00,,,,,,,2.20,N,Not at Intersection,N,Non-Junction,None,,,         ,Michael,Russell,Clear,"Sideswipe, Same Direction",no,no,no,no,yes,False
100916789,METROPOLITAN NASHVILLE POLICE DEPT,20150728015,Davidson,Nashville,8/3/2015 3:45:00 PM,1,0,0,36.188690,-86.821910,US HWY 41 ALT,,,,0.00,Feet,East,RAMP,,,,0.00,N,Not at Intersection,N,Non-Junction,None,,,         ,Victor,Alexander,Clear,Not Collision with Motor Vehicle in Transport,no,no,no,no,no,False
100916798,METROPOLITAN NASHVILLE POLICE DEPT,20150728168,Davidson,Nashville,8/3/2015 4:33:00 PM,2,0,0,36.187490,-86.689310,STATE HWY 155,,,,1011.00,Feet,South,TWO RIVERS PKWY,,,,0.00,N,Not at Intersection,N,Non-Junction,None,,,         ,Leslie,Hale,Clear,Front to Rear,no,no,no,no,no,False
100916806,METROPOLITAN NASHVILLE POLICE DEPT,20150728213,Davidson,Nashville,8/3/2015 4:40:00 PM,2,0,0,36.164120,-86.778010,CHURCH ST,,,,95.00,Feet,West,3RD AVE N,,,,0.00,N,Not at Intersection, ,,None,,,         ,Mikala,Moore,,,no,no,no,no,no,False
100916809,METROPOLITAN NASHVILLE POLICE DEPT,20150727929,Davidson,Antioch,8/3/2015 3:20:00 PM,2,0,0,36.015990,-86.620070,STATE HWY 171,,,,42.00,Feet,North,-- UNKNOWN RAMP/ROAD --,,,,0.00,N,Not at Intersection,N,Non-Junction,None,,,         ,Jessie,Meadows,Clear,Angle,no,no,no,no,yes,False
100916812,METROPOLITAN NASHVILLE POLICE DEPT,20150728228,Davidson,Nashville,8/3/2015 4:55:00 PM,2,0,0,36.038120,-86.783930,STATE HWY 254,,,,0.00,,,-- UNKNOWN RAMP/ROAD --,,,,0.00,Y,Four-Way,N,Intersection-Related,None,,,         ,Tien,Nguyen,Clear,Front to Rear,no,no,no,no,yes,False
100916813,METROPOLITAN NASHVILLE POLICE DEPT,20150728260,Davidson,Nashville,8/3/2015 5:07:00 PM,2,0,0,36.041490,-86.782470,I 65,,,,0.00,,,,,,,74.75,N,Not at Intersection,N,Non-Junction,None,,,         ,Tien,Nguyen,Clear,"Sideswipe, Same Direction",no,no,no,no,yes,False
100916815,METROPOLITAN NASHVILLE POLICE DEPT,20150713776,Davidson,Nashville,7/29/2015 6:28:00 PM,2,0,0,36.037590,-86.785870,STATE HWY 254,,,,67.00,Feet,North,US HWY 31,,,,0.00,N,Not at Intersection, ,Non-Junction,None,,,         ,Miguel,Garcia,Clear,Front to Rear,no,no,no,no,no,False
100916816,METROPOLITAN NASHVILLE POLICE DEPT,20150728252,Davidson,Nashville,8/3/2015 5:04:00 PM,2,0,0,36.153340,-86.750900,US HWY 70,,,,60.00,Feet,East,KEITH ST,,,,0.00,N,Not at Intersection, ,,None,,,         ,Bryan,Byrnes,,,no,no,no,no,no,False
100916819,METROPOLITAN NASHVILLE POLICE DEPT,20150728251,Davidson,Nashville,8/3/2015 5:36:00 PM,2,0,0,36.099830,-86.711260,I 24,,,,0.00,,,,,,,54.60,N,Not at Intersection,N,Non-Junction,None,,,         ,Jessie,Meadows,Clear,Front to Rear,no,no,no,no,no,False
100916821,METROPOLITAN NASHVILLE POLICE DEPT,20150727917,Davidson,Nashville,8/3/2015 2:50:00 PM,2,0,0,36.148330,-86.805560,US HWY 70S,,,,310.00,Feet,East,24TH AVE S,,,,0.00,N,Not at Intersection, ,"Driveway, Alley Access, etc",None,,,         ,Royce,McLester,Clear,Rear to Side,no,no,no,no,no,Campus
100916825,METROPOLITAN NASHVILLE POLICE DEPT,20150727463,Davidson,Nashville,8/3/2015 11:08:00 AM,2,0,0,36.172410,-86.794800,10TH AVE N,,,,0.00,Feet,East,JEFFERSON ST,,,,0.00,N,Not at Intersection, ,Non-Junction,None,,,         ,Ky,Luu,Clear,"Sideswipe, Same Direction",no,no,no,no,no,False
100916843,METROPOLITAN NASHVILLE POLICE DEPT,20150726834,Davidson,Nashville,8/3/2015 7:47:00 AM,2,0,0,36.172160,-86.795820,JEFFERSON ST,,,,0.00,,,WARREN ST,,,,0.00,Y,T-Intersection, ,Intersection,None,,,         ,Ky,Luu,Clear,"Sideswipe, Same Direction",no,no,no,no,no,False
100916844,GOODLETTSVILLE POLICE DEPT,15-29396,Davidson,Goodlettsville,8/3/2015 5:35:00 PM,2,0,0,36.303233,-86.698505,1000 RIVERGATE,PKWY,,,0.20,Miles,North,RIVERGATE,PKWY,,,0.00,N,Not at Intersection, ,Non-Junction,None,,,         ,Jeremy,Baker,Clear,Rear to Side,no,no,no,yes,no,False
100916849,METROPOLITAN NASHVILLE POLICE DEPT,20150728427,Davidson,Nashville,8/3/2015 6:19:00 PM,2,0,0,36.033290,-86.776540,CHURCH ST E,,,,160.00,Feet,East,CONNECTING ROAD,,,,0.00,N,Not at Intersection, ,Non-Junction,None,,,         ,Tien,Nguyen,Clear,Front to Rear,no,no,no,no,no,False
100916851,METROPOLITAN NASHVILLE POLICE DEPT,20150728476,Davidson,Nashville,8/3/2015 6:32:00 PM,2,0,0,36.101760,-86.744020,MCCLELLAN AVE,,,,325.00,Feet,West,SAINDON ST,,,,0.00,N,Not at Intersection, ,Non-Junction,None,,,         ,Peter,Knisley,Clear,Angle,no,no,no,no,no,False
100916863,METROPOLITAN NASHVILLE POLICE DEPT,20150727978,Davidson,Nashville,8/3/2015 3:28:00 PM,1,2,0,36.208870,-86.776290,EXIT 87,,,,0.00,,,I 65,,,,0.00,Y,Y-Intersection,Y,Entrance/Exit Ramp Related,Construction Zone,Other,Advanced Warning Area,         ,Christopher,Littles,Clear,Not Collision with Motor Vehicle in Transport,no,no,no,no,no,False
100916881,METROPOLITAN NASHVILLE POLICE DEPT,20150728406,Davidson,Nashville,8/3/2015 5:40:00 PM,2,0,0,36.154380,-86.759100,I 24,,,,0.00,,,,,,,49.85,N,Not at Intersection,N,Non-Junction,None,,,         ,Mikala,Moore,Clear,"Sideswipe, Same Direction",no,no,no,no,no,False
100916882,METROPOLITAN NASHVILLE POLICE DEPT,20150728198,Davidson,Nashville,8/3/2015 4:43:00 PM,2,1,0,36.185510,-86.817150,CLARKSVILLE PIKE,,,,0.00,,,25TH AVE N,,,,0.00,Y,Four-Way,N,Intersection,None,,,         ,Brian,Dugre,Clear,Angle,no,no,no,no,no,False
100916883,METROPOLITAN NASHVILLE POLICE DEPT,20150728193,Davidson,Nashville,8/3/2015 4:36:00 PM,2,0,0,0.000000,0.000000,636 OLD HICKORY BLVD,,,,20.00,Feet,North,TIDWELL RD,,,,0.00,N,Not at Intersection,N,Non-Junction,None,,,         ,Jeremy,Huffine,Clear,Angle,no,no,no,yes,yes,False
100916884,METROPOLITAN NASHVILLE POLICE DEPT,20150728534,Davidson,Not in City Limit,8/3/2015 7:05:00 PM,2,0,0,36.325740,-86.868650,RAMP,,,,0.00,,,I 24,,,,0.00,Y,T-Intersection, ,Intersection,None,,,         ,Tina,Wiggs,Clear,Front to Rear,no,no,no,no,no,False
100916893,METROPOLITAN NASHVILLE POLICE DEPT,20150723046,Davidson,Nashville,8/1/2015 4:40:00 PM,2,0,0,36.204710,-86.751220,E TRINITY LN,,,,14.00,Feet,West,PITTWAY DR,,,,0.00,N,Not at Intersection, ,Unknown,None,,,         ,Jeremy,King,Clear,Front to Rear,no,no,no,no,no,False
100916896,METROPOLITAN NASHVILLE POLICE DEPT,20150728450,Davidson,Nashville,8/3/2015 4:30:00 PM,1,1,0,36.199630,-86.740610,DELMAS AVE,,,,0.00,,,GALLATIN PIKE,,,,0.00,Y,T-Intersection,N,Intersection,None,,,         ,Kelly,Cantrell,Clear,Not Collision with Motor Vehicle in Transport,no,yes,no,no,no,False
100916917,METROPOLITAN NASHVILLE POLICE DEPT,20150725801,Davidson,Nashville,8/2/2015 9:15:00 PM,1,0,0,36.231290,-86.795100,EWING DR,,,,0.00,,,,,,,0.00,,Not at Intersection,N,Non-Junction,None,,,         ,Victor,Alexander,Clear,Not Collision with Motor Vehicle in Transport,no,no,no,no,yes,False
100916926,METROPOLITAN NASHVILLE POLICE DEPT,20150728369,Davidson,Nashville,8/3/2015 5:55:00 PM,2,0,0,36.109930,-86.766630,POWELL AVE,,,,250.00,Feet,South,BRANSFORD AVE,,,,0.00,N,Not at Intersection, ,"Driveway, Alley Access, etc",None,,,         ,Clyde,Stambaugh,Clear,Angle,no,no,no,no,no,False
100916931,METROPOLITAN NASHVILLE POLICE DEPT,20150728179,Davidson,Nashville,8/3/2015 4:37:00 PM,2,1,0,36.189140,-86.820600,US HWY 41 ALT,,,,0.00,,,RAMP,,,,0.00,Y,Y-Intersection,N,Non-Junction,None,,,         ,James,Wray,Clear,Front to Rear,no,no,no,no,no,False
100916942,METROPOLITAN NASHVILLE POLICE DEPT,20150728880,Davidson,Nashville,8/3/2015 9:21:00 PM,2,0,0,36.184140,-86.610320,ANDREW JACKSON PKWY,,,,95.00,Feet,North,RAMP,,,,0.00,N,Not at Intersection,N,Non-Junction,None,,,         ,Shawn,Taylor,Clear,Angle,no,no,no,no,no,False
100916943,METROPOLITAN NASHVILLE POLICE DEPT,20150728719,Davidson,Nashville,8/3/2015 8:20:00 PM,2,0,0,36.141050,-86.717480,I 40,,,,0.00,,,,,,,213.80,N,Not at Intersection,N,Non-Junction,None,,,         ,Felipe,Pereira,Clear,Not Collision with Motor Vehicle in Transport,no,no,no,no,yes,False
100916946,METROPOLITAN NASHVILLE POLICE DEPT,20150728626,Davidson,Nashville,8/3/2015 7:40:00 PM,1,1,0,36.234460,-86.745850,-- UNKNOWN RAMP/ROAD --,,,,0.00,Feet,East,US HWY 31E,,,,0.00,N,Not at Intersection,N,Non-Junction,None,,,         ,Jeremy,King,Clear,Not Collision with Motor Vehicle in Transport,no,no,no,no,no,False
100916954,METROPOLITAN NASHVILLE POLICE DEPT,20150728264,Davidson,Nashville,8/3/2015 5:08:00 PM,2,1,0,36.167240,-86.787170,US HWY 41 ALT,,,,0.00,,,US HWY 31,,,,0.00,Y,Four-Way,N,Non-Junction,None,,,         ,Ethan,Luffman,Clear,Front to Rear,no,no,no,no,no,False
100916955,METROPOLITAN NASHVILLE POLICE DEPT,20150728398,Davidson,Nashville,8/3/2015 6:10:00 PM,2,0,0,36.175610,-86.782220,1ST AVE N,,,,0.00,,,SPRING ST,,,,0.00,Y,Four-Way, ,,None,,,         ,Ethan,Luffman,,,no,no,no,no,no,False
100916960,METROPOLITAN NASHVILLE POLICE DEPT,20150727923,Davidson,Nashville,8/3/2015 3:08:00 PM,2,3,0,36.059500,-86.668650,MOSS RD,,,,6.00,Feet,South,UNA ANTIOCH PIKE,,,,0.00,N,Not at Intersection,N,Non-Junction,None,,,         ,William,Durham,Clear,Angle,no,no,no,no,yes,False
100916961,METROPOLITAN NASHVILLE POLICE DEPT,20150728093,Davidson,Nashville,8/3/2015 3:26:00 PM,2,0,0,36.081140,-86.726790,US HWY 31 ALT,,,,258.00,Feet,North,RAMP,,,,0.00,N,Not at Intersection,N,Non-Junction,None,,,         ,William,Durham,Clear,"Sideswipe, Same Direction",no,no,no,yes,yes,False
100916962,METROPOLITAN NASHVILLE POLICE DEPT,20150728245,Davidson,Nashville,8/3/2015 4:00:00 PM,2,0,0,36.133610,-86.727110,-- UNKNOWN RAMP/ROAD --,,,,0.00,Feet,East,I 24,,,,0.00,N,Not at Intersection,N,Non-Junction,None,,,         ,William,Durham,Clear,Front to Rear,no,no,no,no,yes,False
100916979,METROPOLITAN NASHVILLE POLICE DEPT,20150726245,Davidson,Nashville,8/2/2015 11:20:00 PM,3,0,0,36.054210,-86.675070,SHACKLETT LANE CT,,,,0.00,,,,,,,0.00,,,N,Non-Junction,None,,,         ,Joshua,Vaughn,Clear,Angle,no,no,no,yes,yes,False
100917024,METROPOLITAN NASHVILLE POLICE DEPT,20150722107,Davidson,Nashville,8/1/2015 3:39:00 AM,2,0,0,36.060330,-86.695660,COLEMONT DR,,,,90.00,Feet,West,KEELEY DR,,,,0.00,N,Not at Intersection,N,Non-Junction,None,,,         ,Wallis,Massey,Clear,HeadOn,no,no,no,yes,yes,False