master_record_number,agency,agency_tracking_number,county,city,collision_date,vehicles_involved,number_injured,number_dead,latitude,longitude,roadway_name,roadway_suffix,roadway_number,roadway_local_id,distance_from_reference,miles-feet_indicator,direction_from_reference,intersection_road_name,intersection_road_name_suffix,intersection_road_number,intersection_local_id,mile_marker,intersection_indicator,intersect_type,interchange_related_indicator,relation_to_junction,work_zone_type,construction_maintenance_zone,construction_maintenance_zone_location,fatal_case_number,officer_first_name,officer_last_name,weather_condition(s),manner_of_crash,pedestrian,bicycle,scooter,parking,hitrun,mou
100917035,METROPOLITAN NASHVILLE POLICE DEPT,20150729716,Davidson,Nashville,8/4/2015 3:30:00 AM,1,0,0,36.078480,-86.769570,LAMBERT DR,,,,269.00,Feet,East,BRINDLEY DR,,,,0.00,N,Not at Intersection, ,Non-Junction,None,,,         ,Jason,Thomas,Clear,Not Collision with Motor Vehicle in Transport,no,no,no,yes,no,False
100917051,METROPOLITAN NASHVILLE POLICE DEPT,20150729746,Davidson,Not in City Limit,8/4/2015 12:22:00 AM,1,0,0,36.166270,-86.931330,OLD HICKORY BLVD,,,,0.00,,,CLEECES FERRY RD,,,,0.00,Y,OTHER, ,Non-Junction,None,,,         ,Roy,McElwee,Clear,Not Collision with Motor Vehicle in Transport,no,no,no,no,no,False
100917056,METROPOLITAN NASHVILLE POLICE DEPT,20150729941,Davidson,Nashville,8/4/2015 5:59:00 AM,2,1,0,36.205990,-86.774430,-- UNKNOWN RAMP/ROAD --,,,,0.00,Feet,East,US HWY 431,,,,0.00,N,Not at Intersection,Y,Entrance/Exit Ramp Related,None,,,         ,Joshua,Lefler,Cloudy,Front to Rear,no,no,no,no,yes,False
100917064,METROPOLITAN NASHVILLE POLICE DEPT,20150729403,Davidson,Nashville,8/4/2015 12:51:00 AM,2,0,0,36.233580,-86.768540,CREEKWOOD DR,,,,0.00,,,PARK CREEK DR,,,,0.00,Y,OTHER,N,Non-Junction,None,,,         ,Brian,Mclarty,Clear,Other,no,no,no,yes,yes,False
100917065,METROPOLITAN NASHVILLE POLICE DEPT,20150729207,Davidson,Nashville,8/3/2015 11:40:00 PM,1,2,0,36.208790,-86.819150,BUENA VISTA PIKE,,,,38.00,Feet,South,SHAWNWOOD CIR,,,,0.00,N,Not at Intersection,N,Non-Junction,None,,,         ,Benjamin,Spees,Clear,Not Collision with Motor Vehicle in Transport,no,no,no,no,no,False
100917068,METROPOLITAN NASHVILLE POLICE DEPT,20150727669,Davidson,Antioch,8/3/2015 12:47:00 PM,2,0,0,36.017400,-86.607280,CORPORATE PL,,,,0.00,Feet,,HEIL QUAKER BLVD,,,,0.00,Y,Four-Way,Y,Intersection,None,,,         ,Steven,Snitzer,Clear,Angle,no,no,no,no,no,False
100917074,METROPOLITAN NASHVILLE POLICE DEPT,20150729957,Davidson,Nashville,8/4/2015 6:03:00 AM,2,0,0,36.080330,-86.685710,ANTIOCH PIKE,,,,0.00,,,FRANKLIN LIMESTONE RD,,,,0.00,Y,Four-Way, ,,None,,,         ,William,Williams,,,no,no,no,no,no,False
100917085,METROPOLITAN NASHVILLE POLICE DEPT,2015-0729633,Davidson,Nashville,8/4/2015 3:07:00 AM,1,9,0,36.238240,-86.782910,STATE HWY 155,,,,0.00,,,EXIT 18A,,,,0.00,Y,OTHER,Y,Entrance/Exit Ramp Related,None,,,         ,John,Joyce,Clear,Not Collision with Motor Vehicle in Transport,no,no,no,no,no,False
100917087,METROPOLITAN NASHVILLE POLICE DEPT,20150730034,Davidson,Nashville,8/4/2015 6:50:00 AM,2,0,0,36.142430,-86.666520,RAMP,,,,0.00,,,I 40,,,,0.00,Y,OTHER, ,,None,,,         ,James,Curtis,,,no,no,no,no,no,False
100917103,METROPOLITAN NASHVILLE POLICE DEPT,2015-0727769,Davidson,Nashville,8/3/2015 1:50:00 PM,2,0,0,36.213980,-86.764370,US HWY 31W,,,,0.00,,,ROCK ST,,,,0.00,Y,T-Intersection,N,Intersection-Related,None,,,         ,Coleman,Womack,Clear,Front to Rear,no,no,no,no,yes,False
100917110,METROPOLITAN NASHVILLE POLICE DEPT,2015-0730220,Davidson,Nashville,8/4/2015 8:40:00 AM,2,0,0,36.149500,-86.860630,US HWY 70,,,,211.00,Feet,West,OCEOLA AVE,,,,0.00,N,Not at Intersection, ,Non-Junction,None,,,         ,Curtis,Rich,Clear,Angle,no,no,no,no,no,False
100917112,METROPOLITAN NASHVILLE POLICE DEPT,20150728297,Davidson,Nashville,8/3/2015 5:16:00 PM,2,0,0,36.151660,-86.857670,-- UNKNOWN RAMP/ROAD --,,,,0.00,,,I 40,,,,0.00,Y,OTHER, ,,None,,,         ,Michael,Wilson,,,no,no,no,no,no,False
100917121,METROPOLITAN NASHVILLE POLICE DEPT,20150730117,Davidson,Nashville,8/4/2015 7:33:00 AM,3,0,0,36.084480,-86.704820,STATE HWY 255,,,,331.00,Feet,East,EISENHOWER DR,,,,0.00,N,Not at Intersection,N,Non-Junction,None,,,         ,Steven,Snitzer,Clear,Front to Rear,no,no,no,no,yes,False
100917127,METROPOLITAN NASHVILLE POLICE DEPT,20150730061,Davidson,Nashville,8/4/2015 7:12:00 AM,2,1,0,36.041210,-86.776100,STATE HWY 254,,,,0.00,,,BRENTWOOD COMMONS WAY,,,,0.00,Y,Four-Way,N,Intersection,None,,,         ,Nathan,Kemp,Clear,Angle,no,no,no,no,no,False
100917128,METROPOLITAN NASHVILLE POLICE DEPT,20150730164,Davidson,Nashville,8/4/2015 7:54:00 AM,3,0,0,36.105760,-86.767450,I 65,,,,0.00,,,,,,,79.50,N,Not at Intersection,N,Non-Junction,None,,,         ,Nathan,Kemp,Clear,Front to Rear,no,no,no,no,no,False
100917133,METROPOLITAN NASHVILLE POLICE DEPT,20150730226,Davidson,Nashville,8/4/2015 8:25:00 AM,2,0,0,36.016600,-86.617810,FIRESTONE PKWY,,,,552.00,Feet,West,GOULD BLVD,,,,0.00,N,Not at Intersection, ,Non-Junction,None,,,         ,Julius,Gallon,Clear,"Sideswipe, Opposite Direction",no,no,no,no,no,False
100917136,METROPOLITAN NASHVILLE POLICE DEPT,20150730291,Davidson,Nashville,8/4/2015 8:50:00 AM,2,0,0,36.080330,-86.685710,FRANKLIN LIMESTONE RD,,,,0.00,,,ANTIOCH PIKE,,,,0.00,Y,Four-Way, ,,None,,,         ,Christopher,Hanor,,,no,no,no,no,no,False
100917145,METROPOLITAN NASHVILLE POLICE DEPT,20150730172,Davidson,Nashville,8/4/2015 8:00:00 AM,2,0,0,36.213690,-86.734680,BURRUS ST,,,,339.00,Feet,East,HILLTOP AVE,,,,0.00,N,Not at Intersection, ,Non-Junction,None,,,         ,Adam,Gartner,Clear,Other,no,no,no,no,no,False
100917152,METROPOLITAN NASHVILLE POLICE DEPT,20150730277,Davidson,Not in City Limit,8/4/2015 9:05:00 AM,2,0,0,36.262820,-86.680950,STATE HWY 45,,,,0.00,,,RIO VISTA DR,,,,0.00,Y,Four-Way, ,Intersection-Related,None,,,         ,William,Coy,Clear,Front to Rear,no,no,no,no,yes,False
100917155,METROPOLITAN NASHVILLE POLICE DEPT,20150727510,Davidson,Madison,8/3/2015 12:02:00 PM,2,0,0,0.000000,0.000000,3837 DICKERSON PIKE,,,,1.00,Feet,South,,,,,1.00,N,Not at Intersection, ,Non-Junction,None,,,         ,Faye,Denson,Clear,Angle,no,no,no,no,no,False
100917156,METROPOLITAN NASHVILLE POLICE DEPT,20150730268,Davidson,Nashville,8/4/2015 8:58:00 AM,3,1,0,36.040070,-86.782390,I 65,,,,0.00,,,,,,,74.70,N,Not at Intersection,N,Non-Junction,None,,,         ,Nathan,Kemp,Clear,"Sideswipe, Same Direction",no,no,no,no,no,False
100917160,METROPOLITAN NASHVILLE POLICE DEPT,20150730467,Davidson,Nashville,8/4/2015 10:30:00 AM,1,0,0,36.071940,-86.691260,I 24,,,,0.00,,,,,,,56.80,N,Not at Intersection, ,,None,,,         ,Kenneth,Alexandrow,,,no,no,no,no,no,False
100917164,METROPOLITAN NASHVILLE POLICE DEPT,2015-0730426,Davidson,Not in City Limit,8/4/2015 10:00:00 AM,2,0,0,36.043750,-86.958860,STATE HWY 100,,,,0.00,,,COLLINS RD,,,,0.00,Y,Four-Way,N,Intersection,None,,,         ,Curtis,Rich,Cloudy,Front to Rear,no,no,no,no,no,False
100917166,VANDERBILT UNIVERSITY POLICE,15-0730423,Davidson,Nashville,8/4/2015 10:00:00 AM,2,0,0,36.139350,-86.806120,CHILDRENS WAY,,,,0.00,,,,,,,0.00,,, ,Non-Junction,None,,,         ,Jason,Bates,Clear,Angle,no,no,no,yes,no,Campus
100917170,METROPOLITAN NASHVILLE POLICE DEPT,2015-0726732,Davidson,Nashville,8/3/2015 6:30:00 AM,2,0,0,36.090270,-86.681250,EZELL PIKE,,,,472.00,Feet,South,AIRPARK CENTER DR,,,,0.00,N,Not at Intersection, ,Non-Junction,None,,,         ,William,Whitworth,Clear,"Sideswipe, Opposite Direction",no,no,no,yes,no,False
100917171,METROPOLITAN NASHVILLE POLICE DEPT,2015-0727453,Davidson,Nashville,8/3/2015 11:50:00 AM,2,0,0,36.044380,-86.661540,CANE RIDGE RD,,,,0.00,,,TARGET DR,,,,0.00,Y,T-Intersection,N,Intersection,None,,,         ,William,Whitworth,Clear,"Sideswipe, Same Direction",no,no,no,no,no,False
100917172,METROPOLITAN NASHVILLE POLICE DEPT,2015-0727695,Davidson,Nashville,8/3/2015 1:27:00 PM,1,1,0,36.118010,-86.723340,OLD GLENROSE AVE,,,,606.00,Feet,West,WIMPOLE DR,,,,0.00,N,Not at Intersection,N,Non-Junction,None,,,         ,William,Whitworth,Clear,Not Collision with Motor Vehicle in Transport,no,no,no,no,yes,False
100917173,METROPOLITAN NASHVILLE POLICE DEPT,2015-0730021,Davidson,Antioch,8/4/2015 6:41:00 AM,2,0,0,36.059240,-86.597040,STATE HWY 171,,,,320.00,Feet,North,HAMILTON CHURCH RD,,,,0.00,N,Not at Intersection, ,Non-Junction,None,,,         ,William,Whitworth,Clear,Front to Rear,no,no,no,no,no,False
100917176,METROPOLITAN NASHVILLE POLICE DEPT,20150727503,Davidson,Nashville,8/3/2015 12:10:00 PM,2,0,0,36.232260,-86.624690,STATE HWY 45,,,,0.00,,,SHUTE LN,,,,0.00,Y,T-Intersection, ,Intersection,None,,,         ,James,Curtis,Clear,Front to Rear,no,no,no,no,no,False
100917180,METROPOLITAN NASHVILLE POLICE DEPT,20150726927,Davidson,Nashville,8/3/2015 12:00:00 AM,2,0,0,36.170010,-86.703030,DEARBORN DR,,,,335.00,Feet,South,DONELSON HILLS DR,,,,0.00,N,Not at Intersection,N,Non-Junction,None,,,         ,James,Curtis,Unknown,"Sideswipe, Opposite Direction",no,no,no,no,yes,False
100917194,METROPOLITAN NASHVILLE POLICE DEPT,2015-0730375,Davidson,Nashville,8/4/2015 12:00:00 AM,2,0,0,36.157990,-86.784180,US HWY 70,,,,0.00,,,10TH AVE N,,,,0.00,,OTHER, ,Unknown,None,,,         ,Dale,Tomlin,Clear,Angle,no,no,no,yes,yes,False
100917199,METROPOLITAN NASHVILLE POLICE DEPT,2015-0730489,Davidson,Nashville,8/4/2015 10:30:00 AM,2,0,0,36.078670,-87.038330,I 40,,,,0.00,,,,,,,191.50,N,Not at Intersection,N,Entrance/Exit Ramp Related,None,,,         ,Walter,Gray II,Clear,"Sideswipe, Same Direction",no,no,no,no,yes,False
100917211,METROPOLITAN NASHVILLE POLICE DEPT,2015-0726500,Davidson,Not in City Limit,8/3/2015 12:00:00 AM,1,0,0,36.074040,-86.972210,I 40,,,,0.00,,,,,,,195.30,N,Not at Intersection,N,Non-Junction,None,,,         ,Joel,Callies,Clear,Not Collision with Motor Vehicle in Transport,no,no,no,no,no,False
100917215,METROPOLITAN NASHVILLE POLICE DEPT,20150730661,Davidson,Nashville,8/4/2015 11:44:00 AM,2,1,0,36.040610,-86.771190,STATE HWY 254,,,,37.00,Feet,West,VALLEY VIEW RD,,,,0.00,N,Not at Intersection,N,Non-Junction,None,,,         ,Nathan,Kemp,Clear,Front to Rear,no,no,no,no,no,False
100917223,METROPOLITAN NASHVILLE POLICE DEPT,20150727633,Davidson,Nashville,8/3/2015 12:46:00 PM,2,0,0,36.152960,-86.789900,DEMONBREUN ST,,,,32.00,Feet,East,CONNECTING ROAD,,,,0.00,N,Not at Intersection, ,Non-Junction,None,,,         ,Joshua,Dickall,Clear,Angle,no,no,no,no,no,False
100917231,METROPOLITAN NASHVILLE POLICE DEPT,20150730447,Davidson,Nashville,8/4/2015 9:44:00 AM,2,0,0,36.157470,-86.826420,34TH AVE N,,,,114.00,Feet,North,INDIANA AVE,,,,0.00,N,Not at Intersection, ,"Driveway, Alley Access, etc",None,,,         ,Michael,Parman,Cloudy,Rear to Side,no,no,no,no,no,False
100917234,METROPOLITAN NASHVILLE POLICE DEPT,20150730466,Davidson,Nashville,8/4/2015 10:25:00 AM,3,0,0,36.075630,-86.693530,I 24,,,,0.00,,,,,,,56.50,N,Not at Intersection,N,Non-Junction,None,,,         ,Christopher,Hanor,Clear,Not Collision with Motor Vehicle in Transport,no,no,no,no,no,False
100917239,METROPOLITAN NASHVILLE POLICE DEPT,20150730216,Davidson,Nashville,8/4/2015 8:40:00 AM,2,2,0,36.206620,-86.777390,US HWY 431,,,,150.00,Feet,East,BRICK CHURCH PIKE,,,,0.00,N,Not at Intersection,N,Non-Junction,None,,,         ,Jessie,Loy,Clear,Front to Rear,no,no,no,no,no,False
100917243,METROPOLITAN NASHVILLE POLICE DEPT,20150730669,Davidson,Madison,8/4/2015 11:40:00 AM,2,0,0,36.264470,-86.731940,STATE HWY 45,,,,88.00,Feet,East,N GRAYCROFT AVE,,,,0.00,N,Not at Intersection,N,Non-Junction,None,,,         ,Brian,Otto,Clear,Front to Rear,no,no,no,no,no,False
100917250,METROPOLITAN NASHVILLE POLICE DEPT,20150730798,Davidson,Nashville,8/4/2015 1:09:00 PM,3,0,0,36.111570,-86.792160,STATE HWY 155,,,,141.00,Feet,East,GRANNY WHITE PIKE,,,,0.00,N,Not at Intersection, ,,None,,,         ,Nathan,Kemp,,,no,no,no,no,no,False
100917266,BERRY HILL POLICE DEPT,15-3083,Davidson,Berry Hill,8/4/2015 1:00:00 PM,2,0,0,36.121390,-86.775410,US HWY 31,,,,74.00,Feet,North,KIRKWOOD AVE,,,,0.00,N,Not at Intersection, ,Non-Junction,None,,,         ,Ray,Ferguson,Clear,Angle,no,no,no,no,no,False
100917368,METROPOLITAN NASHVILLE POLICE DEPT,20150727950,Davidson,Antioch,8/3/2015 3:23:00 PM,4,1,0,36.013710,-86.620610,STATE HWY 171,,,,122.00,Feet,North,-- UNKNOWN RAMP/ROAD --,,,,0.00,N,Not at Intersection,N,Non-Junction,None,,,         ,Jessie,Meadows,Clear,Front to Rear,no,no,no,no,yes,False
100917369,METROPOLITAN NASHVILLE POLICE DEPT,20150731040,Davidson,Nashville,8/4/2015 3:12:00 PM,2,0,0,36.110720,-86.714110,STATE HWY 155,,,,221.00,Feet,West,RAMP,,,,0.00,N,Not at Intersection, ,,None,,,         ,Jessie,Meadows,,,no,no,no,no,no,False
100917382,METROPOLITAN NASHVILLE POLICE DEPT,20150731054,Davidson,Nashville,8/4/2015 3:00:00 PM,2,0,0,36.145510,-86.666590,STATE HWY 255,,,,100.00,Feet,North,SHACKLETT DR,,,,0.00,N,Not at Intersection, ,Non-Junction,None,,,         ,John,Kelley,Clear,Front to Rear,no,no,no,no,no,False
100917388,METROPOLITAN NASHVILLE POLICE DEPT,20150731190,Davidson,Nashville,8/4/2015 3:47:00 PM,2,0,0,36.248160,-86.724700,FREDA VLG,,,,50.00,Feet,South,DUE WEST AVE W,,,,0.00,N,Not at Intersection,N,Non-Junction,None,,,         ,Samuel,Miller,Clear,Angle,no,no,no,no,no,False
100917389,METROPOLITAN NASHVILLE POLICE DEPT,20150731296,Davidson,Nashville,8/4/2015 4:28:00 PM,2,0,0,36.238100,-86.783030,-- UNKNOWN RAMP/ROAD --,,,,0.00,Feet,East,I 24,,,,0.00,N,Not at Intersection, ,Non-Junction,None,,,         ,Samuel,Miller,Clear,Front to Rear,no,no,no,no,no,False
100917391,METROPOLITAN NASHVILLE POLICE DEPT,20150730989,Davidson,Nashville,8/4/2015 2:09:00 PM,2,0,0,36.155640,-86.789710,14TH AVE,,,,0.00,,,US HWY 70,,,,0.00,Y,Four-Way, ,Intersection-Related,None,,,         ,Tien,Nguyen,Clear,Angle,no,no,no,no,no,False
100917392,METROPOLITAN NASHVILLE POLICE DEPT,20150731111,Davidson,Nashville,8/4/2015 3:23:00 PM,2,0,0,36.125790,-86.765880,BRANSFORD AVE,,,,0.00,,,CRAIGHEAD ST,,,,0.00,Y,Four-Way, ,Intersection-Related,None,,,         ,Tien,Nguyen,Clear,Front to Rear,no,no,no,no,no,False
100917393,METROPOLITAN NASHVILLE POLICE DEPT,20150731259,Davidson,Nashville,8/4/2015 4:11:00 PM,2,0,0,36.149620,-86.798020,US HWY 431,,,,0.00,,,20TH AVE S,,,,0.00,Y,T-Intersection, ,Intersection-Related,None,,,         ,Tien,Nguyen,Clear,"Sideswipe, Same Direction",no,no,no,no,no,Campus
100917394,METROPOLITAN NASHVILLE POLICE DEPT,20150731379,Davidson,Nashville,8/4/2015 4:16:00 PM,2,0,0,36.153240,-86.792220,16TH AVE S,,,,0.00,,,MCGAVOCK ST,,,,0.00,Y,Four-Way,N,Intersection-Related,None,,,         ,Tien,Nguyen,Clear,Angle,no,no,no,no,no,False
100917395,METROPOLITAN NASHVILLE POLICE DEPT,20150731499,Davidson,Nashville,8/4/2015 5:32:00 PM,2,0,0,36.120710,-86.795100,CEDAR LN,,,,0.00,,,BELMONT BLVD,,,,0.00,Y,Four-Way, ,Intersection-Related,None,,,         ,Tien,Nguyen,Clear,Front to Rear,no,no,no,no,no,False
100917396,METROPOLITAN NASHVILLE POLICE DEPT,20150731612,Davidson,Nashville,8/4/2015 6:16:00 PM,2,1,0,36.204010,-86.742290,E TRINITY LN,,,,238.00,Feet,East,DOZIER PL,,,,0.00,N,Not at Intersection,N,Non-Junction,None,,,         ,Terence,Maahs,Clear,HeadOn,no,no,no,no,no,False
100917397,METROPOLITAN NASHVILLE POLICE DEPT,2015-0730630,Davidson,Nashville,8/4/2015 11:37:00 AM,2,1,0,36.109370,-86.813880,CRESTMOOR RD,,,,438.00,Feet,East,GREEN HILLS VILLAGE DR,,,,0.00,N,Not at Intersection,N,"Driveway, Alley Access, etc",None,,,         ,Walter,Gray II,Clear,Angle,no,no,no,no,no,False
100917402,METROPOLITAN NASHVILLE POLICE DEPT,20150731649,Davidson,Nashville,8/4/2015 6:11:00 PM,2,0,0,36.105650,-86.671740,US HWY 41,,,,0.00,,,STATE HWY 255,,,,0.00,Y,T-Intersection,N,Intersection,None,,,         ,Michael,Apsey,Clear,Angle,no,no,no,no,no,False
100917408,METROPOLITAN NASHVILLE POLICE DEPT,20150731566,Davidson,Nashville,8/4/2015 5:50:00 PM,2,0,0,36.145710,-86.741550,I 40,,,,0.00,,,,,,,212.20,N,Not at Intersection, ,Non-Junction,None,,,         ,John,Kelley,Clear,Front to Rear,no,no,no,no,no,False
100917410,GOODLETTSVILLE POLICE DEPT,15-29508,Davidson,Goodlettsville,8/4/2015 3:55:00 PM,3,0,0,36.314580,-86.698870,CONFERENCE DR,,,,0.00,,,WINDSOR GREEN BLVD,,,,0.00,Y,T-Intersection, ,Intersection-Related,None,,,         ,Brian,Hajdu,Cloudy,"Sideswipe, Same Direction",no,no,no,no,no,False
100917415,METROPOLITAN NASHVILLE POLICE DEPT,20150731354,Davidson,Nashville,8/4/2015 4:40:00 PM,2,0,0,36.184330,-86.754550,CLEVELAND ST,,,,22.00,Feet,West,MCFERRIN AVE,,,,0.00,N,Not at Intersection, ,Non-Junction,None,,,         ,Terence,Maahs,Clear,Angle,no,no,no,no,no,False
100917421,METROPOLITAN NASHVILLE POLICE DEPT,20150731222,Davidson,Nashville,8/4/2015 3:59:00 PM,2,0,0,36.116260,-86.792940,I 440,,,,0.00,,,,,,,3.80,N,Not at Intersection,Y,Non-Junction,None,,,         ,Mekisha,Page,Clear,Front to Rear,no,no,no,no,no,False
100917422,METROPOLITAN NASHVILLE POLICE DEPT,20150731439,Davidson,Nashville,8/4/2015 4:56:00 PM,2,2,0,36.147880,-86.806460,24TH AVE S,,,,0.00,,,US HWY 70S,,,,0.00,Y,T-Intersection,N,Intersection,None,,,         ,Mekisha,Page,Clear,Angle,no,no,no,no,no,Campus
100917431,METROPOLITAN NASHVILLE POLICE DEPT,2015-0731708,Davidson,Nashville,8/4/2015 6:30:00 PM,2,0,0,36.173750,-86.602380,STATE HWY 265,,,,60.00,Feet,West,STATE HWY 45,,,,0.00,N,Not at Intersection,N,Non-Junction,None,,,         ,Shawn,Taylor,Clear,Angle,no,no,no,no,yes,False
100917432,GOODLETTSVILLE POLICE DEPT,15-29176,Davidson,Goodlettsville,8/2/2015 2:35:00 AM,1,0,0,36.301660,-86.709860,STATE HWY 386,,,,1510.00,Feet,South,ST HWY 386 @ I 65 NORTH,,,,0.00,N,Not at Intersection,Y,Entrance/Exit Ramp Related,None,,,         ,Andre,Sanders,Clear,Not Collision with Motor Vehicle in Transport,no,no,no,no,no,False
100917435,METROPOLITAN NASHVILLE POLICE DEPT,20150731562,Davidson,Nashville,8/4/2015 5:55:00 PM,1,0,0,36.078250,-86.744220,STATE HWY 255,,,,300.00,Feet,East,DANBY DR,,,,0.00,N,Not at Intersection,N,Non-Junction,None,,,         ,Peter,Knisley,Clear,Not Collision with Motor Vehicle in Transport,no,no,no,no,no,False
100917444,METROPOLITAN NASHVILLE POLICE DEPT,20150731463,Davidson,Nashville,8/4/2015 5:21:00 PM,2,3,0,36.227810,-86.759570,US HWY 31W,,,,574.00,Feet,South,BROADMOOR DR,,,,0.00,N,Not at Intersection,N,Non-Junction,None,,,         ,Robert,Croteau,Clear,Angle,no,no,no,no,no,False
100917446,METROPOLITAN NASHVILLE POLICE DEPT,20150731001,Davidson,Nashville,8/4/2015 7:31:00 PM,1,0,0,36.088030,-86.649350,US HWY 41,,,,433.00,Feet,South,RANSOM PL,,,,0.00,N,Not at Intersection, ,"Driveway, Alley Access, etc",None,,,         ,Timothy,Mead,Clear,Not Collision with Motor Vehicle in Transport,no,no,no,no,no,False
100917448,METROPOLITAN NASHVILLE POLICE DEPT,20150731024,Davidson,Nashville,8/4/2015 2:59:00 PM,2,0,0,36.040780,-86.779820,STATE HWY 254,,,,137.00,Feet,West,FRANKLIN PIKE CIR,,,,0.00,N,Not at Intersection, ,Non-Junction,None,,,         ,Ricki,Armstrong,Clear,Front to Rear,no,no,no,no,no,False
100917452,METROPOLITAN NASHVILLE POLICE DEPT,20150731929,Davidson,Nashville,8/4/2015 8:30:00 PM,2,0,0,36.079730,-86.821390,TYNE BLVD,,,,0.00,,,TARA DR,,,,0.00,Y,T-Intersection, ,Intersection-Related,None,,,         ,Tien,Nguyen,Clear,Angle,no,no,no,no,no,False
100917459,METROPOLITAN NASHVILLE POLICE DEPT,20150727982,Davidson,Nashville,8/3/2015 3:32:00 PM,2,0,0,36.153800,-86.787410,-- UNKNOWN RAMP/ROAD --,,,,0.00,Feet,East,I 40,,,,0.00,N,Not at Intersection, ,Non-Junction,Construction Zone,,,         ,Miguel,Garcia,Clear,Front to Rear,no,no,no,no,no,False
100917462,METROPOLITAN NASHVILLE POLICE DEPT,20150731954,Davidson,Nashville,8/4/2015 8:41:00 PM,2,0,0,36.149260,-86.806360,ELLISTON PL,,,,294.00,Feet,North,24TH AVE N,,,,0.00,N,Not at Intersection, ,Non-Junction,None,,,         ,Mekisha,Page,Clear,Angle,no,no,no,no,no,Campus
100917465,METROPOLITAN NASHVILLE POLICE DEPT,20150731224,Davidson,Nashville,8/4/2015 4:00:00 PM,2,0,0,36.122020,-86.750730,US HWY 31 ALT,,,,71.00,Feet,North,-- UNKNOWN RAMP/ROAD --,,,,0.00,N,Not at Intersection, ,Non-Junction,None,,,         ,William,Durham,Clear,"Sideswipe, Same Direction",no,no,no,no,no,False
100917466,METROPOLITAN NASHVILLE POLICE DEPT,20150731453,Davidson,Nashville,8/4/2015 5:16:00 PM,2,0,0,36.050490,-86.650340,MOUNT VIEW RD,,,,43.00,Feet,West,RAMP,,,,0.00,N,Not at Intersection,N,Non-Junction,None,,,         ,William,Durham,Clear,Front to Rear,no,no,no,no,yes,False
100917467,METROPOLITAN NASHVILLE POLICE DEPT,20150731710,Davidson,Nashville,8/4/2015 6:55:00 PM,2,0,0,36.078940,-86.695790,I 24,,,,0.00,,,,,,,56.30,N,Not at Intersection,N,Non-Junction,None,,,         ,William,Durham,Clear,"Sideswipe, Same Direction",no,no,no,no,yes,False
100917468,METROPOLITAN NASHVILLE POLICE DEPT,20150731870,Davidson,Nashville,8/4/2015 8:04:00 PM,2,0,0,36.081510,-86.726900,US HWY 31 ALT,,,,399.00,Feet,North,RAMP,,,,0.00,N,Not at Intersection,N,Non-Junction,None,,,         ,William,Durham,Clear,Angle,no,no,no,no,no,False
100917470,METROPOLITAN NASHVILLE POLICE DEPT,2015-0730145,Davidson,Nashville,8/4/2015 7:52:00 AM,2,0,0,36.144950,-86.646830,I 40,,,,0.00,,,,,,,217.20,N,Not at Intersection, ,Non-Junction,None,,,         ,Jeb,Johnston,Cloudy,Front to Rear,no,no,no,no,yes,False
100917472,METROPOLITAN NASHVILLE POLICE DEPT,20150731890,Davidson,Nashville,8/4/2015 8:33:00 PM,2,1,0,36.103190,-86.666420,US HWY 41,,,,65.00,Feet,East,MCCRORY RD,,,,0.00,N,Not at Intersection,N,Non-Junction,None,,,         ,Jessie,Meadows,Clear,Angle,no,no,no,no,no,False
100917473,METROPOLITAN NASHVILLE POLICE DEPT,20150731513,Davidson,Not in City Limit,8/4/2015 5:42:00 PM,2,0,0,36.269540,-86.757300,STATE HWY 45,,,,484.00,Feet,West,US HWY 31W,,,,0.00,N,Not at Intersection, ,Non-Junction,None,,,         ,Ryan,Stanford,Clear,Front to Rear,no,no,no,no,no,False
100917482,METROPOLITAN NASHVILLE POLICE DEPT,20150731696,Davidson,Antioch,8/4/2015 7:16:00 PM,1,0,0,36.050730,-86.606750,SKYGAP CT,,,,114.00,Feet,West,GROVEDALE TRC,,,,0.00,N,Not at Intersection,N,Non-Junction,None,,,         ,Jessie,Meadows,Clear,Not Collision with Motor Vehicle in Transport,no,no,no,no,no,False
100917487,METROPOLITAN NASHVILLE POLICE DEPT,2015-0727656,Davidson,Nashville,8/3/2015 1:09:00 PM,2,0,0,36.164640,-86.615090,I 40,,,,0.00,,,,,,,220.00,N,Not at Intersection, ,Non-Junction,None,,,         ,Jeb,Johnston,Cloudy,"Sideswipe, Same Direction",no,no,no,no,yes,False
100917489,METROPOLITAN NASHVILLE POLICE DEPT,20150731707,Davidson,Nashville,8/4/2015 7:07:00 PM,2,0,0,36.039870,-86.740880,STATE HWY 254,,,,492.00,Feet,West,HIGHLAND WAY,,,,0.00,N,Not at Intersection, ,Non-Junction,None,,,         ,Ricki,Armstrong,Clear,"Sideswipe, Opposite Direction",no,no,no,no,yes,False
100917497,METROPOLITAN NASHVILLE POLICE DEPT,20150731619,Davidson,Nashville,8/4/2015 6:10:00 PM,2,2,0,36.167000,-86.763720,SHELBY AVE,,,,0.00,,,S 4TH ST,,,,0.00,Y,Four-Way,N,Intersection,None,,,         ,Cressie,Prill,Clear,Angle,no,no,no,no,yes,False
100917501,METROPOLITAN NASHVILLE POLICE DEPT,20150732114,Davidson,Nashville,8/4/2015 9:37:00 PM,2,0,0,36.045510,-86.704550,STATE HWY 254,,,,280.00,Feet,West,EULALA DR,,,,0.00,N,Not at Intersection, ,Non-Junction,None,,,         ,William,Durham,Clear,Front to Rear,no,no,no,no,no,False