master_record_number,agency,agency_tracking_number,county,city,collision_date,vehicles_involved,number_injured,number_dead,latitude,longitude,roadway_name,roadway_suffix,roadway_number,roadway_local_id,distance_from_reference,miles-feet_indicator,direction_from_reference,intersection_road_name,intersection_road_name_suffix,intersection_road_number,intersection_local_id,mile_marker,intersection_indicator,intersect_type,interchange_related_indicator,relation_to_junction,work_zone_type,construction_maintenance_zone,construction_maintenance_zone_location,fatal_case_number,officer_first_name,officer_last_name,weather_condition(s),manner_of_crash,pedestrian,bicycle,scooter,parking,hitrun,mou
100917502,METROPOLITAN NASHVILLE POLICE DEPT,20150723718,Davidson,Nashville,8/1/2015 9:30:00 PM,2,0,0,36.107270,-86.719660,I 24,,,,0.00,,,,,,,53.90,N,Not at Intersection,N,Non-Junction,None,,,         ,David,Collins,Clear,"Sideswipe, Same Direction",no,no,no,no,no,False
100917507,METROPOLITAN NASHVILLE POLICE DEPT,20150731887,Davidson,Nashville,8/4/2015 7:32:00 PM,2,1,0,36.192560,-86.776240,I 24,,,,0.00,,,,,,,46.70,N,Not at Intersection,Y,Entrance/Exit Ramp Related,None,,,         ,Victor,Alexander,Clear,"Sideswipe, Same Direction",no,no,no,no,no,False
100917512,GOODLETTSVILLE POLICE DEPT,15-29530,Davidson,Goodlettsville,8/4/2015 8:45:00 PM,2,1,0,36.326280,-86.700490,STATE HWY 174,,,,0.00,,,NORTHCREEK BLVD,,,,0.00,Y,T-Intersection,N,Intersection,None,,,         ,Joseph,Waldron,Clear,Front to Rear,no,no,no,no,no,False
100917519,METROPOLITAN NASHVILLE POLICE DEPT,20150731548,Davidson,Nashville,8/4/2015 5:50:00 PM,3,0,0,36.188720,-86.798570,US HWY 41 ALT,,,,294.00,Feet,North,DOMINICAN DR,,,,0.00,N,Not at Intersection,N,Non-Junction,None,,,         ,Michael,Brooks,Cloudy,Front to Rear,no,no,no,no,no,False
100917520,METROPOLITAN NASHVILLE POLICE DEPT,20150731662,Davidson,Nashville,8/4/2015 6:11:00 PM,2,0,0,36.191870,-86.780390,EXIT 86B,,,,0.00,,,I 65,,,,0.00,Y,OTHER, ,Entrance/Exit Ramp Related,None,,,         ,Michael,Brooks,Cloudy,Front to Rear,no,no,no,no,no,False
100917521,METROPOLITAN NASHVILLE POLICE DEPT,20150731857,Davidson,Not in City Limit,8/4/2015 7:40:00 PM,1,2,0,36.292000,-86.810410,I 24,,,,0.00,,,,,,,39.35,N,Not at Intersection,N,Non-Junction,None,,,         ,Michael,Brooks,Clear,Not Collision with Motor Vehicle in Transport,no,no,no,no,no,False
100917522,METROPOLITAN NASHVILLE POLICE DEPT,20150729918,Davidson,Nashville,8/4/2015 5:50:00 AM,2,0,0,36.122100,-86.727480,I 24,,,,0.00,,,,,,,52.75,N,Not at Intersection, ,Non-Junction,None,,,         ,James,Jensen,Clear,"Sideswipe, Same Direction",no,no,no,no,no,False
100917523,METROPOLITAN NASHVILLE POLICE DEPT,20150732066,Davidson,Nashville,8/4/2015 8:54:00 PM,2,0,0,36.041690,-86.748020,STATE HWY 254,,,,0.00,,,BRENTWOOD MEADOWS CIR,,,,0.00,Y,Four-Way,N,Intersection-Related,None,,,         ,Tien,Nguyen,Clear,Front to Rear,no,no,no,no,yes,False
100917528,METROPOLITAN NASHVILLE POLICE DEPT,20150731489,Davidson,Nashville,8/4/2015 5:30:00 PM,2,0,0,36.153820,-86.756080,US HWY 70,,,,0.00,,,FAIRFIELD AVE,,,,0.00,Y,Four-Way,N,Intersection,None,,,         ,Felipe,Pereira,Clear,"Sideswipe, Same Direction",no,no,no,no,yes,False
100917529,METROPOLITAN NASHVILLE POLICE DEPT,20150731711,Davidson,Nashville,8/4/2015 6:30:00 PM,2,0,0,36.142980,-86.744080,FESSLERS LN,,,,0.00,,,,,,,0.00,,,N,Non-Junction,None,,,         ,Felipe,Pereira,Clear,Front to Rear,no,no,no,no,yes,False
100917530,METROPOLITAN NASHVILLE POLICE DEPT,20150731973,Davidson,Nashville,8/4/2015 8:40:00 PM,3,0,0,36.153600,-86.763530,I 40,,,,0.00,,,,,,,210.80,N,Not at Intersection,Y,Non-Junction,None,,,         ,Felipe,Pereira,Clear,"Sideswipe, Same Direction",no,no,no,no,yes,False
100917539,METROPOLITAN NASHVILLE POLICE DEPT,20150724327,Davidson,Nashville,8/2/2015 1:04:00 AM,2,0,0,36.165500,-86.800230,16TH AVE N,,,,0.00,,,HERMAN ST,,,,0.00,Y,Four-Way,N,Non-Junction,None,,,         ,Lewis,Taylor,Clear,Angle,no,no,no,no,yes,False
100917544,METROPOLITAN NASHVILLE POLICE DEPT,20150731671,Davidson,Nashville,8/4/2015 6:46:00 PM,2,0,0,36.173620,-86.602070,STATE HWY 45,,,,16.00,Feet,North,STATE HWY 265,,,,0.00,N,Not at Intersection, ,Non-Junction,None,,,         ,George,Krukowski,Clear,Front to Rear,no,no,no,no,no,False
100917552,METROPOLITAN NASHVILLE POLICE DEPT,2015-0732215,Davidson,Nashville,8/4/2015 10:30:00 PM,4,1,0,36.143250,-86.685800,I 40,,,,0.00,,,,,,,215.50,N,Not at Intersection,N,Non-Junction,None,,,         ,Brian,Gant,Clear,Not Collision with Motor Vehicle in Transport,no,no,no,no,no,False
100917559,METROPOLITAN NASHVILLE POLICE DEPT,20150732406,Davidson,Nashville,8/5/2015 12:08:00 AM,3,0,0,36.160770,-86.793680,US HWY 70,,,,0.00,,,EXIT 209,,,,0.00,Y,Four-Way, ,Intersection,None,,,         ,Charles,Wingo,Clear,Angle,no,no,no,no,no,False
100917563,METROPOLITAN NASHVILLE POLICE DEPT,20150732207,Davidson,Nashville,8/4/2015 10:27:00 PM,2,1,0,36.143550,-86.689070,I 40,,,,0.00,,,,,,,215.35,N,Not at Intersection,N,Non-Junction,None,,,         ,Bridget,Griepentrog,Clear,Front to Rear,no,no,no,no,no,False
100917564,METROPOLITAN NASHVILLE POLICE DEPT,20150732470,Davidson,Nashville,8/5/2015 12:35:00 AM,1,1,0,36.121640,-86.806630,I440 E ENT RAMP,,,,0.00,Feet,East,I 440,,,,0.00,N,Not at Intersection,N,Entrance/Exit Ramp Related,None,,,         ,Devon,Morgan,Clear,Not Collision with Motor Vehicle in Transport,no,no,no,no,no,False
100917571,METROPOLITAN NASHVILLE POLICE DEPT,20150732423,Davidson,Not in City Limit,8/5/2015 12:12:00 AM,3,0,0,36.256840,-86.676330,CHEYENNE BLVD,,,,0.00,,,,,,,0.00,,Not at Intersection,N,Non-Junction,None,,,         ,Jason,Sweeney,Clear,Unknown,no,no,no,yes,yes,False
100917580,METROPOLITAN NASHVILLE POLICE DEPT,20150732588,Davidson,Nashville,8/5/2015 1:35:00 AM,2,3,0,36.231520,-86.790090,EWING DR,,,,0.00,,,ALDRICH LN,,,,0.00,Y,Four-Way,N,Intersection,None,,,         ,Eric,Mumaw,Clear,Angle,no,no,no,no,no,False
100917590,VANDERBILT UNIVERSITY POLICE,15-0732613,Davidson,Nashville,8/5/2015 1:26:00 AM,1,0,0,36.110030,-86.760960,STATE HWY 155,,,,0.00,,,,,,,0.00,,, ,,None,,,         ,William,West,,,no,no,no,yes,no,False
100917595,METROPOLITAN NASHVILLE POLICE DEPT,20150718648,Davidson,Nashville,7/31/2015 2:10:00 AM,2,2,0,36.171210,-86.803260,I 40,,,,0.00,,,,,,,207.70,N,Not at Intersection,Y,Entrance/Exit Ramp Related,Construction Zone,Laneclosure,Transition Area,         ,James,Jarvis,Clear,Rear to Rear,no,no,no,no,no,False
100917597,METROPOLITAN NASHVILLE POLICE DEPT,20150732884,Davidson,Nashville,8/5/2015 4:21:00 AM,1,1,0,36.121850,-86.704740,US HWY 41,,,,0.00,,,KERMIT DR,,,,0.00,Y,T-Intersection,N,Intersection,None,,,         ,James,Jensen,Clear,Not Collision with Motor Vehicle in Transport,no,no,no,no,no,False
100917605,Nashville Airport Police,2015-01679,Davidson,Nashville,7/30/2015 2:30:00 AM,1,0,0,36.136720,-86.665170,TERMINAL DR,,,,0.00,,,,,,,0.00,,,N,Non-Junction,None,,,         ,William,Hodge,Clear,Not Collision with Motor Vehicle in Transport,no,no,no,yes,yes,False
100917609,METROPOLITAN NASHVILLE POLICE DEPT,2015-0730792,Davidson,Nashville,8/4/2015 1:15:00 PM,2,1,0,36.120690,-86.807970,LOMBARDY AVE,,,,0.00,,,US HWY 431,,,,0.00,Y,Four-Way,N,Intersection,None,,,         ,Curtis,Rich,Clear,Angle,no,no,no,no,no,False
100917612,METROPOLITAN NASHVILLE POLICE DEPT,2015-0729807,Davidson,Nashville,8/4/2015 12:00:00 AM,1,0,0,36.250570,-86.742310,DUE WEST AVE N,,,,0.00,,,OLD DUE WEST AVE,,,,0.00,Y,T-Intersection,N,Non-Junction,None,,,         ,Brian,Mclarty,Clear,Not Collision with Motor Vehicle in Transport,no,no,no,no,no,False
100917623,METROPOLITAN NASHVILLE POLICE DEPT,2015-0710097,Davidson,Nashville,7/29/2015 12:00:00 AM,1,0,0,36.164010,-86.762820,I 24,,,,0.00,,,,,,,49.15,N,Not at Intersection, ,,None,,,         ,Roderic,Williams,,,no,no,no,no,no,False
100917628,METROPOLITAN NASHVILLE POLICE DEPT,20150730780,Davidson,Nashville,8/4/2015 12:45:00 PM,2,0,0,36.145410,-86.740780,I 40,,,,0.00,,,,,,,212.25,N,Not at Intersection, ,,None,,,         ,Larry,Benz,,,no,no,no,no,no,False
100917634,METROPOLITAN NASHVILLE POLICE DEPT,2015-0733150,Davidson,Nashville,8/5/2015 7:10:00 AM,2,0,0,36.149980,-86.858650,US HWY 70,,,,96.00,Feet,West,STATE HWY 155,,,,0.00,N,Not at Intersection, ,Non-Junction,Construction Zone,,,         ,Curtis,Rich,Clear,Angle,no,no,no,no,no,False
100917645,METROPOLITAN NASHVILLE POLICE DEPT,2015-0733155,Davidson,Nashville,8/5/2015 12:00:00 AM,2,0,0,36.065990,-86.639890,RICE HILL CT,,,,260.00,Feet,South,RICE HILL CIR,,,,0.00,N,Not at Intersection,N,Non-Junction,None,,,         ,Roderic,Williams,Clear,Angle,no,no,no,no,yes,False
100917648,METROPOLITAN NASHVILLE POLICE DEPT,20150733140,Davidson,Nashville,8/5/2015 6:50:00 AM,2,0,0,36.140510,-86.722830,-- UNKNOWN RAMP/ROAD --,,,,0.00,Feet,East,I 40,,,,0.00,N,Not at Intersection, ,Non-Junction,None,,,         ,Larry,Benz,Clear,Front to Rear,no,no,no,no,no,False
100917655,METROPOLITAN NASHVILLE POLICE DEPT,20150733151,Davidson,Nashville,8/5/2015 6:38:00 AM,2,0,0,36.086420,-86.698730,-- UNKNOWN RAMP/ROAD --,,,,0.00,,,I 24,,,,0.00,Y,Four-Way, ,Intersection,None,,,         ,Megan,Arnett,Clear,"Sideswipe, Same Direction",no,no,no,no,yes,False
100917665,METROPOLITAN NASHVILLE POLICE DEPT,2015-0733193,Davidson,Nashville,8/5/2015 7:00:00 AM,2,0,0,36.157210,-86.774680,4TH AVE S,,,,0.00,,,GATEWAY BLVD,,,,0.00,Y,Four-Way,N,Intersection,None,,,         ,Daniel,Massey,Clear,Front to Rear,no,no,no,no,yes,False
100917668,METROPOLITAN NASHVILLE POLICE DEPT,20150730905,Davidson,Nashville,8/4/2015 1:39:00 PM,2,0,0,36.122400,-86.794690,BELMONT BLVD,,,,0.00,,,WILDWOOD AVE,,,,0.00,Y,Four-Way, ,Intersection-Related,None,,,         ,Nathan,Kemp,Clear,Front to Rear,no,no,no,no,no,False
100917672,METROPOLITAN NASHVILLE POLICE DEPT,20150733262,Davidson,Nashville,8/5/2015 7:58:00 AM,2,0,0,36.108640,-86.678660,US HWY 41,,,,576.00,Feet,West,DELL PKWY,,,,0.00,N,Not at Intersection,N,Non-Junction,None,,,         ,Joshua,Billotte,Clear,Front to Rear,no,no,no,no,no,False
100917678,METROPOLITAN NASHVILLE POLICE DEPT,20150733271,Davidson,Nashville,8/5/2015 8:00:00 AM,2,0,0,36.082680,-86.710520,TAMPA DR,,,,0.00,,,STATE HWY 255,,,,0.00,Y,Four-Way, ,Intersection-Related,None,,,         ,Brian,Penny,Clear,Front to Rear,no,no,no,no,no,False
100917687,METROPOLITAN NASHVILLE POLICE DEPT,20150730917,Davidson,Nashville,8/4/2015 2:10:00 PM,2,0,0,36.122500,-86.807250,-- UNKNOWN RAMP/ROAD --,,,,0.00,,,I 440,,,,0.00,Y,OTHER, ,Entrance/Exit Ramp Related,None,,,         ,Randal,Owsley,Clear,Front to Rear,no,no,no,no,no,False
100917694,GOODLETTSVILLE POLICE DEPT,15-29584,Davidson,Goodlettsville,8/5/2015 6:24:00 AM,2,3,0,36.322250,-86.713290,US HWY 31W,,,,0.00,,,STATE HWY 174,,,,0.00,Y,Four-Way,N,Intersection,None,,,         ,Benny,Alexander,Clear,HeadOn,no,no,no,no,no,False
100917696,METROPOLITAN NASHVILLE POLICE DEPT,20150733162,Davidson,Antioch,8/5/2015 7:03:00 AM,2,0,0,36.049320,-86.599990,PIN HOOK RD,,,,0.00,,,STATE HWY 171,,,,0.00,Y,Four-Way,N,Intersection,None,,,         ,Randall,Combs,Clear,"Sideswipe, Same Direction",no,no,no,no,no,False
100917698,METROPOLITAN NASHVILLE POLICE DEPT,2015-0730663,Davidson,Nashville,8/4/2015 12:05:00 PM,2,0,0,36.172860,-86.765260,US HWY 31,,,,0.00,,,MAIN ST,,,,0.00,Y,Four-Way, ,Intersection,None,,,         ,Coleman,Womack,Clear,"Sideswipe, Same Direction",no,no,no,no,no,False
100917705,METROPOLITAN NASHVILLE POLICE DEPT,20150733489,Davidson,Nashville,8/5/2015 9:20:00 AM,2,0,0,36.184100,-86.776680,COWAN ST,,,,316.00,Feet,South,COWAN CT,,,,0.00,N,Not at Intersection, ,Non-Junction,None,,,         ,Jessie,Loy,Clear,Front to Rear,no,no,no,no,no,False
100917716,METROPOLITAN NASHVILLE POLICE DEPT,20150733397,Davidson,Nashville,8/5/2015 9:50:00 AM,2,0,0,36.171750,-86.769230,INTERSTATE DR,,,,103.00,Feet,North,US HWY 31,,,,0.00,N,Not at Intersection, ,Non-Junction,None,,,         ,Michael,Johnson,Clear,Front to Rear,no,no,no,no,no,False
100917718,METROPOLITAN NASHVILLE POLICE DEPT,20150733593,Davidson,Nashville,8/5/2015 9:52:00 AM,2,0,0,36.112260,-86.773190,RAMP,,,,0.00,Feet,East,US HWY 31,,,,0.00,N,Not at Intersection,N,Non-Junction,None,,,         ,Nathan,Kemp,Clear,Angle,no,no,no,no,no,False
100917719,METROPOLITAN NASHVILLE POLICE DEPT,20150733563,Davidson,Nashville,8/5/2015 9:35:00 AM,2,0,0,36.145380,-86.740730,I 40,,,,0.00,,,,,,,212.25,N,Not at Intersection, ,Non-Junction,None,,,         ,James,Curtis,Clear,"Sideswipe, Same Direction",no,no,no,no,no,False
100917720,METROPOLITAN NASHVILLE POLICE DEPT,20150733547,Davidson,Nashville,8/5/2015 9:34:00 AM,2,1,0,36.208350,-86.860600,STATE HWY 12,,,,0.00,,,STEWARTS LN,,,,0.00,Y,T-Intersection,Y,Intersection,None,,,         ,Michael,Parman,Cloudy,Angle,no,no,no,no,no,False
100917723,METROPOLITAN NASHVILLE POLICE DEPT,20150733477,Davidson,Antioch,8/5/2015 7:40:00 AM,2,0,0,36.059040,-86.597270,STATE HWY 171,,,,221.00,Feet,North,HAMILTON CHURCH RD,,,,0.00,N,Not at Intersection, ,,None,,,         ,Julius,Gallon,,,no,no,no,no,no,False
100917724,METROPOLITAN NASHVILLE POLICE DEPT,20150730825,Davidson,Nashville,8/4/2015 12:30:00 PM,2,0,0,36.204730,-86.724470,RIVERSIDE DR,,,,0.00,,,MCGAVOCK PIKE,,,,0.00,Y,OTHER, ,Non-Junction,None,,,         ,Aaron,Wigginton,Clear,Rear to Rear,no,no,no,yes,yes,False
100917727,METROPOLITAN NASHVILLE POLICE DEPT,2015-0730766,Davidson,Nashville,8/4/2015 12:35:00 PM,2,0,0,36.226600,-86.759920,US HWY 31W,,,,280.00,Feet,North,HILLHURST DR,,,,0.00,N,Not at Intersection, ,Non-Junction,None,,,         ,Coleman,Womack,Clear,Angle,no,no,no,no,no,False
100917728,METROPOLITAN NASHVILLE POLICE DEPT,20150733728,Davidson,Nashville,8/5/2015 10:30:00 AM,2,0,0,36.086500,-86.771620,STATE HWY 255,,,,0.00,Feet,East,US HWY 31,,,,0.00,N,Not at Intersection, ,,None,,,         ,Nathan,Kemp,,,no,no,no,no,no,False
100917745,METROPOLITAN NASHVILLE POLICE DEPT,20150733612,Davidson,Nashville,8/5/2015 10:00:00 AM,2,1,0,36.052770,-86.674100,TUSCULUM RD,,,,174.00,Feet,East,SHACKLETT LANE CT,,,,0.00,N,Not at Intersection,N,Non-Junction,None,,,         ,Brian,Penny,Clear,Angle,no,no,no,no,yes,False
100917747,METROPOLITAN NASHVILLE POLICE DEPT,20150733325,Davidson,Nashville,8/5/2015 8:10:00 AM,2,0,0,36.088610,-86.702140,I 24,,,,0.00,,,,,,,55.50,N,Not at Intersection,N,Non-Junction,None,,,         ,Todd,Watson,Clear,Front to Rear,no,no,no,no,no,False
100917752,METROPOLITAN NASHVILLE POLICE DEPT,20150733643,Davidson,Nashville,8/5/2015 10:00:00 AM,2,0,0,36.118730,-86.700980,US HWY 41,,,,193.00,Feet,West,RAMP,,,,0.00,N,Not at Intersection, ,Non-Junction,None,,,         ,Steven,Snitzer,Clear,Front to Rear,no,no,no,no,no,False
100917765,METROPOLITAN NASHVILLE POLICE DEPT,20150730941,Davidson,Nashville,8/4/2015 2:10:00 PM,2,1,0,36.207950,-86.859140,STATE HWY 12,,,,363.00,Feet,West,DRAKES BRANCH RD,,,,0.00,N,Not at Intersection,N,Non-Junction,None,,,         ,Michael,McCord,Clear,Angle,no,no,no,no,no,False
100917767,METROPOLITAN NASHVILLE POLICE DEPT,2015-0733785,Davidson,Nashville,8/5/2015 10:57:00 AM,2,0,0,36.050120,-86.649180,STATE HWY 254,,,,93.00,Feet,North,RAMP,,,,0.00,N,Not at Intersection, ,,None,,,         ,Roderic,Williams,,,no,no,no,no,no,False
100917780,METROPOLITAN NASHVILLE POLICE DEPT,20150733948,Davidson,Nashville,8/5/2015 11:45:00 AM,3,0,0,36.140880,-86.817440,US HWY 70S,,,,8.00,Feet,South,ACKLEN PARK DR,,,,0.00,N,Not at Intersection,N,Non-Junction,None,,,         ,Nathan,Kemp,Clear,Front to Rear,no,no,no,no,no,False
100917797,METROPOLITAN NASHVILLE POLICE DEPT,2015-0730779,Davidson,Nashville,8/4/2015 12:59:00 PM,2,0,0,36.113140,-86.800970,STATE HWY 155,,,,193.00,Feet,East,RICHARDS ST,,,,0.00,N,Not at Intersection, ,Non-Junction,None,,,         ,Paul,Joyner,Clear,Front to Rear,no,no,no,no,no,False
100917799,VANDERBILT UNIVERSITY POLICE,15-730859,Davidson,Nashville,8/4/2015 12:55:00 PM,2,0,0,36.139160,-86.807010,CHILDRENS WAY,,,,0.00,,,25TH AVE S,,,,0.00,Y,Four-Way,N,Intersection-Related,None,,,         ,Linda,Jennings,Clear,Front to Rear,no,no,no,no,yes,Campus
100917801,METROPOLITAN NASHVILLE POLICE DEPT,20150728909,Davidson,Nashville,8/3/2015 9:30:00 PM,1,1,0,36.081630,-86.713780,STATE HWY 255,,,,53.00,Feet,West,TANGLEWOOD CT,,,,0.00,N,Not at Intersection,N,Non-Junction,None,,,         ,Natalie,Robinson,Clear,Not Collision with Motor Vehicle in Transport,yes,no,no,no,no,False
100917802,METROPOLITAN NASHVILLE POLICE DEPT,2015-0734075,Davidson,Nashville,8/5/2015 12:55:00 PM,3,0,0,36.140670,-86.823470,-- UNKNOWN RAMP/ROAD --,,,,8.00,Feet,South,I 440,,,,0.00,N,Not at Intersection,N,Non-Junction,None,,,         ,Curtis,Rich,Cloudy,Front to Rear,no,no,no,no,no,False
100917806,METROPOLITAN NASHVILLE POLICE DEPT,2015-0725165,Davidson,Nashville,8/2/2015 2:02:00 PM,2,1,0,36.133360,-86.802860,PORTLAND AVE,,,,0.00,Feet,West,CALHOUN AVE,,,,0.00,N,Not at Intersection,N,Non-Junction,None,,,         ,David,Anderson,Clear,"Sideswipe, Opposite Direction",no,no,no,no,no,False
100917813,METROPOLITAN NASHVILLE POLICE DEPT,20150733224,Davidson,Nashville,8/5/2015 7:47:00 AM,2,0,0,36.076900,-86.766750,I 65,,,,0.00,,,,,,,77.45,N,Not at Intersection, ,Non-Junction,None,,,         ,Paul,Joyner,Clear,Front to Rear,no,no,no,no,no,False
100917816,METROPOLITAN NASHVILLE POLICE DEPT,20150733276,Davidson,Nashville,8/5/2015 8:02:00 AM,2,1,0,36.091240,-86.828230,HARDING PLACE,,,,0.00,Feet,,HILLSBORO PIKE,,,,0.00,Y,Four-Way,N,Intersection-Related,None,,,         ,Phillip,Murphy,Clear,Front to Rear,no,no,no,no,no,False
100917817,METROPOLITAN NASHVILLE POLICE DEPT,20150733187,Davidson,Nashville,8/5/2015 7:05:00 AM,2,0,0,36.107850,-86.804570,GLEN ECHO RD,,,,17.00,Feet,East,GLEN ECHO PL,,,,0.00,N,Not at Intersection, ,Non-Junction,None,,,         ,Phillip,Murphy,Clear,Front to Rear,no,no,no,no,no,False
100917822,METROPOLITAN NASHVILLE POLICE DEPT,20150733920,Davidson,Nashville,8/5/2015 11:11:00 AM,2,0,0,36.140440,-86.628150,BELL RD,,,,255.00,Feet,South,ELM HILL PIKE,,,,0.00,N,Not at Intersection,N,Non-Junction,None,,,         ,Sean,Wuethrich,Clear,Front to Rear,no,no,no,no,no,False
100917824,METROPOLITAN NASHVILLE POLICE DEPT,20150734133,Davidson,Nashville,8/5/2015 12:30:00 PM,2,0,0,36.187980,-86.821590,CLARKSVILLE PIKE,,,,0.00,,,US HWY 41 ALT,,,,0.00,Y,OTHER, ,,None,,,         ,Joshua,Baker,,,no,no,no,no,no,False
100917826,VANDERBILT UNIVERSITY POLICE,MNPD#15-0733784,Davidson,Nashville,8/5/2015 10:15:00 AM,1,0,0,36.143850,-86.802750,STEVENSON CENTER LN,,,,0.00,,,STEVENSON CENTER LN,,,,0.00,,OTHER, ,,None,,,         ,Anthony,Jones,,,no,no,no,yes,no,Campus
100917830,METROPOLITAN NASHVILLE POLICE DEPT,2015-0731268,Davidson,Not in City Limit,8/4/2015 4:11:00 PM,2,0,0,36.077310,-87.011840,I 40,,,,0.00,,,,,,,193.00,N,Not at Intersection,N,Non-Junction,None,,,         ,Walter,Gray II,Clear,Not Collision with Motor Vehicle in Transport,no,no,no,no,yes,False
100917831,METROPOLITAN NASHVILLE POLICE DEPT,2015-0731457,Davidson,Not in City Limit,8/4/2015 5:17:00 PM,2,0,0,36.080800,-86.955750,US HWY 70S,,,,129.00,Feet,East,-- UNKNOWN RAMP/ROAD --,,,,0.00,N,Not at Intersection, ,Non-Junction,None,,,         ,Walter,Gray II,Clear,Front to Rear,no,no,no,no,no,False
100917832,METROPOLITAN NASHVILLE POLICE DEPT,2015-0731663,Davidson,Nashville,8/4/2015 6:30:00 PM,2,0,0,36.153030,-86.856980,-- UNKNOWN RAMP/ROAD --,,,,0.00,Feet,East,I 40,,,,0.00,N,Not at Intersection, ,Non-Junction,None,,,         ,Walter,Gray II,Clear,Front to Rear,no,no,no,no,no,False
100917833,METROPOLITAN NASHVILLE POLICE DEPT,2015-0733796,Davidson,Nashville,8/5/2015 10:00:00 AM,2,0,0,36.150400,-86.856850,US HWY 70,,,,137.00,Feet,East,ORLANDO AVE,,,,0.00,N,Not at Intersection, ,Non-Junction,None,,,         ,Walter,Gray II,Clear,Rear to Rear,no,no,no,yes,yes,False
100917834,METROPOLITAN NASHVILLE POLICE DEPT,20150734129,Davidson,Nashville,8/5/2015 1:00:00 PM,3,0,0,36.099200,-86.710750,I 24,,,,0.00,,,,,,,54.60,N,Not at Intersection, ,Non-Junction,None,,,         ,Todd,Watson,Cloudy,Front to Rear,no,no,no,no,no,False
100917854,METROPOLITAN NASHVILLE POLICE DEPT,20150734268,Davidson,Nashville,8/5/2015 2:26:00 PM,2,0,0,36.139380,-86.819130,ORLEANS DR,,,,0.00,,,US HWY 70S,,,,0.00,Y,Four-Way, ,Intersection-Related,None,,,         ,Tien,Nguyen,Clear,Rear to Side,no,no,no,no,no,False
100917872,METROPOLITAN NASHVILLE POLICE DEPT,2015-0731034,Davidson,Nashville,8/5/2015 1:00:00 PM,2,0,0,36.145750,-86.741330,I 40,,,,0.00,,,,,,,212.20,N,Not at Intersection, ,Non-Junction,None,,,         ,Michael,Schlegel,Clear,Angle,no,no,no,no,yes,False
100917875,METROPOLITAN NASHVILLE POLICE DEPT,2015-0734181,Davidson,Nashville,8/5/2015 1:30:00 PM,3,2,0,36.145090,-86.871930,US HWY 70,,,,327.00,Feet,East,AMERICAN RD,,,,0.00,N,Not at Intersection,N,Non-Junction,None,,,         ,Walter,Gray II,Cloudy,Front to Rear,no,no,no,no,yes,False
100917879,METROPOLITAN NASHVILLE POLICE DEPT,20150734373,Davidson,Nashville,8/5/2015 2:32:00 PM,2,0,0,36.113970,-86.810880,STATE HWY 155,,,,0.00,Feet,,US HWY 431,,,,0.00,Y,Four-Way,N,Intersection-Related,None,,,         ,Tien,Nguyen,Clear,Front to Rear,no,no,no,no,no,False
100917882,METROPOLITAN NASHVILLE POLICE DEPT,20150734299,Davidson,Nashville,8/5/2015 2:40:00 PM,2,0,0,36.148880,-86.746190,I 40,,,,0.00,,,,,,,211.85,N,Not at Intersection,N,Non-Junction,None,,,         ,Felipe,Pereira,Cloudy,"Sideswipe, Same Direction",no,no,no,no,yes,False
100917896,METROPOLITAN NASHVILLE POLICE DEPT,2015-0731105,Davidson,Nashville,8/5/2015 2:46:00 PM,2,0,0,36.151810,-86.771240,US HWY 41,,,,0.00,,,4TH AVE S,,,,0.00,Y,OTHER, ,Intersection,None,,,         ,Michael,Schlegel,Clear,Angle,no,no,no,no,no,False
100917911,METROPOLITAN NASHVILLE POLICE DEPT,20150734550,Davidson,Nashville,8/5/2015 4:29:00 PM,1,0,0,36.092910,-86.652300,US HWY 41,,,,396.00,Feet,South,OLD MURFREESBORO PIKE,,,,0.00,N,Not at Intersection, ,,None,,,         ,Timothy,Mead,,,no,no,no,no,no,False
100917915,METROPOLITAN NASHVILLE POLICE DEPT,2015-0734511,Davidson,Nashville,8/5/2015 2:26:00 PM,2,0,0,36.153290,-86.842810,ALABAMA AVE,,,,155.00,Feet,West,46TH AVE N,,,,0.00,N,Not at Intersection, ,Non-Junction,None,,,         ,Walter,Gray II,Cloudy,Front to Rear,no,no,no,no,no,False
100917921,METROPOLITAN NASHVILLE POLICE DEPT,20150734313,Davidson,Nashville,8/5/2015 2:20:00 PM,3,0,0,36.241700,-86.757070,US HWY 31W,,,,110.00,Feet,South,-- UNKNOWN RAMP/ROAD --,,,,0.00,N,Not at Intersection, ,Non-Junction,None,,,         ,Jerry,Pirtle,Cloudy,Front to Rear,no,no,no,no,yes,False
100917933,METROPOLITAN NASHVILLE POLICE DEPT,20150734603,Davidson,Nashville,8/5/2015 4:25:00 PM,2,3,0,36.157140,-86.760360,I 24,,,,0.00,,,,,,,49.65,N,Not at Intersection,N,Non-Junction,None,,,         ,Mikala,Moore,Cloudy,"Sideswipe, Same Direction",no,no,no,no,no,False
100917937,METROPOLITAN NASHVILLE POLICE DEPT,20150734717,Davidson,Nashville,8/5/2015 5:57:00 PM,2,0,0,36.118230,-86.768210,I 440,,,,0.00,,,,,,,5.25,N,Not at Intersection, ,Non-Junction,None,,,         ,Mekisha,Page,Rain,Front to Rear,no,no,no,no,no,False