master_record_number,agency,agency_tracking_number,county,city,collision_date,vehicles_involved,number_injured,number_dead,latitude,longitude,roadway_name,roadway_suffix,roadway_number,roadway_local_id,distance_from_reference,miles-feet_indicator,direction_from_reference,intersection_road_name,intersection_road_name_suffix,intersection_road_number,intersection_local_id,mile_marker,intersection_indicator,intersect_type,interchange_related_indicator,relation_to_junction,work_zone_type,construction_maintenance_zone,construction_maintenance_zone_location,fatal_case_number,officer_first_name,officer_last_name,weather_condition(s),manner_of_crash,pedestrian,bicycle,scooter,parking,hitrun,mou
100917938,METROPOLITAN NASHVILLE POLICE DEPT,20150734296,Davidson,Not in City Limit,8/5/2015 2:43:00 PM,2,2,0,36.273580,-86.710100,US HWY 31E,,,,40.00,Feet,North,ANDERSON LN,,,,0.00,N,Not at Intersection,N,Non-Junction,None,,,         ,Samuel,Miller,Cloudy,Front to Rear,no,no,no,no,no,False
100917939,METROPOLITAN NASHVILLE POLICE DEPT,20150734381,Davidson,Not in City Limit,8/5/2015 2:27:00 PM,2,0,0,36.279100,-86.708950,US HWY 31E,,,,120.00,Feet,South,MILE PKWY,,,,0.00,N,Not at Intersection,Y,Non-Junction,None,,,         ,Samuel,Miller,Cloudy,Angle,no,no,no,no,no,False
100917942,METROPOLITAN NASHVILLE POLICE DEPT,20150725303,Davidson,Madison,8/2/2015 3:37:00 PM,2,1,0,36.238820,-86.723910,WALTON LN,,,,0.00,,,US HWY 31E,,,,0.00,Y,T-Intersection,N,Intersection-Related,None,,,         ,Carlos,Urrutia,Clear,Front to Rear,no,no,no,no,no,False
100917943,METROPOLITAN NASHVILLE POLICE DEPT,20150725763,Davidson,Madison,8/2/2015 12:00:00 AM,2,0,0,36.255160,-86.715420,MADISON SQ,,,,82.00,Feet,North,US HWY 31E,,,,0.00,N,Not at Intersection,N,Non-Junction,None,,,         ,Carlos,Urrutia,Clear,Unknown,no,no,no,yes,yes,False
100917949,METROPOLITAN NASHVILLE POLICE DEPT,2015-0734773,Davidson,Nashville,8/5/2015 5:38:00 PM,2,1,0,36.128680,-86.841800,US HWY 70S,,,,653.00,Feet,West,BRIXWORTH LN,,,,0.00,N,Not at Intersection,N,Non-Junction,None,,,         ,Walter,Gray II,Cloudy,Front to Rear,no,no,no,no,no,False
100917950,METROPOLITAN NASHVILLE POLICE DEPT,20150734850,Davidson,Nashville,8/5/2015 6:04:00 PM,2,1,0,36.120550,-86.773400,I 65,,,,0.00,,,,,,,80.50,N,Not at Intersection,N,Non-Junction,None,,,         ,Tien,Nguyen,Cloudy,Front to Rear,no,no,no,no,yes,False
100917951,METROPOLITAN NASHVILLE POLICE DEPT,20150734396,Davidson,Nashville,8/5/2015 3:14:00 PM,1,0,0,36.114620,-86.724440,I 24,,,,0.00,,,,,,,53.30,N,Not at Intersection,N,Non-Junction,None,,,         ,Michael,Moss,Clear,Not Collision with Motor Vehicle in Transport,no,no,no,no,yes,False
100917958,METROPOLITAN NASHVILLE POLICE DEPT,20150734670,Davidson,Nashville,8/5/2015 5:00:00 PM,2,1,0,36.152360,-86.768980,2ND AVE S,,,,0.00,,,LINDSLEY AVE,,,,0.00,Y,T-Intersection,N,Intersection,None,,,         ,Mikala,Moore,Cloudy,Angle,no,no,no,no,no,False
100917962,METROPOLITAN NASHVILLE POLICE DEPT,20150727576,Davidson,Madison,8/3/2015 12:25:00 PM,1,1,0,36.258480,-86.713520,US HWY 31E,,,,0.00,,,MADISON ST,,,,0.00,Y,Four-Way,N,Intersection,None,,,         ,William,Estes,Clear,Not Collision with Motor Vehicle in Transport,yes,no,no,no,no,False
100917965,BERRY HILL POLICE DEPT,15-3089,Davidson,Nashville,8/4/2015 5:10:00 PM,2,0,0,36.105480,-86.772760,CALDWELL LN,,,,0.00,,,US HWY 31,,,,0.00,Y,T-Intersection, ,Intersection-Related,None,,,         ,John,Gleixner,Clear,Front to Rear,no,no,no,no,no,False
100917966,BERRY HILL POLICE DEPT,15-3092,Davidson,Nashville,8/4/2015 6:20:00 PM,2,0,0,36.137760,-86.775710,I 65,,,,0.00,,,,,,,81.65,N,Not at Intersection, ,,None,,,         ,John,Gleixner,,,no,no,no,no,no,False
100917977,METROPOLITAN NASHVILLE POLICE DEPT,20150734613,Davidson,Nashville,8/5/2015 4:30:00 PM,2,0,0,36.171620,-86.765310,WOODLAND ST,,,,185.00,Feet,West,S 5TH ST,,,,0.00,N,Not at Intersection, ,Non-Junction,None,,,         ,Kimberly,Brown,Clear,Angle,no,no,no,no,no,False
100917980,METROPOLITAN NASHVILLE POLICE DEPT,20150734674,Davidson,Nashville,8/5/2015 4:55:00 PM,2,0,0,36.123550,-86.846480,ASHLEY PARK DR,,,,44.00,Feet,West,STATE HWY 155,,,,0.00,N,Not at Intersection,N,Non-Junction,None,,,         ,Tamara,Zurawski,Cloudy,Angle,no,no,no,no,no,False
100917982,METROPOLITAN NASHVILLE POLICE DEPT,20150734879,Davidson,Nashville,8/5/2015 5:56:00 PM,2,0,0,36.153580,-86.721540,SPENCE LN,,,,0.00,,,US HWY 70,,,,0.00,Y,Four-Way, ,Intersection-Related,None,,,         ,Leslie,Hale,Cloudy,"Sideswipe, Same Direction",no,no,no,no,no,False
100917983,METROPOLITAN NASHVILLE POLICE DEPT,20150734666,Davidson,Nashville,8/5/2015 3:15:00 PM,2,0,0,36.116080,-86.789980,I 440,,,,0.00,,,,,,,4.00,N,Not at Intersection, ,Non-Junction,None,,,         ,Jarred,Ruhlman,Cloudy,Other,no,no,no,no,yes,False
100917984,METROPOLITAN NASHVILLE POLICE DEPT,20150734908,Davidson,Nashville,8/5/2015 12:00:00 AM,2,0,0,36.200340,-86.744710,DELMAS AVE,,,,1215.00,Feet,West,GALLATIN PIKE,,,,0.00,N,Not at Intersection, ,Non-Junction,None,,,         ,Jarred,Ruhlman,Unknown,"Sideswipe, Opposite Direction",no,no,no,no,yes,False
100917988,METROPOLITAN NASHVILLE POLICE DEPT,20150728517,Davidson,Madison,8/3/2015 6:50:00 PM,2,0,0,36.256090,-86.713700,NEELYS BEND RD,,,,200.00,Feet,East,US HWY 31E,,,,0.00,N,Not at Intersection, ,"Driveway, Alley Access, etc",None,,,         ,Nathan,Dungan,Clear,Front to Rear,no,no,no,no,no,False
100917989,METROPOLITAN NASHVILLE POLICE DEPT,20150734830,Davidson,Nashville,8/5/2015 6:05:00 PM,2,0,0,35.996860,-86.689890,US HWY 31 ALT,,,,0.00,,,STATE HWY 253,,,,0.00,Y,OTHER, ,Non-Junction,None,,,         ,Ricki,Armstrong,Clear,Front to Rear,no,no,no,no,no,False
100917992,METROPOLITAN NASHVILLE POLICE DEPT,20150728341,Davidson,Nashville,8/3/2015 5:45:00 PM,2,0,0,36.072470,-86.733520,BLACKMAN RD,,,,223.00,Feet,West,EDMONDSON PIKE,,,,0.00,N,Not at Intersection, ,Non-Junction,None,,,         ,Miguel,Garcia,Clear,Front to Rear,no,no,no,no,no,False
100917994,METROPOLITAN NASHVILLE POLICE DEPT,2015-0734802,Davidson,Nashville,8/5/2015 5:50:00 PM,2,1,0,36.126150,-86.845950,US HWY 70S,,,,212.00,Feet,East,RIDGEFIELD WAY,,,,0.00,N,Not at Intersection,N,Non-Junction,None,,,         ,Christopher,Clark,Cloudy,Angle,no,no,no,no,no,False
100918009,METROPOLITAN NASHVILLE POLICE DEPT,20150734276,Davidson,Madison,8/5/2015 2:30:00 PM,2,0,0,36.257210,-86.713960,US HWY 31E,,,,50.00,Feet,South,HARRINGTON AVE,,,,0.00,N,Not at Intersection,N,"Driveway, Alley Access, etc",None,,,         ,Nathan,Dungan,Cloudy,Angle,no,no,no,no,no,False
100918013,BELLE MEADE POLICE DEPT,15-0197,Davidson,Belle Meade,8/5/2015 5:30:00 PM,2,0,0,36.119670,-86.854830,US HWY 70S,,,,0.00,,,BELLE MEADE BLVD,,,,0.00,Y,T-Intersection, ,Intersection,None,,,         ,Norm,Shelton,Cloudy,Front to Rear,no,no,no,no,no,False
100918018,METROPOLITAN NASHVILLE POLICE DEPT,20150717105,Davidson,Nashville,7/30/2015 5:01:00 PM,2,0,0,36.135500,-86.823200,US HWY 70S,,,,117.00,Feet,East,-- UNKNOWN RAMP/ROAD --,,,,0.00,N,Not at Intersection, ,Non-Junction,None,,,         ,Torian,Cox,Clear,Angle,no,no,no,no,no,False
100918021,METROPOLITAN NASHVILLE POLICE DEPT,20150734954,Davidson,Nashville,8/5/2015 6:58:00 PM,2,1,0,36.180570,-86.796380,US HWY 41 ALT,,,,0.00,,,GARFIELD ST,,,,0.00,Y,Four-Way,N,Intersection-Related,None,,,         ,Barrett,Teague,Rain,Front to Rear,no,no,no,no,no,False
100918029,GOODLETTSVILLE POLICE DEPT,15-29668,Davidson,Goodlettsville,8/5/2015 7:10:00 PM,2,0,0,36.307360,-86.694810,CONFERENCE DR,,,,0.00,,,STATE HWY 386,,,,0.00,Y,T-Intersection, ,Non-Junction,None,,,         ,Brandon,Wright,Rain,Angle,no,no,no,no,no,False
100918057,METROPOLITAN NASHVILLE POLICE DEPT,20150735073,Davidson,Nashville,8/5/2015 7:37:00 PM,1,0,0,36.128310,-86.900770,I 40,,,,0.00,,,,,,,200.90,N,Not at Intersection,N,Non-Junction,None,,,         ,Jeremy,Huffine,Rain,Not Collision with Motor Vehicle in Transport,no,no,no,no,no,False
100918059,METROPOLITAN NASHVILLE POLICE DEPT,20150734903,Davidson,Nashville,8/5/2015 6:30:00 PM,2,2,0,36.080390,-86.723110,STATE HWY 255,,,,69.00,Feet,East,HARDING MALL DR,,,,0.00,N,Not at Intersection,N,Non-Junction,None,,,         ,Rickie,Corman,Clear,Front to Rear,no,no,no,no,no,False
100918060,METROPOLITAN NASHVILLE POLICE DEPT,20150735089,Davidson,Nashville,8/5/2015 7:49:00 PM,2,2,0,36.086010,-86.648160,US HWY 41,,,,200.00,Feet,South,RAMP,,,,0.00,N,Not at Intersection,N,Non-Junction,None,,,         ,Rickie,Corman,Cloudy,Front to Rear,no,no,no,no,no,False
100918064,METROPOLITAN NASHVILLE POLICE DEPT,20150735244,Davidson,Nashville,8/5/2015 8:25:00 PM,1,0,0,36.141150,-86.662260,EXIT 216,,,,0.00,Feet,East,I 40,,,,0.00,N,Not at Intersection,N,Non-Junction,None,,,         ,John,Kelley,Rain,Not Collision with Motor Vehicle in Transport,no,no,no,no,yes,False
100918068,METROPOLITAN NASHVILLE POLICE DEPT,20150734640,Davidson,Nashville,8/5/2015 4:35:00 PM,2,0,0,36.055230,-86.642360,STATE HWY 254,,,,71.00,Feet,North,ZELIDA AVE,,,,0.00,N,Not at Intersection,N,Non-Junction,None,,,         ,Rickie,Corman,Clear,Front to Rear,no,no,no,no,yes,False
100918069,METROPOLITAN NASHVILLE POLICE DEPT,20150734747,Davidson,Antioch,8/5/2015 5:30:00 PM,3,0,0,36.039430,-86.602990,US HWY 41,,,,27.00,Feet,North,OLD HICKORY BLVD,,,,0.00,N,Not at Intersection,N,Non-Junction,None,,,         ,Rickie,Corman,Clear,Angle,no,no,no,no,no,False
100918071,METROPOLITAN NASHVILLE POLICE DEPT,20150735253,Davidson,Nashville,8/5/2015 8:54:00 PM,2,0,0,36.129040,-86.787500,LAWRENCE AVE,,,,0.00,,,11TH AVE S,,,,0.00,Y,T-Intersection,N,Intersection-Related,None,,,         ,Tien,Nguyen,Clear,Angle,no,no,no,no,yes,False
100918074,METROPOLITAN NASHVILLE POLICE DEPT,20150735224,Davidson,Nashville,8/5/2015 8:41:00 PM,2,1,0,36.136210,-86.876820,HILLWOOD BLVD,,,,0.00,Feet,,FLEETWOOD DR,,,,0.00,Y,Four-Way,N,Intersection,None,,,         ,John,Thomas,Rain,Angle,no,no,no,no,no,False
100918086,METROPOLITAN NASHVILLE POLICE DEPT,20150734540,Davidson,Nashville,8/5/2015 3:46:00 PM,2,0,0,36.192340,-86.829080,US HWY 41 ALT,,,,0.00,,,CLIFF DR,,,,0.00,Y,T-Intersection,N,Non-Junction,None,,,         ,Michael,Brooks,Cloudy,Angle,no,no,no,no,no,False
100918087,METROPOLITAN NASHVILLE POLICE DEPT,20150734657,Davidson,Nashville,8/5/2015 4:00:00 PM,2,0,0,36.209450,-86.870070,-- UNKNOWN RAMP/ROAD --,,,,0.00,,,STATE HWY 12,,,,0.00,Y,OTHER,Y,Entrance/Exit Ramp Related,None,,,         ,Michael,Brooks,Cloudy,Front to Rear,no,no,no,no,yes,False
100918088,METROPOLITAN NASHVILLE POLICE DEPT,20150734571,Davidson,Nashville,8/5/2015 4:15:00 PM,2,0,0,36.236870,-86.793160,STATE HWY 155,,,,651.00,Feet,West,EWINGDALE DR,,,,0.00,N,Not at Intersection,N,Non-Junction,None,,,         ,Michael,Brooks,Cloudy,"Sideswipe, Same Direction",no,no,no,no,yes,False
100918089,METROPOLITAN NASHVILLE POLICE DEPT,20150734960,Davidson,Nashville,8/5/2015 7:01:00 PM,1,1,0,36.230000,-86.824200,BUENA VISTA PIKE,,,,632.00,Feet,North,VISTAVIEW DR,,,,0.00,N,Not at Intersection,N,Non-Junction,None,,,         ,Michael,Brooks,Rain,Not Collision with Motor Vehicle in Transport,no,no,no,no,no,False
100918098,METROPOLITAN NASHVILLE POLICE DEPT,20150735459,Davidson,Nashville,8/5/2015 8:15:00 PM,2,0,0,36.166220,-86.765790,EXIT 49,,,,0.00,,,I 24,,,,0.00,Y,Four-Way, ,Intersection,None,,,         ,Mikala,Moore,Clear,Angle,no,no,no,no,no,False
100918100,METROPOLITAN NASHVILLE POLICE DEPT,20150735276,Davidson,Nashville,8/5/2015 9:01:00 PM,2,2,0,36.039030,-86.782790,I 65,,,,0.00,,,,,,,74.60,N,Not at Intersection,N,Non-Junction,None,,,         ,Mekisha,Page,Rain,Angle,no,no,no,no,no,False
100918105,METROPOLITAN NASHVILLE POLICE DEPT,20150734413,Davidson,Nashville,8/5/2015 3:50:00 PM,2,0,0,36.084620,-86.704370,STATE HWY 255,,,,310.00,Feet,West,LARGO DR,,,,0.00,N,Not at Intersection,N,Non-Junction,None,,,         ,Jared,Jenkins,Clear,Front to Rear,no,no,no,no,yes,False
100918106,METROPOLITAN NASHVILLE POLICE DEPT,2015-0735498,Davidson,Nashville,8/5/2015 10:47:00 PM,3,1,0,36.195220,-86.775560,I 65,,,,0.00,,,,,,,86.55,N,Not at Intersection,N,Non-Junction,None,,,         ,Thomas,Miller,Clear,"Sideswipe, Same Direction",no,no,no,no,yes,False
100918112,METROPOLITAN NASHVILLE POLICE DEPT,20150735561,Davidson,Nashville,8/5/2015 9:43:00 PM,2,0,0,36.150460,-86.709480,MASSMAN DR,,,,378.00,Feet,West,MAPLELEAF DR,,,,0.00,N,Not at Intersection,N,"Driveway, Alley Access, etc",None,,,         ,Evan,Hibschman,Clear,Rear to Side,no,no,no,yes,yes,False
100918128,METROPOLITAN NASHVILLE POLICE DEPT,20150735915,Davidson,Nashville,8/6/2015 1:27:00 AM,1,0,0,0.000000,0.000000,ANDERSON ROAD,RD,,,0.00,,,OLD ANDERSON RD,,,,0.00,Y,T-Intersection,N,Non-Junction,None,,,         ,Bridget,Griepentrog,Cloudy,Not Collision with Motor Vehicle in Transport,no,no,no,no,yes,False
100918143,METROPOLITAN NASHVILLE POLICE DEPT,20150735805,Davidson,Nashville,8/5/2015 11:24:00 PM,2,0,0,36.153690,-86.721530,SPENCE LN,,,,0.00,,,US HWY 70,,,,0.00,Y,Four-Way,N,Intersection,None,,,         ,William,Williams,Cloudy,Front to Rear,no,no,no,no,yes,False
100918151,METROPOLITAN NASHVILLE POLICE DEPT,20150735569,Davidson,Nashville,8/5/2015 11:12:00 PM,1,2,0,36.067180,-86.630980,US HWY 41,,,,105.00,Feet,South,FOREST VIEW DR,,,,0.00,N,Not at Intersection,N,Non-Junction,None,,,         ,David,Moser,Clear,Not Collision with Motor Vehicle in Transport,no,no,no,no,no,False
100918158,METROPOLITAN NASHVILLE POLICE DEPT,20150733022,Davidson,Nashville,8/5/2015 5:34:00 AM,1,1,0,36.220590,-86.811350,CRAVATH DR,,,,0.00,,,ROWAN DR,,,,0.00,Y,OTHER,N,Non-Junction,None,,,         ,Benjamin,Spees,Clear,Not Collision with Motor Vehicle in Transport,no,no,no,no,no,False
100918162,METROPOLITAN NASHVILLE POLICE DEPT,2015-0736035,Davidson,Nashville,8/6/2015 2:48:00 AM,2,1,0,36.171030,-86.773210,N 1ST ST,,,,291.00,Feet,North,MAIN ST,,,,0.00,N,Not at Intersection,N,Non-Junction,None,,,         ,Michael,Willis Jr.,Clear,Front to Rear,no,no,no,no,no,False
100918172,METROPOLITAN NASHVILLE POLICE DEPT,2015-0734222,Davidson,Nashville,8/5/2015 2:00:00 PM,2,0,0,36.130660,-86.836700,US HWY 70S,,,,29.00,Feet,East,LAUDERDALE RD,,,,0.00,N,Not at Intersection, ,Non-Junction,None,,,         ,Curtis,Rich,Cloudy,Front to Rear,no,no,no,no,no,False
100918183,GOODLETTSVILLE POLICE DEPT,15-29731,Davidson,Goodlettsville,8/6/2015 6:00:00 AM,1,0,0,36.309640,-86.688440,STATE HWY 386,,,,159.00,Feet,South,EXIT 1,,,,0.00,N,Not at Intersection, ,Non-Junction,None,,,         ,Benny,Alexander,Rain,Not Collision with Motor Vehicle in Transport,no,no,no,no,no,False
100918190,METROPOLITAN NASHVILLE POLICE DEPT,20150734017,Davidson,Nashville,8/5/2015 12:18:00 PM,2,1,0,36.097440,-86.823490,US HWY 431,,,,0.00,,,BURTON HILLS BLVD,,,,0.00,Y,Four-Way,N,Intersection,None,,,         ,Marc,Haugen,Clear,Front to Rear,no,no,no,no,no,False
100918191,METROPOLITAN NASHVILLE POLICE DEPT,20150734135,Davidson,Nashville,8/5/2015 1:00:00 PM,2,0,0,36.103170,-86.815800,WARFIELD DR,,,,109.00,Feet,East,US HWY 431,,,,0.00,N,Not at Intersection, ,Non-Junction,None,,,         ,Marc,Haugen,Clear,Angle,no,no,no,no,no,False
100918197,METROPOLITAN NASHVILLE POLICE DEPT,20150736436,Davidson,Nashville,8/6/2015 6:35:00 AM,1,0,0,36.040340,-86.782940,EXIT 74B,,,,0.00,Feet,East,I 65,,,,0.00,N,Not at Intersection,N,Non-Junction,None,,,         ,Arthur,Hummell,Rain,Not Collision with Motor Vehicle in Transport,no,no,no,no,no,False
100918198,METROPOLITAN NASHVILLE POLICE DEPT,20150734122,Davidson,Nashville,8/5/2015 12:58:00 PM,2,0,0,36.040720,-86.779570,STATE HWY 254,,,,70.00,Feet,West,STONE BROOK DR,,,,0.00,N,Not at Intersection, ,,None,,,         ,Nathan,Kemp,,,no,no,no,no,no,False
100918202,METROPOLITAN NASHVILLE POLICE DEPT,20150730851,Davidson,Nashville,8/4/2015 1:32:00 PM,2,0,0,36.183790,-86.748340,EASTLAND AVE,,,,0.00,,,GALLATIN AVE,,,,0.00,Y,OTHER, ,Non-Junction,None,,,         ,Alex,Moore,Clear,Angle,no,no,no,no,no,False
100918205,METROPOLITAN NASHVILLE POLICE DEPT,20150736446,Davidson,Nashville,8/6/2015 6:50:00 AM,2,0,0,36.167270,-86.661970,US HWY 70,,,,89.00,Feet,East,EDDINGS LN,,,,0.00,N,Not at Intersection, ,Non-Junction,None,,,         ,Joshua,Billotte,Rain,Front to Rear,no,no,no,no,no,False
100918211,METROPOLITAN NASHVILLE POLICE DEPT,20150736518,Davidson,Nashville,8/6/2015 7:45:00 AM,2,0,0,36.025210,-86.664750,PETTUS RD,,,,0.00,,,PRESTON RD,,,,0.00,Y,T-Intersection, ,Intersection,None,,,         ,Kenneth,Alexandrow,Rain,Front to Rear,no,no,no,no,no,False
100918212,METROPOLITAN NASHVILLE POLICE DEPT,2015-0736505,Davidson,Not in City Limit,8/6/2015 7:44:00 AM,2,0,0,36.106430,-86.930820,SAWYER BROWN RD,,,,0.00,,,HUNTERS RUN,,,,0.00,Y,T-Intersection,N,Intersection,None,,,         ,Curtis,Rich,Rain,Front to Rear,no,no,no,no,no,False
100918214,METROPOLITAN NASHVILLE POLICE DEPT,20150736487,Davidson,Nashville,8/6/2015 7:30:00 AM,1,0,0,36.032220,-86.765220,CLOVERLAND DR,,,,0.00,,,FREDERICKSBURG WAY E,,,,0.00,Y,T-Intersection, ,,None,,,         ,Richard,Conger,,,no,no,no,no,no,False
100918221,METROPOLITAN NASHVILLE POLICE DEPT,20150733368,Davidson,Nashville,8/5/2015 8:34:00 AM,2,0,0,36.183450,-86.744970,EASTLAND AVE,,,,0.00,,,N 14TH ST,,,,0.00,Y,Four-Way, ,Intersection-Related,None,,,         ,Alex,Moore,Clear,Front to Rear,no,no,no,no,no,False
100918222,METROPOLITAN NASHVILLE POLICE DEPT,20150736544,Davidson,Nashville,8/6/2015 7:49:00 AM,2,0,0,36.183170,-86.640060,US HWY 70,,,,661.00,Feet,East,DOWNEYMEADE DR,,,,0.00,N,Not at Intersection, ,Non-Junction,None,,,         ,John,Anderson,Rain,Front to Rear,no,no,no,no,no,False
100918232,METROPOLITAN NASHVILLE POLICE DEPT,20150736528,Davidson,Nashville,8/6/2015 7:35:00 AM,2,0,0,36.046390,-86.674060,BLUE HOLE RD,,,,255.00,Feet,North,STATE HWY 254,,,,0.00,N,Not at Intersection, ,,None,,,         ,Julius,Gallon,,,no,no,no,no,no,False
100918234,METROPOLITAN NASHVILLE POLICE DEPT,20150736561,Davidson,Not in City Limit,8/6/2015 8:05:00 AM,2,0,0,36.261640,-86.677890,SANHURST DR,,,,0.00,,,E OLD HICKORY BLVD,,,,0.00,Y,OTHER, ,Intersection,None,,,         ,Eric,Richardson,Rain,"Sideswipe, Opposite Direction",no,no,no,no,yes,False
100918236,METROPOLITAN NASHVILLE POLICE DEPT,20150734274,Davidson,Nashville,8/5/2015 2:30:00 PM,2,0,0,36.154490,-86.739260,US HWY 70,,,,88.00,Feet,East,OMOHUNDRO PL,,,,0.00,N,Not at Intersection,N,Non-Junction,None,,,         ,Joshua,Billotte,Cloudy,Front to Rear,no,no,no,no,yes,False
100918241,METROPOLITAN NASHVILLE POLICE DEPT,20150736566,Davidson,Nashville,8/6/2015 7:40:00 AM,2,0,0,36.168010,-86.609470,I 40,,,,0.00,,,,,,,220.40,N,Not at Intersection, ,Non-Junction,None,,,         ,James,Curtis,Rain,Front to Rear,no,no,no,no,no,False
100918243,METROPOLITAN NASHVILLE POLICE DEPT,2015-0736538,Davidson,Not in City Limit,8/6/2015 7:44:00 AM,3,0,0,36.077030,-87.013960,I 40,,,,0.00,,,,,,,192.90,N,Not at Intersection,N,Non-Junction,None,,,         ,Benjamin,Cantrell,Rain,Front to Rear,no,no,no,no,yes,False
100918245,METROPOLITAN NASHVILLE POLICE DEPT,20150736567,Davidson,Nashville,8/6/2015 6:50:00 AM,2,1,0,36.090980,-86.750090,TROUSDALE DR,,,,499.00,Feet,North,GRASSMERE PARK,,,,0.00,N,Not at Intersection,N,Non-Junction,None,,,         ,Marc,Haugen,Rain,Front to Rear,no,no,no,no,yes,False
100918246,METROPOLITAN NASHVILLE POLICE DEPT,2015-0736646,Davidson,Not in City Limit,8/6/2015 8:00:00 AM,1,0,0,36.077170,-87.031380,I 40,,,,0.00,,,,,,,191.90,N,Not at Intersection,N,Non-Junction,None,,,         ,Curtis,Rich,Rain,Not Collision with Motor Vehicle in Transport,no,no,no,no,no,False
100918250,METROPOLITAN NASHVILLE POLICE DEPT,2015-0736520,Davidson,Nashville,8/6/2015 7:35:00 AM,2,0,0,36.183170,-86.640060,US HWY 70,,,,661.00,Feet,East,DOWNEYMEADE DR,,,,0.00,N,Not at Intersection, ,Non-Junction,None,,,         ,Michael,Baker,Rain,Front to Rear,no,no,no,no,no,False
100918258,METROPOLITAN NASHVILLE POLICE DEPT,20150736652,Davidson,Nashville,8/6/2015 8:30:00 AM,1,0,0,36.127990,-86.772590,I 65,,,,0.00,,,,,,,80.90,N,Not at Intersection,N,Non-Junction,None,,,         ,Thomas,West,Rain,Not Collision with Motor Vehicle in Transport,no,no,no,no,no,False
100918263,METROPOLITAN NASHVILLE POLICE DEPT,20150736612,Davidson,Nashville,8/6/2015 8:13:00 AM,2,0,0,36.043370,-86.843840,STATE HWY 254,,,,473.00,Feet,West,BALLEROY DR,,,,0.00,N,Not at Intersection,N,Non-Junction,None,,,         ,Arthur,Hummell,Rain,Front to Rear,no,no,no,no,no,False
100918264,METROPOLITAN NASHVILLE POLICE DEPT,20150736579,Davidson,Nashville,8/6/2015 8:45:00 AM,2,0,0,36.180430,-86.800260,EXIT 85,,,,0.00,Feet,East,I 65,,,,0.00,N,Not at Intersection, ,Non-Junction,None,,,         ,Richard,Olive,Rain,Front to Rear,no,no,no,no,no,False
100918265,METROPOLITAN NASHVILLE POLICE DEPT,20150736616,Davidson,Nashville,8/6/2015 8:15:00 AM,2,0,0,36.191180,-86.796220,VANTAGE WAY,,,,147.00,Feet,East,RAMP,,,,0.00,N,Not at Intersection, ,,None,,,         ,Joshua,Baker,,,no,no,no,no,no,False
100918268,METROPOLITAN NASHVILLE POLICE DEPT,2015-0733937,Davidson,Nashville,8/5/2015 11:56:00 AM,2,0,0,36.162190,-86.775330,2ND AVE N,,,,100.00,Feet,North,US HWY 70,,,,0.00,N,Not at Intersection, ,Non-Junction,None,,,         ,Allen,Bates,Clear,"Sideswipe, Same Direction",no,no,no,no,no,False
100918273,METROPOLITAN NASHVILLE POLICE DEPT,20150736533,Davidson,Nashville,8/6/2015 7:05:00 AM,2,0,0,36.110230,-86.770480,I 65,,,,0.00,,,,,,,79.75,N,Not at Intersection, ,Non-Junction,None,,,         ,Randal,Owsley,Rain,Front to Rear,no,no,no,no,no,False
100918278,METROPOLITAN NASHVILLE POLICE DEPT,20150736605,Davidson,Nashville,8/6/2015 8:13:00 AM,2,1,0,36.062880,-86.716820,FAIRLANE DR,,,,0.00,,,US HWY 31 ALT,,,,0.00,Y,T-Intersection,N,Intersection-Related,None,,,         ,Brian,Penny,Rain,Angle,no,no,no,no,no,False
100918280,GOODLETTSVILLE POLICE DEPT,15-29744,Davidson,Goodlettsville,8/6/2015 8:37:00 AM,2,1,0,36.298370,-86.713230,I 65,,,,0.00,,,,,,,95.00,N,Not at Intersection,N,Non-Junction,None,,,         ,Daniel,Knalls,Rain,Not Collision with Motor Vehicle in Transport,no,no,no,no,no,False
100918284,METROPOLITAN NASHVILLE POLICE DEPT,20150734241,Davidson,Nashville,8/5/2015 2:03:00 PM,3,0,0,36.141160,-86.721920,SPENCE LN,,,,0.00,,,EXIT 213,,,,0.00,Y,T-Intersection, ,Intersection-Related,None,,,         ,James,Curtis,Clear,Front to Rear,no,no,no,no,no,False
100918289,METROPOLITAN NASHVILLE POLICE DEPT,2015-0736617,Davidson,Nashville,8/6/2015 8:20:00 AM,2,1,0,36.111290,-86.722860,I 24,,,,0.00,,,,,,,53.60,N,Not at Intersection,N,Non-Junction,None,,,         ,Todd,Watson,Rain,"Sideswipe, Same Direction",no,no,no,no,no,False
100918295,METROPOLITAN NASHVILLE POLICE DEPT,20150736706,Davidson,Nashville,8/6/2015 12:00:00 AM,1,0,0,36.146960,-86.629590,MISTY CT,,,,0.00,,,NORWALK DR,,,,0.00,Y,T-Intersection, ,Non-Junction,None,,,         ,Sean,Wuethrich,Unknown,Not Collision with Motor Vehicle in Transport,no,no,no,no,yes,False
100918296,METROPOLITAN NASHVILLE POLICE DEPT,20150730720,Davidson,Nashville,8/4/2015 12:37:00 PM,4,1,0,36.180660,-86.749660,GALLATIN AVE,,,,0.00,,,ORDWAY PL,,,,0.00,Y,T-Intersection,N,Non-Junction,None,,,         ,Alex,Moore,Clear,Front to Rear,no,no,no,no,no,False