master_record_number,agency,agency_tracking_number,county,city,collision_date,vehicles_involved,number_injured,number_dead,latitude,longitude,roadway_name,roadway_suffix,roadway_number,roadway_local_id,distance_from_reference,miles-feet_indicator,direction_from_reference,intersection_road_name,intersection_road_name_suffix,intersection_road_number,intersection_local_id,mile_marker,intersection_indicator,intersect_type,interchange_related_indicator,relation_to_junction,work_zone_type,construction_maintenance_zone,construction_maintenance_zone_location,fatal_case_number,officer_first_name,officer_last_name,weather_condition(s),manner_of_crash,pedestrian,bicycle,scooter,parking,hitrun,mou
100919231,METROPOLITAN NASHVILLE POLICE DEPT,20150741181,Davidson,Nashville,8/7/2015 3:14:00 PM,2,0,0,36.191580,-86.785860,I 65,,,,0.00,,,,,,,86.00,N,Not at Intersection, ,Non-Junction,None,,,         ,Blaze,Williams,Clear,"Sideswipe, Same Direction",no,no,no,no,no,False
100919232,METROPOLITAN NASHVILLE POLICE DEPT,20150741200,Davidson,Nashville,8/7/2015 3:22:00 PM,2,1,0,36.135120,-86.697950,STATE HWY 155,,,,396.00,Feet,South,CORPORATE DR,,,,0.00,N,Not at Intersection,Y,Non-Junction,None,,,         ,Michael,Apsey,Clear,Front to Rear,no,no,no,no,no,False
100919253,METROPOLITAN NASHVILLE POLICE DEPT,20150741199,Davidson,Nashville,8/7/2015 3:10:00 PM,2,0,0,36.187950,-86.607710,OLD LEBANON DIRT RD,,,,0.00,,,ANDREW JACKSON PKWY,,,,0.00,Y,Four-Way, ,Intersection,None,,,         ,George,Krukowski,Cloudy,Angle,no,no,no,no,no,False
100919268,METROPOLITAN NASHVILLE POLICE DEPT,20150741409,Davidson,Nashville,8/7/2015 12:00:00 AM,2,0,0,36.160890,-86.793680,EXIT 209,,,,0.00,,,I 40,,,,0.00,Y,T-Intersection, ,Intersection,None,,,         ,Michael,Collazo,Clear,Front to Rear,no,no,no,no,no,False
100919272,METROPOLITAN NASHVILLE POLICE DEPT,2015-0741062,Davidson,Nashville,8/7/2015 2:23:00 PM,2,0,0,36.119550,-86.766720,I 440,,,,0.00,,,,,,,5.35,N,Not at Intersection,N,Non-Junction,Maintenance Zone,Intermittent Moving Work,Transition Area,         ,William,King,Clear,Front to Rear,no,no,no,no,no,False
100919274,METROPOLITAN NASHVILLE POLICE DEPT,20150741134,Davidson,Nashville,8/7/2015 2:59:00 PM,2,0,0,36.088770,-86.649800,US HWY 41,,,,134.00,Feet,South,RANSOM PL,,,,0.00,N,Not at Intersection,N,Non-Junction,None,,,         ,Natalie,Robinson,Clear,Front to Rear,no,no,no,no,no,False
100919277,METROPOLITAN NASHVILLE POLICE DEPT,2015-0741096,Davidson,Not in City Limit,8/7/2015 2:44:00 PM,2,1,0,36.017700,-87.030590,STATE HWY 96,,,,18.00,Feet,East,RAMP,,,,0.00,N,Not at Intersection,N,Entrance/Exit Ramp Related,None,,,         ,Walter,Gray II,Cloudy,Front to Rear,no,no,no,no,no,False
100919278,METROPOLITAN NASHVILLE POLICE DEPT,20150741445,Davidson,Nashville,8/7/2015 4:52:00 PM,2,0,0,36.142730,-86.707300,I 40,,,,0.00,,,,,,,214.35,N,Not at Intersection, ,Non-Junction,None,,,         ,Michael,Apsey,Clear,Front to Rear,no,no,no,no,no,False
100919279,METROPOLITAN NASHVILLE POLICE DEPT,20150741367,Davidson,Nashville,8/7/2015 4:27:00 PM,2,0,0,36.083320,-86.761570,SIDCO DR,,,,0.00,,,CSX DR,,,,0.00,Y,T-Intersection,N,Intersection,None,,,         ,Clyde,Stambaugh,Clear,Angle,no,no,no,no,no,False
100919282,METROPOLITAN NASHVILLE POLICE DEPT,20150741224,Davidson,Nashville,8/7/2015 3:30:00 PM,2,0,0,36.110260,-86.758140,KRAFT DR,,,,163.00,Feet,North,FONTANA DR,,,,0.00,N,Not at Intersection, ,Non-Junction,None,,,         ,Christopher,Davis,Clear,Angle,no,no,no,no,no,False
100919285,METROPOLITAN NASHVILLE POLICE DEPT,20150741427,Davidson,Not in City Limit,8/7/2015 3:30:00 PM,2,0,0,36.010750,-86.702450,US HWY 31 ALT,,,,136.00,Feet,South,LENOX CREEKSIDE DR,,,,0.00,N,Not at Intersection,N,Non-Junction,None,,,         ,Ian,Lynch,Clear,Front to Rear,no,no,no,no,no,False
100919303,METROPOLITAN NASHVILLE POLICE DEPT,20150741622,Davidson,Nashville,8/7/2015 5:30:00 PM,2,0,0,36.180570,-86.796380,US HWY 41 ALT,,,,0.00,,,GARFIELD ST,,,,0.00,Y,Four-Way, ,Intersection-Related,None,,,         ,Allen,Hall,Clear,Front to Rear,no,no,no,no,no,False
100919304,METROPOLITAN NASHVILLE POLICE DEPT,2015-0741385,Davidson,Nashville,8/7/2015 4:35:00 PM,2,0,0,36.109290,-86.811770,US HWY 431,,,,50.00,Feet,North,CRESTMOOR RD,,,,0.00,N,Not at Intersection, ,Non-Junction,None,,,         ,Walter,Gray II,Cloudy,"Sideswipe, Same Direction",no,no,no,no,no,False
100919307,METROPOLITAN NASHVILLE POLICE DEPT,20150741604,Davidson,Nashville,8/7/2015 4:27:00 PM,2,0,0,36.081330,-86.759480,STATE HWY 255,,,,0.00,,,RAMP,,,,0.00,Y,T-Intersection, ,,None,,,         ,Mekisha,Page,,,no,no,no,no,no,False
100919308,METROPOLITAN NASHVILLE POLICE DEPT,20150741504,Davidson,Nashville,8/7/2015 5:03:00 PM,2,1,0,36.196790,-86.688020,STATE HWY 155,,,,150.00,Feet,South,-- UNKNOWN RAMP/ROAD --,,,,0.00,N,Not at Intersection,N,Non-Junction,None,,,         ,Tyler,Conrads,Clear,"Sideswipe, Same Direction",no,no,no,no,no,False
100919309,METROPOLITAN NASHVILLE POLICE DEPT,20150741097,Davidson,Nashville,8/7/2015 2:45:00 PM,2,2,0,36.213260,-86.775430,I 65,,,,0.00,,,,,,,87.80,N,Not at Intersection,N,Non-Junction,None,,,         ,Kevin,Reynolds,Clear,Front to Rear,no,no,no,no,no,False
100919310,METROPOLITAN NASHVILLE POLICE DEPT,20150741261,Davidson,Nashville,8/7/2015 3:47:00 PM,3,1,0,36.204080,-86.769020,US HWY 31W,,,,659.00,Feet,South,E TRINITY LN,,,,0.00,N,Not at Intersection,N,Non-Junction,None,,,         ,Kevin,Reynolds,Clear,Front to Rear,no,no,no,no,no,False
100919311,METROPOLITAN NASHVILLE POLICE DEPT,2015-0741509,Davidson,Nashville,8/7/2015 5:10:00 PM,2,1,0,36.134430,-86.776340,-- UNKNOWN RAMP/ROAD --,,,,0.00,,,RAMP,,,,0.00,Y,T-Intersection,Y,Entrance/Exit Ramp Related,None,,,         ,Austin,Kendrick,Clear,Front to Rear,no,no,no,no,no,False
100919313,METROPOLITAN NASHVILLE POLICE DEPT,20150741393,Davidson,Not in City Limit,8/7/2015 4:28:00 PM,2,0,0,36.263000,-86.680930,STATE HWY 45,,,,0.00,,,RIO VISTA DR,,,,0.00,Y,Four-Way,N,Intersection,None,,,         ,Ryan,Allen,Clear,Front to Rear,no,no,no,no,yes,False
100919318,METROPOLITAN NASHVILLE POLICE DEPT,20150741530,Davidson,Nashville,8/7/2015 4:58:00 PM,2,1,0,36.150020,-86.771540,-- UNKNOWN RAMP/ROAD --,,,,0.00,,,I 40,,,,0.00,Y,OTHER,Y,Entrance/Exit Ramp Related,None,,,         ,Megan,Lamon,Clear,Front to Rear,no,no,no,no,no,False
100919319,METROPOLITAN NASHVILLE POLICE DEPT,20150741235,Davidson,Nashville,8/7/2015 3:33:00 PM,2,0,0,36.162670,-86.761230,I 24,,,,0.00,,,,,,,49.30,N,Not at Intersection,N,Non-Junction,None,,,         ,Cressie,Prill,Clear,Front to Rear,no,no,no,no,no,False
100919320,METROPOLITAN NASHVILLE POLICE DEPT,20150741663,Davidson,Nashville,8/7/2015 6:09:00 PM,2,0,0,36.081960,-86.761480,-- UNKNOWN RAMP/ROAD --,,,,0.00,Feet,East,STATE HWY 255,,,,0.00,N,Not at Intersection, ,,None,,,         ,Charles,Griffin,,,no,no,no,no,no,False
100919326,METROPOLITAN NASHVILLE POLICE DEPT,20150741475,Davidson,Nashville,8/7/2015 4:30:00 PM,2,0,0,36.140610,-86.731930,I 40,,,,0.00,,,,,,,213.00,N,Not at Intersection,N,Non-Junction,None,,,         ,Colby,Mathis,Clear,Front to Rear,no,no,no,no,yes,False
100919333,METROPOLITAN NASHVILLE POLICE DEPT,20150741609,Davidson,Nashville,8/7/2015 5:48:00 PM,2,1,0,36.133950,-86.722600,US HWY 41,,,,0.00,,,PLUS PARK BLVD,,,,0.00,Y,T-Intersection,N,Non-Junction,None,,,         ,Michael,Apsey,Clear,Angle,no,no,no,no,no,False
100919335,METROPOLITAN NASHVILLE POLICE DEPT,20150741562,Davidson,Nashville,8/7/2015 5:06:00 PM,2,0,0,36.102650,-86.765350,I 65,,,,0.00,,,,,,,79.25,N,Not at Intersection, ,Non-Junction,None,,,         ,Jacob,Crouch,Clear,Front to Rear,no,no,no,no,no,False
100919336,METROPOLITAN NASHVILLE POLICE DEPT,20150741676,Davidson,Nashville,8/7/2015 6:15:00 PM,2,0,0,36.153290,-86.686850,ELM HILL PIKE,,,,35.00,Feet,West,ERMAC DR,,,,0.00,N,Not at Intersection, ,Non-Junction,None,,,         ,Austin,Childress,Clear,Angle,no,no,no,no,no,False
100919339,METROPOLITAN NASHVILLE POLICE DEPT,20150741100,Davidson,Nashville,8/7/2015 2:47:00 PM,2,0,0,36.156750,-86.760340,I 24,,,,0.00,,,,,,,49.70,N,Not at Intersection, ,Non-Junction,None,,,         ,Caleb,Rogan,Clear,Front to Rear,no,no,no,no,no,False
100919341,METROPOLITAN NASHVILLE POLICE DEPT,20150741746,Davidson,Goodlettsville,8/7/2015 6:27:00 PM,2,0,0,36.286820,-86.705370,US HWY 31E,,,,0.00,Feet,,EDENWOLD RD,,,,0.00,Y,Four-Way,N,Non-Junction,None,,,         ,Ryan,Stanford,Clear,Front to Rear,no,no,no,no,yes,False
100919344,METROPOLITAN NASHVILLE POLICE DEPT,20150741656,Davidson,Nashville,8/7/2015 5:30:00 PM,2,0,0,36.140530,-86.731640,I 40,,,,0.00,,,,,,,213.00,N,Not at Intersection,N,Non-Junction,None,,,         ,Sarah,Hartman,Clear,Front to Rear,no,no,no,no,yes,False
100919356,METROPOLITAN NASHVILLE POLICE DEPT,2015-0741115,Davidson,Not in City Limit,8/7/2015 2:03:00 PM,2,0,0,36.308640,-86.681530,RIVERCHASE BLVD,,,,0.00,Feet,,US HWY 31E,,,,0.00,Y,Four-Way, ,Intersection,None,,,         ,Brandon,Wood,Clear,Front to Rear,no,no,no,no,no,False
100919359,METROPOLITAN NASHVILLE POLICE DEPT,20150741823,Davidson,Nashville,8/7/2015 5:54:00 PM,2,0,0,36.163000,-86.768730,S 1ST ST,,,,0.00,,,GATEWAY BLVD,,,,0.00,Y,Four-Way, ,Intersection-Related,None,,,         ,Derek,Betty,Clear,Front to Rear,no,no,no,no,yes,False
100919362,METROPOLITAN NASHVILLE POLICE DEPT,20150741795,Davidson,Nashville,8/7/2015 7:00:00 PM,2,0,0,36.157640,-86.848860,ILLINOIS AVE,,,,0.00,,,51ST AVE N,,,,0.00,Y,Four-Way, ,Intersection,None,,,         ,Mark,Hatt,Clear,Angle,no,no,no,no,no,False
100919364,METROPOLITAN NASHVILLE POLICE DEPT,20150741583,Davidson,Nashville,8/7/2015 5:38:00 PM,4,5,0,36.076860,-86.766780,I 65,,,,0.00,,,,,,,77.45,N,Not at Intersection,N,Non-Junction,None,,,         ,Eric,Burford,Clear,Unknown,no,no,no,no,no,False
100919366,METROPOLITAN NASHVILLE POLICE DEPT,20150741480,Davidson,Nashville,8/7/2015 5:02:00 PM,2,2,0,36.183070,-86.772590,GRACE ST,,,,0.00,,,JOSEPH AVE,,,,0.00,Y,Four-Way,N,Non-Junction,None,,,         ,Christopher,Augustin,Clear,Angle,no,no,no,no,no,False
100919371,METROPOLITAN NASHVILLE POLICE DEPT,20150741607,Davidson,Not in City Limit,8/7/2015 5:40:00 PM,3,0,0,36.071110,-86.947050,TODD PREIS DR,,,,0.00,,,SAWYER BROWN RD,,,,0.00,Y,Four-Way, ,Intersection-Related,None,,,         ,John,Thomas,Clear,Front to Rear,no,no,no,no,no,False
100919401,GOODLETTSVILLE POLICE DEPT,15-29916,Davidson,Goodlettsville,8/7/2015 5:50:00 PM,2,0,0,36.306310,-86.700050,STATE HWY 386,,,,107.00,Feet,West,EXIT 1,,,,0.00,N,Not at Intersection, ,Non-Junction,None,,,         ,Wesley,Kinnaird,Clear,Front to Rear,no,no,no,no,no,False
100919417,METROPOLITAN NASHVILLE POLICE DEPT,20150742243,Davidson,Nashville,8/7/2015 7:00:00 PM,1,0,0,36.202980,-86.599890,BELGIUM CT,,,,414.00,Feet,North,BELGIUM DR,,,,0.00,N,Not at Intersection,N,Non-Junction,None,,,         ,Jacob,Halouska,Clear,Unknown,no,no,no,no,yes,False
100919418,METROPOLITAN NASHVILLE POLICE DEPT,20150741118,Davidson,Nashville,8/7/2015 1:43:00 PM,2,0,0,36.138740,-86.728260,I 24,,,,0.00,,,,,,,51.40,N,Not at Intersection, ,,None,,,         ,Bryan,Byrnes,,,no,no,no,no,no,False
100919430,METROPOLITAN NASHVILLE POLICE DEPT,20150741572,Davidson,Nashville,8/7/2015 5:25:00 PM,2,0,0,36.086860,-86.700140,-- UNKNOWN RAMP/ROAD --,,,,0.00,,,I 24,,,,0.00,Y,Y-Intersection,Y,Entrance/Exit Ramp Related,None,,,         ,Randy,Heinze,Clear,Front to Rear,no,no,no,no,no,False
100919431,METROPOLITAN NASHVILLE POLICE DEPT,20150738082,Davidson,Nashville,8/6/2015 6:27:00 PM,2,0,0,36.109020,-86.720180,EXIT 54,,,,0.00,Feet,East,I 24,,,,0.00,N,Not at Intersection, ,Non-Junction,None,,,         ,William,Durham,Clear,"Sideswipe, Same Direction",no,no,no,no,no,False
100919432,METROPOLITAN NASHVILLE POLICE DEPT,20150741129,Davidson,Nashville,8/7/2015 2:35:00 PM,2,0,0,36.091960,-86.685460,MCGAVOCK PIKE,,,,91.00,Feet,North,STATE HWY 255,,,,0.00,N,Not at Intersection, ,Non-Junction,None,,,         ,William,Durham,Clear,Front to Rear,no,no,no,no,no,False
100919433,METROPOLITAN NASHVILLE POLICE DEPT,20150741130,Davidson,Nashville,8/7/2015 2:58:00 PM,2,0,0,36.091960,-86.685460,MCGAVOCK PIKE,,,,91.00,Feet,North,STATE HWY 255,,,,0.00,N,Not at Intersection,Y,Non-Junction,None,,,         ,William,Durham,Clear,Front to Rear,no,no,no,no,no,False
100919434,METROPOLITAN NASHVILLE POLICE DEPT,20150741397,Davidson,Nashville,8/7/2015 4:02:00 PM,2,0,0,36.049900,-86.649350,MOUNT VIEW RD,,,,0.00,,,STATE HWY 254,,,,0.00,Y,Four-Way,N,Intersection,None,,,         ,William,Durham,Clear,Angle,no,no,no,no,no,False
100919435,METROPOLITAN NASHVILLE POLICE DEPT,20150742044,Davidson,Antioch,8/7/2015 8:15:00 PM,2,0,0,36.059320,-86.596940,STATE HWY 171,,,,360.00,Feet,North,HAMILTON CHURCH RD,,,,0.00,N,Not at Intersection,N,Non-Junction,None,,,         ,William,Durham,Clear,Front to Rear,no,no,no,yes,yes,False
100919439,METROPOLITAN NASHVILLE POLICE DEPT,20150741711,Davidson,Nashville,8/7/2015 6:23:00 PM,2,1,0,36.229770,-86.725040,GALLATIN PIKE,,,,64.00,Feet,South,RICHMOND DR,,,,0.00,N,Not at Intersection,N,Non-Junction,None,,,         ,Rachael,Sacco,Clear,Front to Rear,no,no,no,no,no,False
100919447,METROPOLITAN NASHVILLE POLICE DEPT,20150736008,Davidson,Goodlettsville,8/6/2015 2:28:00 AM,1,0,0,36.343420,-86.765720,LICKTON PIKE,,,,0.00,,,MCMAHAN RD,,,,0.00,Y,OTHER,N,Non-Junction,None,,,         ,Lewis,Taylor,Clear,Not Collision with Motor Vehicle in Transport,no,no,no,no,no,False
100919450,METROPOLITAN NASHVILLE POLICE DEPT,20150741300,Davidson,Nashville,8/7/2015 4:04:00 PM,2,1,0,36.221620,-86.837420,US HWY 41 ALT,,,,0.00,,,FAIRMEADE DR,,,,0.00,Y,T-Intersection,N,Non-Junction,None,,,         ,Michael,Brooks,Cloudy,Front to Rear,no,no,no,no,no,False
100919451,METROPOLITAN NASHVILLE POLICE DEPT,20150741484,Davidson,Nashville,8/7/2015 3:44:00 PM,2,0,0,36.173280,-86.791380,JEFFERSON ST,,,,0.00,,,US HWY 41 ALT,,,,0.00,Y,Four-Way, ,Non-Junction,None,,,         ,Michael,Brooks,Clear,Angle,no,no,no,no,no,False
100919452,METROPOLITAN NASHVILLE POLICE DEPT,20150741565,Davidson,Nashville,8/7/2015 5:31:00 PM,2,0,0,36.196720,-86.780970,FERN AVE,,,,315.00,Feet,West,KATIE ST,,,,0.00,N,Not at Intersection,N,Non-Junction,None,,,         ,Michael,Brooks,Clear,Unknown,no,no,no,no,yes,False
100919453,METROPOLITAN NASHVILLE POLICE DEPT,20150741919,Davidson,Nashville,8/7/2015 5:31:00 PM,2,0,0,36.207410,-86.839850,W HAMILTON AVE,,,,0.00,,,US HWY 41 ALT,,,,0.00,Y,T-Intersection,N,Intersection,None,,,         ,Michael,Brooks,Clear,Angle,no,no,no,no,yes,False
100919454,METROPOLITAN NASHVILLE POLICE DEPT,20150742033,Davidson,Nashville,8/7/2015 7:40:00 PM,1,0,0,36.196620,-86.765620,PENNOCK AVE,,,,103.00,Feet,South,MARIE ST,,,,0.00,N,Not at Intersection,N,Non-Junction,None,,,         ,Matthew,Cammarn,Clear,Not Collision with Motor Vehicle in Transport,no,no,no,no,yes,False
100919456,METROPOLITAN NASHVILLE POLICE DEPT,20150741538,Davidson,Nashville,8/7/2015 5:20:00 PM,2,0,0,0.000000,0.000000,,,I24,,400.00,Feet,North,,,,,57.00,N,Not at Intersection, ,Non-Junction,None,,,         ,Josh,Baney,Clear,Front to Rear,no,no,no,no,no,False
100919477,METROPOLITAN NASHVILLE POLICE DEPT,20150741550,Davidson,Nashville,8/7/2015 5:15:00 PM,2,0,0,36.111090,-86.684920,US HWY 41,,,,262.00,Feet,East,AIR FREIGHT BLVD,,,,0.00,N,Not at Intersection, ,Non-Junction,None,,,         ,Jarret,Sonnenberg,Clear,Front to Rear,no,no,no,no,no,False
100919484,METROPOLITAN NASHVILLE POLICE DEPT,2015-00807448,Davidson,Goodlettsville,7/30/2015 12:30:00 AM,2,0,0,36.295650,-86.700310,US HWY 31E,,,,231.00,Feet,South,RAMP,,,,0.00,N,Not at Intersection, ,Non-Junction,None,,,         ,David,Snowden,Clear,Other,no,no,no,no,no,False
100919486,METROPOLITAN NASHVILLE POLICE DEPT,20150722870,Davidson,Madison,8/1/2015 2:00:00 PM,2,0,0,36.250800,-86.718440,US HWY 31E,,,,0.00,,,MOVING CENTER CT,,,,0.00,Y,T-Intersection, ,Intersection,None,,,         ,Carlos,Urrutia,Clear,Angle,no,no,no,no,no,False
100919493,METROPOLITAN NASHVILLE POLICE DEPT,20150742424,Davidson,Antioch,8/7/2015 10:10:00 PM,2,0,0,0.000000,0.000000,HICKORY HIGHLANDS,DR,,,300.00,Feet,North,BELL,RD,,,0.00,N,Not at Intersection,N,Non-Junction,None,,,         ,Josh,Baney,Clear,Angle,no,no,no,no,no,False
100919499,METROPOLITAN NASHVILLE POLICE DEPT,20150742481,Davidson,Nashville,8/7/2015 12:00:00 AM,1,0,0,36.022440,-86.742600,EDMONDSON PIKE,,,,259.00,Feet,North,MOUNT PISGAH RD,,,,0.00,N,Not at Intersection,N,Non-Junction,None,,,         ,Jason,Thomas,Clear,Unknown,no,no,no,no,yes,False
100919520,METROPOLITAN NASHVILLE POLICE DEPT,20150742133,Davidson,Nashville,8/7/2015 8:35:00 PM,1,0,0,36.200160,-86.762110,LISCHEY AVE,,,,0.00,,,PULLEN AVE,,,,0.00,Y,T-Intersection,N,Non-Junction,None,,,         ,Shawn,Rosson,Clear,Not Collision with Motor Vehicle in Transport,no,no,no,no,yes,False
100919522,THP District 3 - Nashville,315039132,Davidson,Nashville,7/29/2015 8:17:00 PM,2,0,0,36.143930,-86.701030,I 40,,,,0.00,,,,,,,214.70,N,Not at Intersection,N,Non-Junction,None,,,         ,Shane,Roberts,Clear,Front to Rear,no,no,no,no,no,False
100919529,METROPOLITAN NASHVILLE POLICE DEPT,20150724389,Davidson,Nashville,8/2/2015 3:32:00 AM,1,1,0,36.118070,-86.725900,EXIT 53,,,,0.00,,,I 24,,,,0.00,Y,OTHER,N,Non-Junction,None,,,         ,Dezmond,Hughes,Clear,Not Collision with Motor Vehicle in Transport,no,no,no,no,no,False
100919540,METROPOLITAN NASHVILLE POLICE DEPT,20150742892,Davidson,Nashville,8/8/2015 1:00:00 AM,1,0,0,36.228120,-86.747150,US HWY 31E,,,,255.00,Feet,North,-- UNKNOWN RAMP/ROAD --,,,,0.00,N,Not at Intersection,N,Non-Junction,None,,,         ,Douglas,Smith,Clear,Not Collision with Motor Vehicle in Transport,no,no,no,no,yes,False
100919543,METROPOLITAN NASHVILLE POLICE DEPT,20150742538,Davidson,Nashville,8/7/2015 11:08:00 PM,1,0,0,36.197790,-86.771120,US HWY 31W,,,,207.00,Feet,North,MARIE ST,,,,0.00,N,Not at Intersection,N,Non-Junction,None,,,         ,Joshua,Lefler,Clear,Not Collision with Motor Vehicle in Transport,no,no,no,yes,no,False
100919547,METROPOLITAN NASHVILLE POLICE DEPT,20150741458,Davidson,Nashville,8/7/2015 4:54:00 PM,3,3,0,36.101170,-86.663330,US HWY 41,,,,747.00,Feet,North,OLD MURFREESBORO PIKE,,,,0.00,N,Not at Intersection,N,Non-Junction,None,,,         ,Jason,Door,Clear,Front to Rear,no,no,no,no,no,False
100919553,METROPOLITAN NASHVILLE POLICE DEPT,20150742893,Davidson,Nashville,8/8/2015 1:00:00 AM,1,0,0,36.061140,-86.721280,MCMURRAY DR,,,,0.00,,,WHISPERING HILLS DR,,,,0.00,Y,Four-Way,N,Intersection,None,,,         ,Charles,Holmes,Clear,Not Collision with Motor Vehicle in Transport,no,no,no,no,no,False
100919555,METROPOLITAN NASHVILLE POLICE DEPT,20150743106,Davidson,Nashville,8/8/2015 2:59:00 AM,2,0,0,36.153930,-86.787960,I 40,,,,0.00,,,,,,,209.30,N,Not at Intersection,N,Entrance/Exit Ramp Related,None,,,         ,Harris,Smith,Clear,"Sideswipe, Same Direction",no,no,no,no,no,False
100919556,METROPOLITAN NASHVILLE POLICE DEPT,20150742473,Davidson,Nashville,8/7/2015 10:10:00 PM,2,0,0,36.251970,-86.717630,US HWY 31E,,,,0.00,Feet,,E WEBSTER ST,,,,0.00,Y,Four-Way,N,Intersection,None,,,         ,Michael,Reid,Clear,Angle,no,no,no,no,no,False
100919564,METROPOLITAN NASHVILLE POLICE DEPT,20150743087,Davidson,Nashville,8/8/2015 2:30:00 AM,2,1,0,36.156480,-86.794510,16TH AVE N,,,,0.00,,,CHURCH ST,,,,0.00,Y,T-Intersection,N,Intersection,None,,,         ,Charles,Wingo,Clear,Front to Rear,no,no,no,no,no,False
100919569,METROPOLITAN NASHVILLE POLICE DEPT,20150742635,Davidson,Madison,8/7/2015 11:37:00 PM,1,1,0,36.277490,-86.729190,N GRAYCROFT AVE,,,,325.00,Feet,North,E CAMPBELL RD,,,,0.00,N,Not at Intersection,N,Non-Junction,None,,,         ,David,Snowden,Clear,Not Collision with Motor Vehicle in Transport,yes,no,no,yes,no,False
100919572,METROPOLITAN NASHVILLE POLICE DEPT,20150739788,Davidson,Nashville,8/7/2015 6:00:00 AM,2,0,0,36.083760,-86.646840,BROOKSBORO TER,,,,111.00,Feet,East,US HWY 41,,,,0.00,N,Not at Intersection, ,Non-Junction,None,,,         ,Dontaveous,Eubanks,Cloudy,Front to Rear,no,no,no,no,no,False
100919579,METROPOLITAN NASHVILLE POLICE DEPT,20150742847,Davidson,Nashville,8/8/2015 12:45:00 AM,1,1,0,36.118150,-86.776120,GALE LN,,,,490.00,Feet,West,-- UNKNOWN RAMP/ROAD --,,,,0.00,N,Not at Intersection,N,Non-Junction,None,,,         ,Devon,Morgan,Clear,Not Collision with Motor Vehicle in Transport,yes,no,no,no,yes,False
100919583,METROPOLITAN NASHVILLE POLICE DEPT,20150743413,Davidson,Nashville,8/8/2015 5:38:00 AM,1,0,0,36.230560,-86.829210,EXIT 21A,,,,0.00,Feet,East,STATE HWY 155,,,,0.00,N,Not at Intersection,Y,Entrance/Exit Ramp Related,None,,,         ,Geoffrey,Daugherty,Clear,Not Collision with Motor Vehicle in Transport,no,no,no,no,no,False
100919585,METROPOLITAN NASHVILLE POLICE DEPT,20150743426,Davidson,Nashville,8/8/2015 5:20:00 AM,2,0,0,36.142320,-86.666680,STATE HWY 255,,,,56.00,Feet,North,RAMP,,,,0.00,N,Not at Intersection, ,Entrance/Exit Ramp Related,None,,,         ,Codey,Mullins,Fog,Front to Rear,no,no,no,no,no,False
100919588,METROPOLITAN NASHVILLE POLICE DEPT,20150740982,Davidson,Nashville,8/7/2015 1:50:00 PM,2,0,0,36.121840,-86.750660,-- UNKNOWN RAMP/ROAD --,,,,0.00,Feet,,I 440,,,,0.00,Y,T-Intersection,N,Intersection,None,,,         ,James,Smith,Clear,Front to Rear,no,no,no,no,yes,False
100919600,METROPOLITAN NASHVILLE POLICE DEPT,20150740932,Davidson,Nashville,8/7/2015 1:30:00 PM,2,1,0,36.041850,-86.824450,STATE HWY 254,,,,100.00,Feet,East,RIVER OAKS RD,,,,0.00,N,Not at Intersection,N,Non-Junction,None,,,         ,Reuben,Hewit,Clear,Front to Rear,no,no,no,no,no,False
100919606,VANDERBILT UNIVERSITY POLICE,15-0740075,Davidson,Nashville,8/7/2015 7:50:00 AM,2,0,0,36.139810,-86.802430,PIERCE AVE,,,,248.00,Feet,North,CHILDRENS WAY,,,,0.00,N,Not at Intersection, ,,None,,,         ,Brent,Clark,,,no,no,no,yes,no,Campus
100919619,METROPOLITAN NASHVILLE POLICE DEPT,20150730524,Davidson,Nashville,8/7/2015 10:53:00 AM,2,0,0,36.212010,-86.838660,US HWY 41 ALT,,,,375.00,Feet,North,FAIRVIEW DR,,,,0.00,N,Not at Intersection,N,Non-Junction,None,,,         ,Richard,Olive,Clear,Front to Rear,no,no,no,no,yes,False
100919632,METROPOLITAN NASHVILLE POLICE DEPT,20150743605,Davidson,Not in City Limit,8/8/2015 12:00:00 AM,1,0,0,36.054930,-86.956600,POPLAR CREEK RD,,,,869.00,Feet,West,WILLOW OAK DR,,,,0.00,N,Not at Intersection,N,Non-Junction,None,,,         ,Wesley,Tilley,Unknown,Not Collision with Motor Vehicle in Transport,no,no,no,no,yes,False
100919635,METROPOLITAN NASHVILLE POLICE DEPT,20150743568,Davidson,Not in City Limit,8/8/2015 8:31:00 AM,2,0,0,35.991200,-86.683490,US HWY 31 ALT,,,,0.00,,,BURKITT RD,,,,0.00,Y,T-Intersection, ,Intersection,None,,,         ,Megan,Arnett,Clear,Front to Rear,no,no,no,no,no,False
100919637,METROPOLITAN NASHVILLE POLICE DEPT,20150743469,Davidson,Nashville,8/8/2015 6:22:00 AM,1,1,0,36.111430,-86.722950,I 24,,,,0.00,,,,,,,53.55,N,Not at Intersection,N,Non-Junction,None,,,         ,Ian,Hammond,Clear,Not Collision with Motor Vehicle in Transport,no,no,no,no,no,False