master_record_number,agency,agency_tracking_number,county,city,collision_date,vehicles_involved,number_injured,number_dead,latitude,longitude,roadway_name,roadway_suffix,roadway_number,roadway_local_id,distance_from_reference,miles-feet_indicator,direction_from_reference,intersection_road_name,intersection_road_name_suffix,intersection_road_number,intersection_local_id,mile_marker,intersection_indicator,intersect_type,interchange_related_indicator,relation_to_junction,work_zone_type,construction_maintenance_zone,construction_maintenance_zone_location,fatal_case_number,officer_first_name,officer_last_name,weather_condition(s),manner_of_crash,pedestrian,bicycle,scooter,parking,hitrun,mou
100921144,METROPOLITAN NASHVILLE POLICE DEPT,20150752446,Davidson,Nashville,8/11/2015 11:43:00 AM,2,0,0,36.113060,-86.800010,STATE HWY 155,,,,0.00,,,BELMONT BLVD,,,,0.00,Y,Four-Way, ,Intersection-Related,None,,,         ,Joshua,Dickall,Clear,Front to Rear,no,no,no,no,no,False
100921151,METROPOLITAN NASHVILLE POLICE DEPT,20150752420,Davidson,Not in City Limit,8/11/2015 8:45:00 AM,1,0,0,36.056970,-86.933830,MCPHERSON DR,,,,457.00,Feet,East,HARPETH BEND DR,,,,0.00,N,Not at Intersection,N,OtherLocation,None,,,         ,Benjamin,Spees,Clear,Not Collision with Motor Vehicle in Transport,no,no,no,yes,yes,False
100921152,Radnor Lake Natural Area,0808151045,Davidson,Oak Hill,8/8/2015 10:45:00 AM,2,0,0,36.055460,-86.808110,OTTER CREEK RD,,,,0.00,,,OTTER CREEK RD,,,,0.00,Y,T-Intersection, ,Intersection-Related,None,,,         ,Samuel,King,Clear,Rear to Side,no,no,no,yes,no,False
100921153,GOODLETTSVILLE POLICE DEPT,15-30427,Davidson,Goodlettsville,8/11/2015 12:38:00 PM,2,1,0,36.324030,-86.704000,I 65,,,,0.00,,,STATE HWY 174,,,,0.00,Y,OTHER,N,Entrance/Exit Ramp Related,None,,,         ,Daniel,Knalls,Clear,Front to Rear,no,no,no,no,no,False
100921156,METROPOLITAN NASHVILLE POLICE DEPT,20150752286,Davidson,Nashville,8/11/2015 9:59:00 AM,3,0,0,36.045450,-86.703600,STATE HWY 254,,,,0.00,,,EULALA DR,,,,0.00,Y,Four-Way, ,Intersection,None,,,         ,Randall,Combs,Clear,Front to Rear,no,no,no,no,no,False
100921170,METROPOLITAN NASHVILLE POLICE DEPT,20150752350,Davidson,Nashville,8/11/2015 10:45:00 AM,2,2,0,36.115130,-86.777560,-- UNKNOWN RAMP/ROAD --,,,,0.00,,,I 440,,,,0.00,Y,OTHER,Y,Entrance/Exit Ramp Related,None,,,         ,David,Smith,Clear,"Sideswipe, Same Direction",no,no,no,no,no,False
100921178,METROPOLITAN NASHVILLE POLICE DEPT,20150752473,Davidson,Nashville,8/11/2015 11:50:00 AM,2,4,0,36.128760,-86.853300,STATE HWY 155,,,,444.00,Feet,East,BROOKWOOD TER,,,,0.00,N,Not at Intersection,N,Non-Junction,None,,,         ,Daniel,Alford,Clear,Angle,no,no,no,no,no,False
100921194,METROPOLITAN NASHVILLE POLICE DEPT,20150752482,Davidson,Nashville,8/11/2015 11:35:00 AM,2,0,0,36.142760,-86.744190,US HWY 41,,,,50.00,Feet,East,FESSLERS LN,,,,0.00,N,Not at Intersection,N,Non-Junction,None,,,         ,Justin,Franklin,Clear,Front to Rear,no,no,no,no,yes,False
100921196,METROPOLITAN NASHVILLE POLICE DEPT,20150752782,Davidson,Nashville,8/11/2015 2:14:00 PM,2,0,0,36.210460,-86.775710,-- UNKNOWN RAMP/ROAD --,,,,0.00,,,I 65,,,,0.00,Y,OTHER, ,Entrance/Exit Ramp Related,Construction Zone,,,         ,Christopher,Augustin,Clear,"Sideswipe, Same Direction",no,no,no,no,no,False
100921211,METROPOLITAN NASHVILLE POLICE DEPT,2015-0752510,Davidson,Nashville,8/11/2015 12:05:00 PM,2,0,0,36.169300,-86.862070,CENTENNIAL BLVD,,,,0.00,,,LINDER INDUSTRIAL DR,,,,0.00,Y,Four-Way, ,Intersection,None,,,         ,Walter,Gray II,Cloudy,Angle,no,no,no,no,no,False
100921212,METROPOLITAN NASHVILLE POLICE DEPT,2015-0752652,Davidson,Nashville,8/11/2015 1:12:00 PM,2,0,0,36.149660,-86.859940,US HWY 70,,,,0.00,,,OCEOLA AVE,,,,0.00,Y,T-Intersection, ,Intersection,None,,,         ,Walter,Gray II,Cloudy,Angle,no,no,no,no,no,False
100921222,METROPOLITAN NASHVILLE POLICE DEPT,20150752799,Davidson,Nashville,8/11/2015 2:05:00 PM,2,1,0,36.147010,-86.672170,ROYAL PKWY,,,,0.00,,,RACHEL DR,,,,0.00,Y,Four-Way,N,Intersection,None,,,         ,Wesley,Young,Clear,Angle,no,no,no,no,no,False
100921229,Bicentennial Capitol Mall State Park,72081015DF01,Davidson,Nashville,8/10/2015 9:50:00 AM,2,0,0,36.169540,-86.785840,HARRISON ST,,,,0.00,,,6TH AVE N,,,,0.00,Y,Roundabout,N,Intersection,None,,,         ,Donald,Fend,Clear,Front to Rear,no,no,no,no,no,False
100921230,METROPOLITAN NASHVILLE POLICE DEPT,20150752936,Davidson,Nashville,8/11/2015 3:10:00 PM,2,0,0,36.040780,-86.773460,STATE HWY 254,,,,0.00,,,OAKES DR,,,,0.00,Y,OTHER, ,Non-Junction,None,,,         ,Ricki,Armstrong,Clear,Front to Rear,no,no,no,no,yes,False
100921255,METROPOLITAN NASHVILLE POLICE DEPT,20150752953,Davidson,Nashville,8/11/2015 2:50:00 PM,1,0,0,36.186950,-86.766260,CLEVELAND ST,,,,0.00,,,N 3RD ST,,,,0.00,Y,OTHER,N,Non-Junction,None,,,         ,John,Anderson,Clear,Not Collision with Motor Vehicle in Transport,no,no,no,yes,no,False
100921262,METROPOLITAN NASHVILLE POLICE DEPT,20150753118,Davidson,Nashville,8/11/2015 4:00:00 PM,2,0,0,36.148500,-86.793480,SOUTH ST,,,,0.00,,,MUSIC SQ W,,,,0.00,Y,T-Intersection, ,Non-Junction,None,,,         ,Eric,Harvey,Clear,"Sideswipe, Same Direction",no,no,no,no,no,False
100921264,METROPOLITAN NASHVILLE POLICE DEPT,20150753194,Davidson,Nashville,8/11/2015 4:12:00 PM,2,0,0,36.154770,-86.779420,US HWY 41,,,,0.00,,,US HWY 31,,,,0.00,Y,Roundabout, ,Non-Junction,None,,,         ,Blaze,Williams,Clear,Angle,no,no,no,no,no,False
100921270,METROPOLITAN NASHVILLE POLICE DEPT,2015-0752877,Davidson,Nashville,8/11/2015 2:55:00 PM,2,0,0,36.044860,-86.670470,STATE HWY 254,,,,0.00,,,HICKORY PARK DR,,,,0.00,Y,T-Intersection, ,Non-Junction,None,,,         ,Brandon,O'Guin,Clear,"Sideswipe, Same Direction",no,no,no,no,no,False
100921271,METROPOLITAN NASHVILLE POLICE DEPT,20150728599,Davidson,Nashville,8/3/2015 7:25:00 PM,2,0,0,36.069150,-86.683880,ANTIOCH PIKE,,,,0.00,,,RICHARDS RD,,,,0.00,Y,T-Intersection,Y,Non-Junction,None,,,         ,Victoria,Cunningham,Clear,Angle,no,no,no,no,no,False
100921273,METROPOLITAN NASHVILLE POLICE DEPT,2015-0753102,Davidson,Nashville,8/11/2015 3:52:00 PM,2,0,0,36.036970,-86.786680,US HWY 31,,,,100.00,Feet,South,STATE HWY 254,,,,0.00,N,Not at Intersection,N,Non-Junction,None,,,         ,William,King,Clear,"Sideswipe, Same Direction",no,no,no,no,yes,False
100921277,GOODLETTSVILLE POLICE DEPT,15-30455,Davidson,Goodlettsville,8/11/2015 4:22:00 PM,2,0,0,36.324277,-86.704039,LONG HOLLOW,PIKE,,,0.00,,,,,I65,,0.00,Y,OTHER, ,Intersection-Related,None,,,         ,Timothy,Preston,Clear,Front to Rear,no,no,no,no,no,False
100921284,METROPOLITAN NASHVILLE POLICE DEPT,20150752880,Davidson,Nashville,8/11/2015 1:45:00 PM,2,0,0,36.226770,-86.725350,GALLATIN PIKE,,,,117.00,Feet,North,WINDING WAY,,,,0.00,N,Not at Intersection, ,Non-Junction,None,,,         ,Robert,Croteau,Clear,Front to Rear,no,no,no,no,no,False
100921286,METROPOLITAN NASHVILLE POLICE DEPT,20150753014,Davidson,Nashville,8/11/2015 3:10:00 PM,2,0,0,36.138480,-86.728060,-- UNKNOWN RAMP/ROAD --,,,,0.00,,,I 40,,,,0.00,Y,Y-Intersection, ,,None,,,         ,Randy,Heinze,,,no,no,no,no,no,False
100921287,METROPOLITAN NASHVILLE POLICE DEPT,20150753075,Davidson,Nashville,8/11/2015 4:09:00 PM,2,0,0,36.040780,-86.773460,STATE HWY 254,,,,0.00,,,OAKES DR,,,,0.00,Y,T-Intersection, ,,None,,,         ,Mekisha,Page,,,no,no,no,no,no,False
100921293,METROPOLITAN NASHVILLE POLICE DEPT,20150753038,Davidson,Nashville,8/11/2015 3:31:00 PM,2,0,0,36.132280,-86.721710,PAVILION BLVD,,,,0.00,,,,,,,0.00,,, ,,None,,,         ,Michael,Moss,,,no,no,no,no,no,False
100921297,GOODLETTSVILLE POLICE DEPT,15-30453,Davidson,Goodlettsville,8/11/2015 3:48:00 PM,3,1,0,36.324260,-86.703710,STATE HWY 174,,,,0.00,,,I 65,,,,0.00,Y,OTHER,Y,Intersection,None,,,         ,Benny,Alexander,Cloudy,Front to Rear,no,no,no,no,no,False
100921299,METROPOLITAN NASHVILLE POLICE DEPT,2015-0742499,Davidson,Nashville,8/7/2015 10:14:00 PM,2,0,0,36.063110,-86.916960,STATE HWY 251,,,,0.00,,,BELLEVUE RD,,,,0.00,Y,Four-Way,N,Intersection,None,,,         ,Joel,Callies,Clear,Front to Rear,no,no,no,no,yes,False
100921302,BERRY HILL POLICE DEPT,15-3188,Davidson,Berry Hill,8/11/2015 4:00:00 PM,2,0,0,36.124420,-86.776510,US HWY 31,,,,260.00,Feet,South,INVERNESS AVE,,,,0.00,N,Not at Intersection, ,Non-Junction,None,,,         ,Greg,Colson,Clear,Rear to Side,no,no,no,yes,no,False
100921310,METROPOLITAN NASHVILLE POLICE DEPT,20150753257,Davidson,Nashville,8/11/2015 4:38:00 PM,2,0,0,36.158580,-86.822580,I 40,,,,0.00,,,,,,,206.00,N,Not at Intersection,N,Non-Junction,None,,,         ,Tyler,Reese,Clear,Front to Rear,no,no,no,no,no,False
100921312,METROPOLITAN NASHVILLE POLICE DEPT,2015-0752792,Davidson,Nashville,8/11/2015 1:53:00 PM,2,0,0,36.159730,-86.852350,KENTUCKY AVE,,,,188.00,Feet,East,54TH AVE N,,,,0.00,N,Not at Intersection,N,"Driveway, Alley Access, etc",None,,,         ,Walter,Gray II,Cloudy,Angle,no,no,no,no,yes,False
100921313,METROPOLITAN NASHVILLE POLICE DEPT,20150753369,Davidson,Nashville,8/11/2015 4:33:00 PM,2,0,0,36.096150,-86.655630,US HWY 41,,,,0.00,,,SMITH SPRINGS RD,,,,0.00,Y,T-Intersection, ,Non-Junction,None,,,         ,Michael,Apsey,Clear,Front to Rear,no,no,no,no,no,False
100921321,METROPOLITAN NASHVILLE POLICE DEPT,20150753253,Davidson,Nashville,8/11/2015 4:31:00 PM,1,0,0,36.132610,-86.808720,26TH AVE S,,,,118.00,Feet,North,ESSEX PL,,,,0.00,N,Not at Intersection,N,Non-Junction,None,,,         ,Charles,Griffin,Clear,Not Collision with Motor Vehicle in Transport,no,no,no,no,no,False
100921322,METROPOLITAN NASHVILLE POLICE DEPT,20150753284,Davidson,Nashville,8/11/2015 4:46:00 PM,3,0,0,36.148610,-86.781470,I 40,,,,0.00,,,,,,,209.75,N,Not at Intersection,N,Non-Junction,None,,,         ,Clyde,Stambaugh,Clear,Front to Rear,no,no,no,no,no,False
100921326,METROPOLITAN NASHVILLE POLICE DEPT,20150753209,Davidson,Nashville,8/11/2015 4:10:00 PM,2,0,0,36.152630,-86.765600,-- UNKNOWN RAMP/ROAD --,,,,0.00,,East,I 40,,,,0.00,N,Not at Intersection, ,Non-Junction,None,,,         ,George,Krukowski,Clear,Front to Rear,no,no,no,no,no,False
100921333,METROPOLITAN NASHVILLE POLICE DEPT,20150752994,Davidson,Nashville,8/11/2015 2:59:00 PM,2,0,0,36.215960,-86.726570,NEWMAN AVE,,,,31.00,Feet,West,KINGSWOOD AVE,,,,0.00,N,Not at Intersection, ,Non-Junction,None,,,         ,Robert,Croteau,Clear,"Sideswipe, Opposite Direction",no,no,no,no,no,False
100921338,METROPOLITAN NASHVILLE POLICE DEPT,20150753317,Davidson,Nashville,8/11/2015 5:26:00 PM,2,0,0,36.041050,-86.776120,STATE HWY 254,,,,0.00,,,BRENTWOOD COMMONS WAY,,,,0.00,Y,T-Intersection, ,,None,,,         ,Mekisha,Page,,,no,no,no,no,no,False
100921343,METROPOLITAN NASHVILLE POLICE DEPT,20150753361,Davidson,Nashville,8/11/2015 4:35:00 PM,2,0,0,36.164950,-86.776060,CHURCH ST,,,,0.00,,,1ST AVE N,,,,0.00,Y,Four-Way, ,Non-Junction,None,,,         ,Blaze,Williams,Clear,"Sideswipe, Same Direction",no,no,no,no,no,False
100921344,METROPOLITAN NASHVILLE POLICE DEPT,2015-0753022,Davidson,Nashville,8/11/2015 3:19:00 PM,2,0,0,36.113600,-86.922900,STATE HWY 251,,,,300.00,Feet,South,TIDWELL RD,,,,0.00,N,Not at Intersection,N,Non-Junction,None,,,         ,Walter,Gray II,Cloudy,Front to Rear,no,no,no,no,no,False
100921347,METROPOLITAN NASHVILLE POLICE DEPT,20150753347,Davidson,Nashville,8/11/2015 5:06:00 PM,2,0,0,36.047960,-86.713450,US HWY 31 ALT,,,,292.00,Feet,South,HICKORYVIEW DR,,,,0.00,N,Not at Intersection,N,Non-Junction,None,,,         ,Ricki,Armstrong,Clear,"Sideswipe, Opposite Direction",no,no,no,no,no,False
100921352,METROPOLITAN NASHVILLE POLICE DEPT,2015-0753261,Davidson,Nashville,8/11/2015 4:28:00 PM,2,0,0,36.146810,-86.808230,25TH AVE S,,,,67.00,Feet,South,US HWY 70S,,,,0.00,N,Not at Intersection, ,Non-Junction,None,,,         ,Austin,Kendrick,Clear,Angle,no,no,no,no,no,Campus
100921354,METROPOLITAN NASHVILLE POLICE DEPT,20150753405,Davidson,Nashville,8/11/2015 5:25:00 PM,2,0,0,36.167890,-86.658550,US HWY 70,,,,524.00,Feet,West,DONELSONWOOD DR,,,,0.00,N,Not at Intersection,N,Non-Junction,None,,,         ,Austin,Childress,Clear,Angle,no,no,no,no,no,False
100921358,METROPOLITAN NASHVILLE POLICE DEPT,20150744780,Davidson,Nashville,8/8/2015 6:23:00 PM,1,1,0,36.079340,-86.632590,BELL RD,,,,12.00,Feet,West,EDGE O LAKE DR,,,,0.00,N,Not at Intersection,N,Non-Junction,None,,,         ,Sarah,Hartman,Clear,Not Collision with Motor Vehicle in Transport,no,no,no,no,no,False
100921360,METROPOLITAN NASHVILLE POLICE DEPT,2015-0753481,Davidson,Nashville,8/11/2015 5:46:00 PM,2,0,0,36.153520,-86.788330,MUSIC CIR E,,,,0.00,,,DEMONBREUN ST,,,,0.00,Y,Four-Way,N,Intersection,None,,,         ,Austin,Kendrick,Clear,Angle,no,no,no,no,yes,False
100921365,METROPOLITAN NASHVILLE POLICE DEPT,20150753397,Davidson,Nashville,8/11/2015 5:00:00 PM,2,0,0,36.110410,-86.766900,POWELL AVE,,,,290.00,Feet,South,BRANSFORD AVE,,,,0.00,N,Not at Intersection, ,Non-Junction,None,,,         ,Jacob,Crouch,Clear,Rear to Rear,no,no,no,yes,yes,False
100921366,VANDERBILT UNIVERSITY POLICE,15-0753245,Davidson,Nashville,8/11/2015 12:00:00 AM,2,0,0,36.141090,-86.801470,MEDICAL CENTER DR,,,,99.00,Feet,North,22ND AVE S,,,,0.00,N,Not at Intersection,N,Non-Junction,None,,,         ,Donald,Dennis,Clear,Unknown,no,no,no,yes,yes,Campus
100921385,METROPOLITAN NASHVILLE POLICE DEPT,20150753627,Davidson,Nashville,8/11/2015 6:50:00 PM,2,0,0,36.163370,-86.663940,STATE HWY 255,,,,113.00,Feet,North,COLONIAL CIR,,,,0.00,N,Not at Intersection,N,Non-Junction,None,,,         ,Austin,Childress,Clear,Other,no,no,no,no,yes,False
100921386,METROPOLITAN NASHVILLE POLICE DEPT,2015-0753319,Davidson,Nashville,8/11/2015 4:55:00 PM,2,0,0,36.057410,-86.815470,GRANNY WHITE PIKE,,,,0.00,,,BEDDINGTON PARK,,,,0.00,Y,T-Intersection, ,Intersection-Related,None,,,         ,William,King,Clear,Front to Rear,no,no,no,no,no,False
100921387,METROPOLITAN NASHVILLE POLICE DEPT,2015-0753536,Davidson,Nashville,8/11/2015 6:17:00 PM,2,1,0,36.059360,-86.853060,CROMWELL DR,,,,0.00,,,US HWY 431,,,,0.00,Y,Four-Way,N,Intersection,None,,,         ,William,King,Clear,Front to Rear,no,no,no,no,no,False
100921388,METROPOLITAN NASHVILLE POLICE DEPT,2015-0753373,Davidson,Nashville,8/11/2015 5:12:00 PM,2,0,0,36.046940,-86.863050,US HWY 431,,,,100.00,Feet,South,STATE HWY 254,,,,0.00,N,Not at Intersection, ,Non-Junction,None,,,         ,William,King,Clear,Front to Rear,no,no,no,no,no,False
100921389,METROPOLITAN NASHVILLE POLICE DEPT,20150753585,Davidson,Nashville,8/11/2015 6:36:00 PM,3,0,0,36.039710,-86.739230,STATE HWY 254,,,,0.00,,,HIGHLAND VILLA DR,,,,0.00,Y,T-Intersection,N,Intersection,None,,,         ,Mekisha,Page,Clear,Front to Rear,no,no,no,no,no,False
100921390,METROPOLITAN NASHVILLE POLICE DEPT,20150753701,Davidson,Nashville,8/11/2015 6:36:00 PM,2,0,0,36.150990,-86.783420,DIVISION ST,,,,88.00,Feet,West,MAGAZINE ST,,,,0.00,N,Not at Intersection, ,Non-Junction,None,,,         ,Blaze,Williams,Clear,"Sideswipe, Same Direction",no,no,no,no,no,False
100921391,METROPOLITAN NASHVILLE POLICE DEPT,20150753646,Davidson,Nashville,8/11/2015 6:43:00 PM,2,0,0,36.172950,-86.791200,US HWY 41 ALT,,,,131.00,Feet,South,JEFFERSON ST,,,,0.00,N,Not at Intersection, ,Non-Junction,None,,,         ,Isaac,Wood,Clear,Rear to Side,no,no,no,yes,no,False
100921392,METROPOLITAN NASHVILLE POLICE DEPT,20150753664,Davidson,Nashville,8/11/2015 5:13:00 PM,2,0,0,36.129280,-86.904330,US HWY 70,,,,315.00,Feet,West,DAVIDSON DR,,,,0.00,N,Not at Intersection, ,Non-Junction,None,,,         ,Tyler,Reese,Clear,Front to Rear,no,no,no,no,no,False
100921396,METROPOLITAN NASHVILLE POLICE DEPT,20150753598,Davidson,Nashville,8/11/2015 6:10:00 PM,2,0,0,36.180170,-86.745310,ORDWAY PL,,,,0.00,,,N 14TH ST,,,,0.00,Y,Four-Way, ,Intersection,None,,,         ,Cressie,Prill,Clear,Front to Rear,no,no,no,no,no,False
100921408,METROPOLITAN NASHVILLE POLICE DEPT,20150753531,Davidson,Nashville,8/11/2015 6:13:00 PM,2,0,0,36.143930,-86.777270,I 65,,,,0.00,,,,,,,82.10,N,Not at Intersection,N,Non-Junction,None,,,         ,Clyde,Stambaugh,Clear,Front to Rear,no,no,no,no,yes,False
100921411,METROPOLITAN NASHVILLE POLICE DEPT,20150753645,Davidson,Nashville,8/11/2015 6:12:00 PM,2,1,0,36.193310,-86.830640,US HWY 41 ALT,,,,0.00,,,US HWY 41 ALT,,,,0.00,Y,Four-Way,N,Non-Junction,None,,,         ,Victor,Alexander,Clear,Front to Rear,no,no,no,no,no,False
100921415,METROPOLITAN NASHVILLE POLICE DEPT,20150753518,Davidson,Nashville,8/11/2015 5:40:00 PM,2,0,0,36.114600,-86.747120,CENTRAL AVE,,,,0.00,,,US HWY 31 ALT,,,,0.00,Y,T-Intersection,N,Intersection,None,,,         ,Royce,McLester,Clear,"Sideswipe, Opposite Direction",no,no,no,no,no,False
100921434,METROPOLITAN NASHVILLE POLICE DEPT,20150753680,Davidson,Nashville,8/11/2015 5:15:00 PM,2,0,0,36.209270,-86.775930,I 65,,,,0.00,,,,,,,87.55,N,Not at Intersection, ,Non-Junction,Construction Zone,,,         ,John,Anderson,Clear,"Sideswipe, Same Direction",no,no,no,no,no,False
100921452,METROPOLITAN NASHVILLE POLICE DEPT,20150752924,Davidson,Nashville,8/11/2015 2:54:00 PM,2,0,0,36.142970,-86.744830,US HWY 41,,,,153.00,Feet,West,FESSLERS LN,,,,0.00,N,Not at Intersection, ,Non-Junction,None,,,         ,William,Durham,Clear,Front to Rear,no,no,no,no,no,False
100921453,METROPOLITAN NASHVILLE POLICE DEPT,20150753110,Davidson,Nashville,8/11/2015 2:45:00 PM,2,0,0,36.044800,-86.662240,STATE HWY 254,,,,214.00,Feet,West,CANE RIDGE RD,,,,0.00,N,Not at Intersection,N,Non-Junction,None,,,         ,William,Durham,Clear,"Sideswipe, Same Direction",no,no,no,no,yes,False
100921454,METROPOLITAN NASHVILLE POLICE DEPT,20150753370,Davidson,Nashville,8/11/2015 5:12:00 PM,4,1,0,36.111480,-86.685780,US HWY 41,,,,26.00,Feet,West,AIR FREIGHT BLVD,,,,0.00,N,Not at Intersection,N,Non-Junction,None,,,         ,William,Durham,Clear,Front to Rear,no,no,no,no,yes,False
100921455,METROPOLITAN NASHVILLE POLICE DEPT,20150753901,Davidson,Nashville,8/11/2015 8:21:00 PM,2,0,0,36.146630,-86.767780,US HWY 31 ALT,,,,47.00,Feet,North,MALORY ST,,,,0.00,N,Not at Intersection, ,Non-Junction,None,,,         ,William,Durham,Clear,"Sideswipe, Same Direction",no,no,no,no,no,False
100921472,METROPOLITAN NASHVILLE POLICE DEPT,20150753225,Davidson,Nashville,8/11/2015 4:27:00 PM,2,1,0,36.192340,-86.829080,US HWY 41 ALT,,,,0.00,,,CLIFF DR,,,,0.00,Y,T-Intersection,N,Non-Junction,None,,,         ,Michael,Brooks,Cloudy,Angle,no,no,no,no,no,False
100921473,METROPOLITAN NASHVILLE POLICE DEPT,20150753349,Davidson,Nashville,8/11/2015 5:32:00 PM,2,0,0,36.163010,-86.819330,-- UNKNOWN RAMP/ROAD --,,,,0.00,,,I 40,,,,0.00,Y,OTHER, ,Entrance/Exit Ramp Related,None,,,         ,Michael,Brooks,Clear,Front to Rear,no,no,no,no,no,False
100921474,METROPOLITAN NASHVILLE POLICE DEPT,20150753496,Davidson,Nashville,8/11/2015 5:59:00 PM,2,0,0,36.204010,-86.789570,BAPTIST WORLD CENTER DR,,,,0.00,,,ROGER AVE,,,,0.00,Y,T-Intersection,N,Non-Junction,None,,,         ,Michael,Brooks,Clear,Angle,no,no,no,no,no,False
100921524,METROPOLITAN NASHVILLE POLICE DEPT,20150754259,Davidson,Nashville,8/11/2015 10:30:00 PM,2,1,0,36.138290,-86.765960,HAMILTON AVE,,,,237.00,Feet,East,PILLOW ST,,,,0.00,N,Not at Intersection,N,Non-Junction,None,,,         ,Devon,Morgan,Clear,Front to Rear,no,no,no,no,no,False
100921528,METROPOLITAN NASHVILLE POLICE DEPT,20150754531,Davidson,Nashville,8/12/2015 12:35:00 AM,2,1,0,36.088480,-86.611440,SMITH SPRINGS RD,,,,422.00,Feet,West,OLD SMITH SPRINGS RD,,,,0.00,N,Not at Intersection,N,Non-Junction,None,,,         ,Trevin,Tolbert,Clear,"Sideswipe, Same Direction",no,no,no,no,yes,False
100921533,METROPOLITAN NASHVILLE POLICE DEPT,20150754518,Davidson,Not in City Limit,8/12/2015 12:00:00 AM,1,0,0,36.273450,-86.912850,LITTLE MARROWBONE RD,,,,0.71,Miles,East,GRAYS POINT RD,,,,0.00,N,Not at Intersection,N,Non-Junction,None,,,         ,Chad,Brown,Clear,Not Collision with Motor Vehicle in Transport,no,no,no,no,no,False
100921551,METROPOLITAN NASHVILLE POLICE DEPT,20150752526,Davidson,Nashville,8/11/2015 12:12:00 PM,2,0,0,36.111180,-86.755230,STATE HWY 155,,,,0.00,Feet,,SIDCO DR,,,,0.00,Y,Four-Way,N,Intersection-Related,None,,,         ,David,Smith,Clear,Front to Rear,no,no,no,no,no,False
100921552,METROPOLITAN NASHVILLE POLICE DEPT,2015-0752561,Davidson,Nashville,8/11/2015 12:31:00 PM,2,0,0,36.190420,-86.745450,GALLATIN AVE,,,,0.00,,,W GREENWOOD AVE,,,,0.00,Y,T-Intersection, ,,None,,,         ,Alex,Moore,,,no,no,no,no,no,False
100921555,METROPOLITAN NASHVILLE POLICE DEPT,20150752414,Davidson,Nashville,8/11/2015 11:28:00 AM,2,0,0,36.188560,-86.729250,PORTER RD,,,,61.00,Feet,South,GREENWOOD AVE,,,,0.00,N,Not at Intersection, ,Non-Junction,None,,,         ,Jamell,Randall,Clear,Other,no,no,no,no,no,False
100921567,METROPOLITAN NASHVILLE POLICE DEPT,20150751814,Davidson,Nashville,8/11/2015 6:00:00 AM,2,0,0,36.156720,-86.768860,US HWY 70,,,,60.00,Feet,West,LEA AVE,,,,0.00,N,Not at Intersection,N,Non-Junction,None,,,         ,James,Grady,Clear,"Sideswipe, Same Direction",no,no,no,no,yes,False
100921577,METROPOLITAN NASHVILLE POLICE DEPT,2015-0752548,Davidson,Nashville,8/11/2015 12:23:00 PM,1,1,0,36.210470,-86.911550,STATE HWY 12,,,,0.53,Miles,East,OLD HYDES FERRY PIKE,,,,0.00,N,Not at Intersection,N,Non-Junction,None,,,         ,William,Caillouette,Clear,Not Collision with Motor Vehicle in Transport,no,no,no,no,no,False
100921580,METROPOLITAN NASHVILLE POLICE DEPT,2015-0755449,Davidson,Nashville,8/12/2015 8:00:00 AM,3,0,0,36.123130,-86.908870,I 40,,,,0.00,,,,,,,200.35,N,Not at Intersection, ,Non-Junction,None,,,         ,Curtis,Rich,Cloudy,Front to Rear,no,no,no,no,no,False
100921584,METROPOLITAN NASHVILLE POLICE DEPT,20150752785,Davidson,Nashville,8/11/2015 2:01:00 PM,1,1,0,36.150440,-86.801210,21ST AVE S,,,,0.00,,,US HWY 70S,,,,0.00,Y,Four-Way,N,Intersection,None,,,         ,Randal,Owsley,Clear,Not Collision with Motor Vehicle in Transport,yes,no,no,no,no,Campus
100921588,METROPOLITAN NASHVILLE POLICE DEPT,20150721770,Davidson,Antioch,8/2/2015 12:55:00 AM,1,2,0,0.000000,0.000000,ANDERSON RD,,,,0.05,Miles,West,TOWNE VALLEY,,,,0.00,N,Not at Intersection,N,Non-Junction,None,,,         ,Dezmond,Hughes,Clear,Not Collision with Motor Vehicle in Transport,no,no,no,no,no,False
100921595,GOODLETTSVILLE POLICE DEPT,15-30531,Davidson,Goodlettsville,8/12/2015 7:30:00 AM,2,0,0,36.320230,-86.703400,I 65,,,,0.00,,,,,,,96.70,N,Not at Intersection,N,Non-Junction,None,,,         ,Jennifer,Hancock,Clear,"Sideswipe, Same Direction",no,no,no,no,no,False
100921597,METROPOLITAN NASHVILLE POLICE DEPT,2015-0755308,Davidson,Nashville,8/12/2015 6:45:00 AM,2,2,0,36.042340,-86.831160,STATE HWY 254,,,,156.00,Feet,East,BRIDLEWOOD LN,,,,0.00,N,Not at Intersection,N,Non-Junction,None,,,         ,David,Anderson,Clear,Front to Rear,no,no,no,no,no,False
100921607,METROPOLITAN NASHVILLE POLICE DEPT,20150752110,Davidson,Nashville,8/11/2015 9:00:00 AM,2,1,0,36.151320,-86.751030,I 40,,,,0.00,,,,,,,211.55,N,Not at Intersection,N,Non-Junction,None,,,         ,Carey,Steel,Clear,Front to Rear,no,no,no,no,no,False