master_record_number,agency,agency_tracking_number,county,city,collision_date,vehicles_involved,number_injured,number_dead,latitude,longitude,roadway_name,roadway_suffix,roadway_number,roadway_local_id,distance_from_reference,miles-feet_indicator,direction_from_reference,intersection_road_name,intersection_road_name_suffix,intersection_road_number,intersection_local_id,mile_marker,intersection_indicator,intersect_type,interchange_related_indicator,relation_to_junction,work_zone_type,construction_maintenance_zone,construction_maintenance_zone_location,fatal_case_number,officer_first_name,officer_last_name,weather_condition(s),manner_of_crash,pedestrian,bicycle,scooter,parking,hitrun,mou
100922050,METROPOLITAN NASHVILLE POLICE DEPT,20150757952,Davidson,Nashville,8/12/2015 12:00:00 AM,2,0,0,36.162280,-86.814270,HERMAN ST,,,,91.00,Feet,East,25TH AVE,,,,0.00,N,Not at Intersection,N,Non-Junction,None,,,         ,James,Jarvis,Clear,"Sideswipe, Same Direction",no,no,no,no,yes,False
100922055,METROPOLITAN NASHVILLE POLICE DEPT,2015-0758084,Davidson,Nashville,8/13/2015 12:11:00 AM,2,1,0,36.165590,-86.790210,10TH AVE N,,,,0.00,,,JO JOHNSTON AVE,,,,0.00,Y,Four-Way,N,Intersection,None,,,         ,Michael,Willis Jr.,Cloudy,Angle,no,no,no,no,no,False
100922066,METROPOLITAN NASHVILLE POLICE DEPT,20150755211,Davidson,Nashville,8/12/2015 5:46:00 AM,1,1,0,36.238020,-86.757010,I 65,,,,0.00,,,,,,,90.00,N,Not at Intersection,N,Non-Junction,Construction Zone,Work On Shoulder Or Median,Transition Area,         ,Peter,Lynch,Clear,Not Collision with Motor Vehicle in Transport,no,no,no,no,no,False
100922078,METROPOLITAN NASHVILLE POLICE DEPT,20150751964,Davidson,Madison,8/11/2015 8:10:00 AM,2,1,0,0.000000,0.000000,CHADWELL DRIVE,,SR31,,1.00,Miles,South,,,,,1.00,N,Not at Intersection,N,Non-Junction,None,,,         ,Faye,Denson,Clear,Angle,no,no,no,no,no,False
100922079,METROPOLITAN NASHVILLE POLICE DEPT,20150745369,Davidson,Nashville,8/8/2015 11:23:00 PM,1,0,0,36.062540,-86.923690,BELLEVUE RD,,,,0.00,,,HICKS RD,,,,0.00,Y,Four-Way,N,Intersection-Related,None,,,         ,Ryan,McManman,Clear,Not Collision with Motor Vehicle in Transport,no,no,no,no,no,False
100922080,METROPOLITAN NASHVILLE POLICE DEPT,20150743046,Davidson,Nashville,8/8/2015 2:18:00 AM,1,1,0,36.075350,-86.915480,CHIMNEY HL,,,,82.00,Feet,North,HOLLY FRST,,,,0.00,N,Not at Intersection,N,Non-Junction,None,,,         ,Ryan,McManman,Clear,Not Collision with Motor Vehicle in Transport,no,no,no,no,no,False
100922083,METROPOLITAN NASHVILLE POLICE DEPT,20150758628,Davidson,Nashville,8/12/2015 11:20:00 PM,1,0,0,36.156320,-86.821830,31ST AVE N,,,,386.00,Feet,North,-- UNKNOWN RAMP/ROAD --,,,,0.00,N,Not at Intersection,N,Non-Junction,None,,,         ,James,Jarvis,Clear,Not Collision with Motor Vehicle in Transport,no,no,no,no,yes,False
100922085,METROPOLITAN NASHVILLE POLICE DEPT,20150751770,Davidson,Madison,8/11/2015 6:50:00 AM,4,1,0,0.000000,0.000000,,,I65S,,1.00,Feet,South,,,,,910.10,N,Not at Intersection,N,Non-Junction,None,,,         ,Faye,Denson,Clear,Front to Rear,no,no,no,no,no,False
100922087,METROPOLITAN NASHVILLE POLICE DEPT,20150757916,Davidson,Nashville,8/12/2015 8:15:00 PM,2,0,0,36.169230,-86.600670,OLD HICKORY BLVD,,,,0.00,,,-- UNKNOWN RAMP/ROAD --,,,,0.00,Y,OTHER, ,OtherLocation,None,,,         ,Blake,Giles,Clear,Unknown,no,no,no,yes,yes,False
100922100,METROPOLITAN NASHVILLE POLICE DEPT,2015-0756449,Davidson,Not in City Limit,8/12/2015 2:00:00 PM,1,0,0,36.154780,-86.951400,STATE HWY 251,,,,1577.00,Feet,South,LAKEVIEW DR,,,,0.00,N,Not at Intersection, ,Non-Junction,None,,,         ,Curtis,Rich,Clear,Not Collision with Motor Vehicle in Transport,no,no,no,no,no,False
100922102,METROPOLITAN NASHVILLE POLICE DEPT,20150749557,Davidson,Not in City Limit,8/10/2015 1:47:00 PM,1,1,0,36.258640,-86.787550,I 24,,,,0.00,,,,,,,42.00,N,Not at Intersection,N,Non-Junction,None,,,         ,Joshua,Hollins,Clear,Not Collision with Motor Vehicle in Transport,no,no,no,no,no,False
100922109,METROPOLITAN NASHVILLE POLICE DEPT,20150749168,Davidson,Nashville,8/10/2015 11:25:00 AM,2,0,0,36.131470,-86.778820,US HWY 31,,,,117.00,Feet,South,DOUGLAS AVE,,,,0.00,N,Not at Intersection, ,,None,,,         ,John,Daugherty,,,no,no,no,no,no,False
100922124,METROPOLITAN NASHVILLE POLICE DEPT,20150758976,Davidson,Not in City Limit,8/13/2015 6:45:00 AM,2,0,0,36.281930,-86.805060,I 24,,,,0.00,,,,,,,40.10,N,Not at Intersection, ,Non-Junction,None,,,         ,Clint,Gilleland,Clear,Front to Rear,no,no,no,no,no,False
100922132,BERRY HILL POLICE DEPT,15-3170,Davidson,Berry Hill,8/10/2015 4:30:00 PM,3,0,0,36.114040,-86.772640,I 65,,,,0.00,,,,,,,80.05,N,Not at Intersection, ,Non-Junction,None,,,         ,John,Gleixner,Clear,Front to Rear,no,no,no,no,yes,False
100922138,METROPOLITAN NASHVILLE POLICE DEPT,2015-0759024,Davidson,Nashville,8/13/2015 7:22:00 AM,2,0,0,36.215110,-86.596740,US HWY 70,,,,168.00,Feet,East,RAMP,,,,0.00,N,Not at Intersection, ,Non-Junction,None,,,         ,Michael,Baker,Clear,Front to Rear,no,no,no,no,no,False
100922140,METROPOLITAN NASHVILLE POLICE DEPT,20150759068,Davidson,Nashville,8/13/2015 7:40:00 AM,2,0,0,36.117820,-86.773490,I 65,,,,0.00,,,,,,,80.30,N,Not at Intersection, ,Non-Junction,None,,,         ,Gregory,Lindstrom,Clear,Front to Rear,no,no,no,no,no,False
100922141,GOODLETTSVILLE POLICE DEPT,15-30568,Davidson,Goodlettsville,8/12/2015 3:53:00 PM,2,0,0,36.306620,-86.694380,CONFERENCE DR,,,,86.00,Feet,South,RAMP,,,,0.00,N,Not at Intersection, ,Non-Junction,None,,,         ,John,Spencer,Clear,Front to Rear,no,no,no,no,no,False
100922148,METROPOLITAN NASHVILLE POLICE DEPT,2015-0759129,Davidson,Nashville,8/13/2015 8:05:00 AM,2,0,0,36.185170,-86.636510,JACKSON DOWNS BLVD,,,,0.00,,,US HWY 70,,,,0.00,Y,T-Intersection, ,,None,,,         ,William,Mckay,,,no,no,no,no,no,False
100922152,METROPOLITAN NASHVILLE POLICE DEPT,2015-0756410,Davidson,Nashville,8/12/2015 2:05:00 PM,2,0,0,36.159000,-86.760410,I 24,,,,0.00,,,,,,,49.50,N,Not at Intersection,N,Non-Junction,None,,,         ,Coleman,Womack,Clear,Front to Rear,no,no,no,no,yes,False
100922154,METROPOLITAN NASHVILLE POLICE DEPT,20150759076,Davidson,Nashville,8/13/2015 7:48:00 AM,3,1,0,36.156200,-86.630180,STEWARTS FERRY PIKE,,,,330.00,Feet,East,EXIT 219,,,,0.00,N,Not at Intersection,N,Non-Junction,None,,,         ,Larry,Benz,Clear,Front to Rear,no,no,no,no,no,False
100922155,METROPOLITAN NASHVILLE POLICE DEPT,20150759150,Davidson,Nashville,8/13/2015 7:37:00 AM,2,0,0,36.247320,-86.743730,I 65,,,,0.00,,,,,,,91.00,N,Not at Intersection, ,Non-Junction,None,,,         ,Brian,Otto,Clear,Front to Rear,no,no,no,no,no,False
100922168,METROPOLITAN NASHVILLE POLICE DEPT,20150752463,Davidson,Nashville,8/11/2015 11:50:00 AM,1,0,0,36.149030,-86.798650,CONNECTING ROAD,,,,0.00,,,US HWY 431,,,,0.00,Y,T-Intersection,N,Intersection,Construction Zone,Other,Activity Area,         ,Darrell,Osment,Clear,Not Collision with Motor Vehicle in Transport,no,no,no,no,yes,Campus
100922176,METROPOLITAN NASHVILLE POLICE DEPT,2015-0758863,Davidson,Nashville,8/13/2015 12:00:00 AM,1,0,0,36.028460,-86.744080,EDMONDSON PIKE,,,,356.00,Feet,South,CLOVERLAND DR,,,,0.00,N,Not at Intersection,N,Non-Junction,None,,,         ,Alan,Digruttolo,Clear,Not Collision with Motor Vehicle in Transport,no,no,no,no,yes,False
100922187,METROPOLITAN NASHVILLE POLICE DEPT,20150759200,Davidson,Nashville,8/13/2015 7:55:00 AM,2,1,0,0.000000,0.000000,OLD HICKORY,BLVD,,,200.00,Feet,South,LOGISTICS,WAY,,,0.00,N,Not at Intersection,N,Non-Junction,None,,,         ,Randall,Combs,Clear,Front to Rear,no,no,no,no,no,False
100922197,METROPOLITAN NASHVILLE POLICE DEPT,20150757524,Davidson,Nashville,8/12/2015 8:40:00 PM,1,0,0,36.109050,-86.679990,US HWY 41,,,,995.00,Feet,West,DELL PKWY,,,,0.00,N,Not at Intersection, ,Non-Junction,None,,,         ,William,Waters,Clear,Not Collision with Motor Vehicle in Transport,no,no,no,no,no,False
100922199,METROPOLITAN NASHVILLE POLICE DEPT,20150759262,Davidson,Nashville,8/13/2015 7:00:00 AM,2,0,0,36.244220,-86.780320,BRICK CHURCH PIKE,,,,0.00,,,BRICK CHURCH LN,,,,0.00,Y,T-Intersection, ,Intersection,None,,,         ,Andrew,Ivey,Clear,Angle,no,no,no,no,no,False
100922200,METROPOLITAN NASHVILLE POLICE DEPT,2015-0756706,Davidson,Nashville,8/12/2015 4:08:00 PM,2,0,0,36.156730,-86.841840,INDIANA AVE,,,,183.00,Feet,East,46TH AVE N,,,,0.00,N,Not at Intersection, ,Non-Junction,None,,,         ,Walter,Gray II,Clear,Other,no,no,no,no,no,False
100922204,METROPOLITAN NASHVILLE POLICE DEPT,20150748328,Davidson,Nashville,8/10/2015 4:53:00 AM,1,0,1,36.056080,-86.715580,US HWY 31 ALT,,,,50.00,Feet,North,APRIL LN,,,,0.00,N,Not at Intersection,N,Non-Junction,None,,,15-0505  ,Donald,Davidson,Clear,Not Collision with Motor Vehicle in Transport,no,no,no,no,no,False
100922205,BERRY HILL POLICE DEPT,15-3173,Davidson,Berry Hill,8/10/2015 5:30:00 PM,3,0,0,36.117760,-86.768880,I 440,,,,0.00,,,,,,,5.20,N,Not at Intersection, ,Non-Junction,None,,,         ,John,Gleixner,Clear,Front to Rear,no,no,no,no,no,False
100922206,METROPOLITAN NASHVILLE POLICE DEPT,20150756294,Davidson,Nashville,8/12/2015 1:40:00 PM,2,1,0,36.169720,-86.676790,US HWY 70,,,,245.00,Feet,West,PARK DR,,,,0.00,N,Not at Intersection,N,Non-Junction,None,,,         ,Larry,Benz,Clear,Front to Rear,no,no,no,no,no,False
100922211,METROPOLITAN NASHVILLE POLICE DEPT,2015-0756012,Davidson,Nashville,8/12/2015 11:58:00 AM,2,0,0,36.172860,-86.765260,MAIN ST,,,,0.00,,,S 5TH ST,,,,0.00,Y,Four-Way,N,Intersection-Related,None,,,         ,Alex,Moore,Clear,Front to Rear,no,no,no,no,no,False
100922213,METROPOLITAN NASHVILLE POLICE DEPT,20150759252,Davidson,Nashville,8/13/2015 8:47:00 AM,2,1,0,36.115850,-86.782850,I 440,,,,0.00,,,,,,,4.40,N,Not at Intersection,N,Non-Junction,None,,,         ,Nathan,Kemp,Clear,Front to Rear,no,no,no,no,no,False
100922214,METROPOLITAN NASHVILLE POLICE DEPT,20150759393,Davidson,Nashville,8/13/2015 9:23:00 AM,2,0,0,36.115970,-86.786440,I 440,,,,0.00,,,,,,,4.20,N,Not at Intersection, ,Non-Junction,None,,,         ,Nathan,Kemp,Clear,Front to Rear,no,no,no,no,no,False
100922216,METROPOLITAN NASHVILLE POLICE DEPT,20150759378,Davidson,Nashville,8/13/2015 9:01:00 AM,2,0,0,36.136570,-86.795120,WEDGEWOOD AVE,,,,0.00,,,MAGNOLIA BLVD,,,,0.00,Y,T-Intersection, ,Non-Junction,None,,,         ,Randal,Owsley,Clear,Front to Rear,no,no,no,no,no,False
100922232,METROPOLITAN NASHVILLE POLICE DEPT,20150759472,Davidson,Nashville,8/13/2015 9:16:00 AM,2,0,0,36.012880,-86.620870,I 24,,,,0.00,,,-- OLD HICKORY BLVD--,,,,0.00,Y,Y-Intersection, ,Entrance/Exit Ramp Related,None,,,         ,Randall,Combs,Clear,Front to Rear,no,no,no,no,no,False
100922235,METROPOLITAN NASHVILLE POLICE DEPT,2015-0756912,Davidson,Not in City Limit,8/12/2015 4:16:00 PM,2,0,0,36.078900,-86.951740,US HWY 70S,,,,600.00,Feet,East,COLEY DAVIS CT,,,,0.00,N,Not at Intersection, ,"Driveway, Alley Access, etc",None,,,         ,Walter,Gray II,Clear,Front to Rear,no,no,no,no,no,False
100922240,METROPOLITAN NASHVILLE POLICE DEPT,20150755740,Davidson,Nashville,8/12/2015 10:03:00 AM,3,1,0,36.183090,-86.740960,EASTLAND AVE,,,,0.00,,,N 16TH ST,,,,0.00,Y,T-Intersection,N,Intersection-Related,None,,,         ,Alex,Moore,Clear,Angle,no,no,no,no,no,False
100922249,METROPOLITAN NASHVILLE POLICE DEPT,15-756642,Davidson,Nashville,8/12/2015 3:30:00 PM,2,0,0,36.196690,-86.838470,JOHN MALLETTE DR,,,,0.00,,,,,,,0.00,,Not at Intersection, ,Non-Junction,None,,,         ,Mark,Bennett,Clear,Front to Rear,no,no,no,yes,no,False
100922288,METROPOLITAN NASHVILLE POLICE DEPT,20150759750,Davidson,Nashville,8/13/2015 11:30:00 AM,2,1,0,36.144800,-86.666820,STATE HWY 255,,,,160.00,Feet,South,SHACKLETT DR,,,,0.00,N,Not at Intersection,N,Non-Junction,None,,,         ,Larry,Benz,Clear,Angle,no,no,no,no,yes,False
100922297,METROPOLITAN NASHVILLE POLICE DEPT,2015-0759897,Davidson,Nashville,8/13/2015 12:55:00 PM,2,0,0,36.121950,-86.807200,US HWY 431,,,,58.00,Feet,South,SHARON HILL CIR,,,,0.00,N,Not at Intersection, ,,None,,,         ,Curtis,Rich,,,no,no,no,no,no,False
100922307,METROPOLITAN NASHVILLE POLICE DEPT,20150759258,Davidson,Nashville,8/13/2015 8:45:00 AM,2,0,0,0.000000,0.000000,I40W,,,,1.00,Feet,West,I40W,,,,213.00,N,Not at Intersection, ,Non-Junction,None,,,         ,Caleb,Jernigan,Clear,Angle,no,no,no,no,no,False
100922312,METROPOLITAN NASHVILLE POLICE DEPT,20150759298,Davidson,Nashville,8/13/2015 9:03:00 AM,2,0,0,36.134300,-86.776090,WEDGEWOOD AVE,,,,81.00,Feet,East,-- UNKNOWN RAMP/ROAD --,,,,0.00,N,Not at Intersection, ,,None,,,         ,Erik,Wagner,,,no,no,no,no,no,False
100922313,METROPOLITAN NASHVILLE POLICE DEPT,20150759169,Davidson,Nashville,8/13/2015 8:18:00 AM,2,0,0,36.081280,-86.759070,STATE HWY 255,,,,120.00,Feet,East,RAMP,,,,0.00,N,Not at Intersection, ,Non-Junction,None,,,         ,Erik,Wagner,Clear,Angle,no,no,no,no,no,False
100922315,METROPOLITAN NASHVILLE POLICE DEPT,20150756513,Davidson,Nashville,8/12/2015 2:30:00 PM,2,0,0,36.168140,-86.777400,US HWY 31,,,,0.00,,,GAY ST,,,,0.00,Y,OTHER, ,Non-Junction,None,,,         ,Ethan,Luffman,Clear,Unknown,no,no,no,yes,yes,False
100922318,METROPOLITAN NASHVILLE POLICE DEPT,20150759391,Davidson,Nashville,8/13/2015 9:30:00 AM,2,0,0,36.112370,-86.771590,-- UNKNOWN RAMP/ROAD --,,,,0.00,Feet,East,I 65,,,,0.00,N,Not at Intersection, ,Non-Junction,None,,,         ,Phillip,Murphy,Clear,Front to Rear,no,no,no,no,yes,False
100922319,METROPOLITAN NASHVILLE POLICE DEPT,20150759312,Davidson,Nashville,8/13/2015 9:09:00 AM,2,0,0,36.157520,-86.801320,19TH AVE N,,,,0.00,,,CHARLOTTE PKE,,,,0.00,Y,Four-Way, ,Intersection-Related,None,,,         ,Phillip,Murphy,Clear,Front to Rear,no,no,no,no,no,False
100922320,METROPOLITAN NASHVILLE POLICE DEPT,20150759727,Davidson,Nashville,8/13/2015 11:53:00 AM,2,1,0,36.040340,-86.768770,STATE HWY 254,,,,130.00,Feet,West,SEVEN SPRINGS WAY,,,,0.00,N,Not at Intersection,N,Non-Junction,None,,,         ,Nathan,Kemp,Clear,Not Collision with Motor Vehicle in Transport,no,no,no,no,no,False
100922321,METROPOLITAN NASHVILLE POLICE DEPT,20150759826,Davidson,Nashville,8/13/2015 12:37:00 PM,2,0,0,36.039720,-86.759840,BRENTWOOD CHASE DR,,,,9.00,Feet,North,STATE HWY 254,,,,0.00,N,Not at Intersection,N,Non-Junction,None,,,         ,Nathan,Kemp,Clear,"Sideswipe, Same Direction",no,no,no,no,no,False
100922322,METROPOLITAN NASHVILLE POLICE DEPT,20150759004,Davidson,Nashville,8/13/2015 3:43:00 AM,1,0,0,36.077420,-86.672950,FRANKLIN LIMESTONE RD,,,,875.00,Feet,West,BILLINGSGATE RD,,,,0.00,N,Not at Intersection,N,Non-Junction,None,,,         ,Megan,Arnett,Clear,Not Collision with Motor Vehicle in Transport,no,no,no,no,no,False
100922325,METROPOLITAN NASHVILLE POLICE DEPT,2015-0759315,Davidson,Antioch,8/13/2015 7:10:00 AM,2,0,0,36.033780,-86.611650,STATE HWY 171,,,,801.00,Feet,South,OLD HICKORY BLVD,,,,0.00,N,Not at Intersection, ,Non-Junction,None,,,         ,William,Whitworth,Clear,Front to Rear,no,no,no,no,no,False
100922326,METROPOLITAN NASHVILLE POLICE DEPT,2015-0759504,Davidson,Antioch,8/13/2015 7:29:00 AM,2,0,0,36.028830,-86.591000,US HWY 41,,,,245.00,Feet,North,LAVERGNE COUCHVILLE PIKE,,,,0.00,N,Not at Intersection, ,"Driveway, Alley Access, etc",None,,,         ,William,Whitworth,Clear,Angle,no,no,no,no,no,False
100922327,METROPOLITAN NASHVILLE POLICE DEPT,2015-0759705,Davidson,Nashville,8/13/2015 10:20:00 AM,3,0,0,36.066680,-86.686540,I 24,,,,0.00,,,,,,,57.25,N,Not at Intersection,Y,Entrance/Exit Ramp Related,None,,,         ,William,Whitworth,Clear,"Sideswipe, Same Direction",no,no,no,no,yes,False
100922332,METROPOLITAN NASHVILLE POLICE DEPT,2015-0756140,Davidson,Nashville,8/12/2015 12:49:00 PM,2,0,0,36.161100,-86.775660,3RD AVE S,,,,200.00,Feet,South,3RD AVE N,,,,0.00,N,Not at Intersection, ,,None,,,         ,Allen,Bates,,,no,no,no,no,no,False
100922336,METROPOLITAN NASHVILLE POLICE DEPT,20150759792,Davidson,Nashville,8/13/2015 12:25:00 PM,2,1,0,36.158420,-86.790610,US HWY 70,,,,0.00,,,CHURCH ST,,,,0.00,Y,T-Intersection,Y,Intersection,Construction Zone,,,         ,Joshua,Hollins,Clear,Not Collision with Motor Vehicle in Transport,no,no,no,no,no,False
100922340,METROPOLITAN NASHVILLE POLICE DEPT,20150757487,Davidson,Nashville,8/12/2015 4:30:00 PM,3,1,0,36.142760,-86.776810,I 65,,,,0.00,,,,,,,82.00,N,Not at Intersection,N,Non-Junction,None,,,         ,Charles,Griffin,Clear,Front to Rear,no,no,no,no,yes,False
100922357,METROPOLITAN NASHVILLE POLICE DEPT,20150728478,Davidson,Nashville,8/3/2015 6:42:00 PM,2,2,1,36.110180,-86.736380,STATE HWY 155,,,,0.00,,,PRESCOTT PL,,,,0.00,Y,T-Intersection,N,Intersection,None,,,15-0495  ,William,Waters,Clear,HeadOn,no,no,no,no,no,False
100922360,METROPOLITAN NASHVILLE POLICE DEPT,20150760087,Davidson,Nashville,8/13/2015 2:05:00 PM,2,0,0,36.103480,-86.772560,US HWY 31,,,,29.00,Feet,South,GLEN LEVEN DR,,,,0.00,N,Not at Intersection, ,Non-Junction,None,,,         ,Thomas,West,Clear,Front to Rear,no,no,no,no,no,False
100922361,METROPOLITAN NASHVILLE POLICE DEPT,2015736498,Davidson,Madison,8/12/2015 2:55:00 PM,2,1,0,36.275800,-86.712140,E CAMPBELL RD,,,,750.00,Feet,East,HIGHLAND CIR,,,,0.00,N,Not at Intersection,N,"Driveway, Alley Access, etc",None,,,         ,Nathan,Dungan,Clear,Angle,no,no,no,no,no,False
100922368,METROPOLITAN NASHVILLE POLICE DEPT,20150758975,Davidson,Nashville,8/13/2015 6:30:00 AM,2,0,0,36.289480,-86.809900,I 24,,,,0.00,,,,,,,39.55,N,Not at Intersection,N,Non-Junction,None,,,         ,Melvin,Brown III,Clear,Front to Rear,no,no,no,no,yes,False
100922374,METROPOLITAN NASHVILLE POLICE DEPT,20150753840,Davidson,Whites Creek,8/11/2015 6:00:00 PM,2,0,0,36.289040,-86.784850,INDIAN SUMMER DR,,,,500.00,Feet,North,QUAIL RIDGE DR,,,,0.00,N,Not at Intersection,N,"Driveway, Alley Access, etc",None,,,         ,Nathan,Dungan,Clear,Angle,no,no,no,no,yes,False
100922377,METROPOLITAN NASHVILLE POLICE DEPT,20150756893,Davidson,Nashville,8/12/2015 4:39:00 PM,2,0,0,36.092180,-86.697450,ANTIOCH PIKE,,,,1500.00,Feet,West,CANDY LN,,,,0.00,N,Not at Intersection,N,"Driveway, Alley Access, etc",None,,,         ,James,Williams,Clear,Angle,no,no,no,no,no,False
100922379,METROPOLITAN NASHVILLE POLICE DEPT,20150760123,Davidson,Nashville,8/13/2015 2:49:00 PM,2,0,0,36.194930,-86.716060,WAYNE DR,,,,336.00,Feet,South,PORTER RD,,,,0.00,N,Not at Intersection, ,Non-Junction,None,,,         ,Ryan,Howard,Clear,Angle,no,no,no,no,no,False
100922382,METROPOLITAN NASHVILLE POLICE DEPT,20150760210,Davidson,Nashville,8/13/2015 3:16:00 PM,2,0,0,36.130610,-86.817180,I 440,,,,0.00,,,,,,,2.00,N,Not at Intersection,N,Non-Junction,None,,,         ,Charles,Griffin,Clear,Front to Rear,no,no,no,no,no,False
100922383,METROPOLITAN NASHVILLE POLICE DEPT,20150760144,Davidson,Old Hickory,8/13/2015 2:20:00 PM,2,0,0,36.246120,-86.639050,STATE HWY 45,,,,0.00,,,,,,,0.00,,, ,Non-Junction,None,,,         ,James,DeSantis,Clear,Other,no,no,no,yes,yes,False
100922395,METROPOLITAN NASHVILLE POLICE DEPT,20150753551,Davidson,Madison,8/11/2015 6:20:00 PM,2,1,0,36.272940,-86.729740,NESBITT LN,,,,0.00,,,N GRAYCROFT AVE,,,,0.00,Y,Four-Way,N,Intersection,None,,,         ,Nathan,Dungan,Clear,Angle,no,no,no,no,no,False
100922398,METROPOLITAN NASHVILLE POLICE DEPT,2015-0759759,Davidson,Nashville,8/13/2015 12:09:00 PM,2,0,0,36.151270,-86.853270,US HWY 70,,,,105.00,Feet,East,54TH AVE N,,,,0.00,N,Not at Intersection, ,Non-Junction,Utility Zone,,,         ,Walter,Gray II,Clear,"Sideswipe, Same Direction",no,no,no,no,no,False
100922399,METROPOLITAN NASHVILLE POLICE DEPT,2015-0759925,Davidson,Not in City Limit,8/13/2015 1:14:00 PM,1,1,0,36.068150,-86.999840,MCCRORY LN,,,,1522.00,Feet,West,AVONDALE PARK DR,,,,0.00,N,Not at Intersection,N,Non-Junction,None,,,         ,Walter,Gray II,Clear,Not Collision with Motor Vehicle in Transport,no,no,no,no,no,False
100922400,METROPOLITAN NASHVILLE POLICE DEPT,2015-0760085,Davidson,Nashville,8/13/2015 2:32:00 PM,2,1,0,36.163570,-86.833980,ALAMEDA ST,,,,65.00,Feet,West,39TH AVE N,,,,0.00,N,Not at Intersection,N,Non-Junction,None,,,         ,Walter,Gray II,Clear,Not Collision with Motor Vehicle in Transport,no,no,no,no,yes,False
100922410,METROPOLITAN NASHVILLE POLICE DEPT,20150760167,Davidson,Nashville,8/13/2015 3:06:00 PM,2,1,0,36.143990,-86.719210,ELM HILL PIKE,,,,1000.00,Feet,East,SPENCE LN,,,,0.00,N,Not at Intersection,N,Non-Junction,None,,,         ,Leslie,Hale,Clear,"Sideswipe, Same Direction",no,no,no,no,no,False
100922411,METROPOLITAN NASHVILLE POLICE DEPT,20150753318,Davidson,Madison,8/11/2015 4:50:00 PM,2,0,0,36.271990,-86.689570,MYATT DR,,,,100.00,Feet,South,ANDERSON LN,,,,0.00,N,Not at Intersection, ,"Driveway, Alley Access, etc",None,,,         ,Nathan,Dungan,Clear,Angle,no,no,no,no,no,False
100922417,METROPOLITAN NASHVILLE POLICE DEPT,20150760251,Davidson,Nashville,8/13/2015 3:20:00 PM,2,0,0,36.227490,-86.625170,STATE HWY 45,,,,229.00,Feet,South,CLEVELAND HALL BLVD,,,,0.00,N,Not at Intersection, ,Non-Junction,None,,,         ,Shawn,Taylor,Clear,"Sideswipe, Same Direction",no,no,no,no,no,False
100922420,METROPOLITAN NASHVILLE POLICE DEPT,20150760177,Davidson,Nashville,8/13/2015 2:05:00 PM,2,0,0,36.114030,-86.811560,STATE HWY 155,,,,201.00,Feet,West,US HWY 431,,,,0.00,N,Not at Intersection, ,Non-Junction,None,,,         ,William,Taylor,Clear,Front to Rear,no,no,no,no,yes,False
100922430,METROPOLITAN NASHVILLE POLICE DEPT,20150753155,Davidson,Nashville,8/11/2015 4:00:00 PM,2,0,0,36.236670,-86.728360,STATE HWY 155,,,,0.00,,,-- UNKNOWN RAMP/ROAD --,,,,0.00,Y,Y-Intersection,Y,Entrance/Exit Ramp Related,None,,,         ,Nathan,Dungan,Clear,Front to Rear,no,no,no,no,no,False
100922435,METROPOLITAN NASHVILLE POLICE DEPT,20150760366,Davidson,Nashville,8/13/2015 4:03:00 PM,2,0,0,36.098050,-86.763650,I 65,,,,0.00,,,,,,,78.90,N,Not at Intersection, ,Non-Junction,None,,,         ,Brenton,Adcox,Clear,Front to Rear,no,no,no,no,no,False
100922436,METROPOLITAN NASHVILLE POLICE DEPT,20150760405,Davidson,Nashville,8/13/2015 4:06:00 PM,2,0,0,36.151810,-86.771240,US HWY 41,,,,0.00,,,4TH AVE S,,,,0.00,Y,Four-Way, ,Intersection,None,,,         ,MIchael,Mihajlov,Clear,"Sideswipe, Same Direction",no,no,no,no,no,False
100922438,METROPOLITAN NASHVILLE POLICE DEPT,20150760403,Davidson,Nashville,8/13/2015 4:12:00 PM,2,0,0,36.125370,-86.813580,I 440,,,,0.00,,,,,,,2.40,N,Not at Intersection, ,Non-Junction,None,,,         ,Charles,Griffin,Clear,Angle,no,no,no,no,no,False
100922439,VANDERBILT UNIVERSITY POLICE,15-760135,Davidson,Nashville,8/13/2015 2:30:00 PM,2,0,0,36.143870,-86.797670,EDGEHILL AVE,,,,0.00,,,19TH AVE S,,,,0.00,Y,Four-Way, ,Intersection,None,,,         ,Donald,Dennis,Clear,Angle,no,no,no,no,no,Campus
100922441,METROPOLITAN NASHVILLE POLICE DEPT,20150752910,Davidson,Nashville,8/11/2015 2:50:00 PM,2,1,0,36.236670,-86.728360,STATE HWY 155,,,,0.00,,,-- UNKNOWN RAMP/ROAD --,,,,0.00,Y,Y-Intersection,Y,Entrance/Exit Ramp Related,None,,,         ,Nathan,Dungan,Clear,Front to Rear,no,no,no,no,no,False