master_record_number,agency,agency_tracking_number,county,city,collision_date,vehicles_involved,number_injured,number_dead,latitude,longitude,roadway_name,roadway_suffix,roadway_number,roadway_local_id,distance_from_reference,miles-feet_indicator,direction_from_reference,intersection_road_name,intersection_road_name_suffix,intersection_road_number,intersection_local_id,mile_marker,intersection_indicator,intersect_type,interchange_related_indicator,relation_to_junction,work_zone_type,construction_maintenance_zone,construction_maintenance_zone_location,fatal_case_number,officer_first_name,officer_last_name,weather_condition(s),manner_of_crash,pedestrian,bicycle,scooter,parking,hitrun,mou
100923189,METROPOLITAN NASHVILLE POLICE DEPT,20150764019,Davidson,Nashville,8/14/2015 5:08:00 PM,2,0,0,36.188150,-86.797520,DOMINICAN DR,,,,0.00,,,5TH AVE N,,,,0.00,Y,OTHER,N,Non-Junction,None,,,         ,Marcus,Mitchell,Clear,Angle,no,no,no,no,no,False
100923190,METROPOLITAN NASHVILLE POLICE DEPT,20150763722,Davidson,Antioch,8/14/2015 3:10:00 PM,1,0,0,0.000000,0.000000,BENITA,DR,,,80.00,Feet,East,SCOTWOOD,DR,,,0.00,N,Not at Intersection,N,Non-Junction,None,,,         ,Josh,Baney,Rain,Not Collision with Motor Vehicle in Transport,no,no,no,yes,no,False
100923191,METROPOLITAN NASHVILLE POLICE DEPT,20150764201,Davidson,Nashville,8/14/2015 4:21:00 PM,2,0,0,36.083050,-86.702110,WALLACE RD,,,,213.00,Feet,North,LINBAR DR,,,,0.00,N,Not at Intersection, ,OtherLocation,None,,,         ,Paul,Goebel,Clear,Front to Rear,no,no,no,no,no,False
100923192,METROPOLITAN NASHVILLE POLICE DEPT,20150764527,Davidson,Nashville,8/14/2015 8:32:00 PM,3,2,0,36.079580,-86.726330,US HWY 31 ALT,,,,0.00,,,STATE HWY 255,,,,0.00,Y,Four-Way,N,Intersection,None,,,         ,Eric,Burford,Clear,Angle,no,no,no,no,yes,False
100923194,METROPOLITAN NASHVILLE POLICE DEPT,20150764477,Davidson,Not in City Limit,8/14/2015 8:11:00 PM,2,1,0,36.293260,-86.886110,US HWY 41 ALT,,,,201.00,Feet,West,OLD CLARKSVILLE PIKE,,,,0.00,N,Not at Intersection,N,Non-Junction,None,,,         ,Timothy,Morgan,Clear,Angle,no,no,no,no,yes,False
100923204,METROPOLITAN NASHVILLE POLICE DEPT,20150757349,Davidson,Nashville,8/12/2015 6:25:00 PM,2,0,0,36.122770,-86.751300,I 440,,,,0.00,,,,,,,6.30,N,Not at Intersection, ,Non-Junction,None,,,         ,Victoria,Cunningham,Clear,Front to Rear,no,no,no,no,no,False
100923212,METROPOLITAN NASHVILLE POLICE DEPT,20150763712,Davidson,Nashville,8/14/2015 3:09:00 PM,2,0,0,36.166290,-86.805340,DR DB TODD JR BLVD,,,,0.00,,,ALBION ST,,,,0.00,Y,T-Intersection, ,Non-Junction,None,,,         ,Michael,Brooks,Cloudy,Front to Rear,no,no,no,no,no,False
100923213,METROPOLITAN NASHVILLE POLICE DEPT,20150763842,Davidson,Nashville,8/14/2015 3:56:00 PM,2,0,0,36.193140,-86.830400,US HWY 41 ALT,,,,486.00,Feet,West,CLIFF DR,,,,0.00,N,Not at Intersection, ,Non-Junction,None,,,         ,Michael,Brooks,Cloudy,Front to Rear,no,no,no,no,no,False
100923214,METROPOLITAN NASHVILLE POLICE DEPT,20150764115,Davidson,Nashville,8/14/2015 5:37:00 PM,2,1,0,36.189110,-86.792370,I 65,,,,0.00,,,,,,,85.60,N,Not at Intersection,N,Non-Junction,None,,,         ,Michael,Brooks,Cloudy,Front to Rear,no,no,no,no,no,False
100923215,METROPOLITAN NASHVILLE POLICE DEPT,20150764404,Davidson,Not in City Limit,8/14/2015 7:26:00 PM,1,0,0,36.206270,-86.939430,STATE HWY 12,,,,356.00,Feet,West,OLD HYDES FERRY PIKE,,,,0.00,N,Not at Intersection,N,Non-Junction,None,,,         ,Michael,Brooks,Cloudy,Not Collision with Motor Vehicle in Transport,no,no,no,no,no,False
100923216,METROPOLITAN NASHVILLE POLICE DEPT,20150764589,Davidson,Not in City Limit,8/14/2015 8:11:00 PM,2,0,0,36.292510,-86.884870,US HWY 41 ALT,,,,255.00,Feet,East,OLD CLARKSVILLE PIKE,,,,0.00,N,Not at Intersection,N,Non-Junction,None,,,         ,Michael,Brooks,Cloudy,Front to Rear,no,no,no,no,yes,False
100923222,METROPOLITAN NASHVILLE POLICE DEPT,2015-0761119,Davidson,Nashville,8/13/2015 7:41:00 PM,2,2,0,36.071400,-86.723600,BASS AVE,,,,175.00,Feet,South,US HWY 31 ALT,,,,0.00,N,Not at Intersection,N,Non-Junction,None,,,         ,William,King,Clear,Front to Rear,no,no,no,no,no,False
100923223,METROPOLITAN NASHVILLE POLICE DEPT,2015-0764561,Davidson,Nashville,8/14/2015 8:42:00 PM,2,0,0,36.082630,-86.765270,STATE HWY 255,,,,0.00,,,-- UNKNOWN RAMP/ROAD --,,,,0.00,Y,OTHER, ,Entrance/Exit Ramp Related,None,,,         ,William,King,Clear,Angle,no,no,no,no,no,False
100923227,METROPOLITAN NASHVILLE POLICE DEPT,20150764739,Davidson,Nashville,8/14/2015 9:47:00 PM,3,3,0,36.151930,-86.752610,I 40,,,,0.00,,,,,,,211.45,N,Not at Intersection,N,Non-Junction,None,,,         ,Felipe,Pereira,Clear,Front to Rear,no,no,no,no,no,False
100923236,GOODLETTSVILLE POLICE DEPT,15-30818,Davidson,Goodlettsville,8/14/2015 9:20:00 PM,2,0,0,36.324190,-86.702710,LONG HOLLOW,PIKE,,,229.00,Feet,South,NORTHGATE DR,,,,0.00,,Not at Intersection,N,"Driveway, Alley Access, etc",None,,,         ,Hannah,Poole,Clear,Front to Rear,no,no,no,yes,no,False
100923237,METROPOLITAN NASHVILLE POLICE DEPT,2015-0761511,Davidson,Nashville,8/13/2015 9:48:00 PM,2,0,0,36.080230,-86.758480,TROUSDALE DR,,,,319.00,Feet,South,STATE HWY 255,,,,0.00,N,Not at Intersection, ,,None,,,         ,Alan,Digruttolo,,,no,no,no,no,no,False
100923238,METROPOLITAN NASHVILLE POLICE DEPT,20150764864,Davidson,Nashville,8/14/2015 10:50:00 PM,2,1,0,36.159620,-86.796200,MCMILLAN ST,,,,0.00,,,US HWY 70,,,,0.00,Y,Four-Way,Y,Intersection,None,,,         ,Charles,Wingo,Clear,Angle,no,no,no,no,no,False
100923246,METROPOLITAN NASHVILLE POLICE DEPT,20150765186,Davidson,Nashville,8/15/2015 1:34:00 AM,2,0,0,36.173130,-86.791420,US HWY 41 ALT,,,,0.00,,,,,,,0.00,,, ,Non-Junction,None,,,         ,Kevin,Frei,Clear,Angle,no,no,no,no,no,False
100923255,METROPOLITAN NASHVILLE POLICE DEPT,20150765071,Davidson,Nashville,8/15/2015 12:30:00 AM,1,2,0,36.152750,-86.826800,US HWY 70,,,,26.00,Feet,West,35TH AVE N,,,,0.00,N,Not at Intersection,N,Non-Junction,None,,,         ,Autumn,Manning,Clear,Not Collision with Motor Vehicle in Transport,no,no,no,no,yes,False
100923256,METROPOLITAN NASHVILLE POLICE DEPT,20150765189,Davidson,Nashville,8/15/2015 1:30:00 AM,1,0,0,36.167090,-86.743070,ELECTRIC AVE,,,,0.00,,,S 16TH ST,,,,0.00,Y,T-Intersection,N,Non-Junction,None,,,         ,Andrew,Mrosla,Clear,Not Collision with Motor Vehicle in Transport,no,no,no,yes,yes,False
100923267,METROPOLITAN NASHVILLE POLICE DEPT,20150765315,Davidson,Nashville,8/15/2015 2:27:00 AM,1,1,0,36.044870,-86.667860,STATE HWY 254,,,,158.00,Feet,East,BEECHWOOD TER,,,,0.00,N,Not at Intersection,N,Non-Junction,None,,,         ,Trevin,Tolbert,Clear,Not Collision with Motor Vehicle in Transport,no,no,no,no,no,False
100923269,METROPOLITAN NASHVILLE POLICE DEPT,20150764578,Davidson,Nashville,8/14/2015 8:50:00 PM,2,1,0,36.085540,-86.690710,ANTIOCH PIKE,,,,0.00,,,PERIMETER HILL DR,,,,0.00,Y,T-Intersection,N,Non-Junction,None,,,         ,Christopher,Augustin,Clear,Angle,no,no,no,no,no,False
100923271,METROPOLITAN NASHVILLE POLICE DEPT,20150764885,Davidson,Nashville,8/14/2015 10:20:00 PM,2,0,0,36.176720,-86.771510,SPRING ST,,,,0.00,,,-- UNKNOWN RAMP/ROAD --,,,,0.00,Y,T-Intersection, ,Intersection,None,,,         ,Coleman,McKellar,Clear,Front to Rear,no,no,no,no,no,False
100923275,METROPOLITAN NASHVILLE POLICE DEPT,2015-0765174,Davidson,Nashville,8/15/2015 1:28:00 AM,1,0,0,36.265010,-86.757030,US HWY 31W,,,,660.00,Feet,North,WESTCHESTER DR,,,,0.00,N,Not at Intersection,N,Non-Junction,None,,,         ,Joshua,Green,Clear,Not Collision with Motor Vehicle in Transport,no,no,no,no,yes,False
100923279,METROPOLITAN NASHVILLE POLICE DEPT,2015-0762423,Davidson,Nashville,8/14/2015 5:30:00 AM,3,0,0,36.239810,-86.773380,STATE HWY 155,,,,800.00,Feet,East,EXIT 17,,,,0.00,N,Not at Intersection,N,Non-Junction,None,,,         ,John,Joyce,Clear,"Sideswipe, Same Direction",no,no,no,no,no,False
100923280,METROPOLITAN NASHVILLE POLICE DEPT,2015-0765376,Davidson,Nashville,8/15/2015 3:15:00 AM,2,0,0,36.257990,-86.738460,I 65,,,,0.00,,,,,,,91.80,N,Not at Intersection,N,Non-Junction,None,,,         ,John,Joyce,Clear,"Sideswipe, Same Direction",no,no,no,no,yes,False
100923281,METROPOLITAN NASHVILLE POLICE DEPT,20150764823,Davidson,Nashville,8/14/2015 10:22:00 PM,2,0,0,36.142610,-86.815490,31ST AVE S,,,,0.00,,,US HWY 70S,,,,0.00,Y,Four-Way, ,Intersection-Related,None,,,         ,Benjamin,Fisher,Clear,Front to Rear,no,no,no,no,no,Campus
100923282,METROPOLITAN NASHVILLE POLICE DEPT,20150765496,Davidson,Nashville,8/15/2015 3:08:00 AM,2,0,0,36.087170,-86.729860,ELYSIAN FIELDS CT,,,,181.00,Feet,East,US HWY 31 ALT,,,,0.00,N,Not at Intersection,N,Non-Junction,None,,,         ,Dale,Dameron,Clear,Angle,no,no,no,yes,yes,False
100923283,METROPOLITAN NASHVILLE POLICE DEPT,20150765481,Davidson,Nashville,8/15/2015 12:00:00 AM,1,0,0,36.202950,-86.769240,US HWY 31W,,,,1026.00,Feet,North,GATEWOOD AVE,,,,0.00,N,Not at Intersection,N,Non-Junction,None,,,         ,Ashley,Arnold,Clear,Unknown,no,no,no,no,yes,False
100923320,METROPOLITAN NASHVILLE POLICE DEPT,20150763056,Davidson,Nashville,8/14/2015 10:20:00 AM,2,0,0,36.184860,-86.803380,9TH AVE N,,,,0.00,,,CLAY ST,,,,0.00,Y,Four-Way,N,Intersection,None,,,         ,Joseph,Cadden,Clear,Angle,no,no,no,no,no,False
100923330,METROPOLITAN NASHVILLE POLICE DEPT,20150765682,Davidson,Goodlettsville,8/15/2015 7:35:00 AM,1,0,0,36.293340,-86.702760,ALTA LOMA RD,,,,143.00,Feet,West,US HWY 31E,,,,0.00,N,Not at Intersection,N,"Driveway, Alley Access, etc",None,,,         ,William,Cleek,Rain,Not Collision with Motor Vehicle in Transport,no,no,no,no,yes,False
100923342,BELLE MEADE POLICE DEPT,15-0209,Davidson,Belle Meade,8/15/2015 9:50:00 AM,2,0,0,36.119670,-86.854830,BELLE MEADE BLVD,,,,0.00,,,US HWY 70S,,,,0.00,Y,T-Intersection, ,Intersection,None,,,         ,Charles,Williams,Clear,Front to Rear,no,no,no,no,no,False
100923346,METROPOLITAN NASHVILLE POLICE DEPT,20150765828,Davidson,Nashville,8/15/2015 9:24:00 AM,2,0,0,36.144860,-86.711050,MASSMAN DR,,,,0.00,,,ELM HILL PIKE,,,,0.00,Y,Four-Way, ,Intersection,None,,,         ,Johnathan,Carlisle,Cloudy,Front to Rear,no,no,no,no,no,False
100923354,METROPOLITAN NASHVILLE POLICE DEPT,20150765248,Davidson,Nashville,8/15/2015 2:00:00 AM,1,1,0,36.031840,-86.756270,CLOVERLAND DR,,,,321.00,Feet,East,CLOVERLAND PARK DR,,,,0.00,N,Not at Intersection,N,Non-Junction,None,,,         ,Gilbert,Mana,Clear,Not Collision with Motor Vehicle in Transport,no,no,no,no,no,False
100923359,METROPOLITAN NASHVILLE POLICE DEPT,20150765899,Davidson,Nashville,8/15/2015 9:55:00 AM,2,0,0,36.108370,-86.720250,EXIT 54,,,,0.00,,,I 24,,,,0.00,Y,Y-Intersection, ,Entrance/Exit Ramp Related,None,,,         ,Christopher,Valdez,Clear,"Sideswipe, Same Direction",no,no,no,no,yes,False
100923360,METROPOLITAN NASHVILLE POLICE DEPT,20150743791,Davidson,Nashville,8/8/2015 10:14:00 AM,2,1,0,36.209030,-86.775960,I 65,,,,0.00,,,,,,,87.50,N,Not at Intersection,Y,Entrance/Exit Ramp Related,Construction Zone,Lane Shift-Crossover,Transition Area,         ,Jamell,Randall,Clear,"Sideswipe, Same Direction",no,no,no,no,no,False
100923380,METROPOLITAN NASHVILLE POLICE DEPT,20150765856,Davidson,Nashville,8/15/2015 8:57:00 AM,2,0,0,36.226340,-86.603180,SAUNDERSVILLE RD,,,,0.00,,,SHUTE LN,,,,0.00,Y,T-Intersection, ,Intersection,None,,,         ,Anthony,Venable,Rain,Front to Rear,no,no,no,no,no,False
100923385,METROPOLITAN NASHVILLE POLICE DEPT,20150765894,Davidson,Goodlettsville,8/15/2015 10:00:00 AM,2,0,0,36.302910,-86.740740,DRY CREEK RD,,,,271.00,Feet,South,HILLS HOLLOW RD,,,,0.00,N,Not at Intersection, ,Non-Junction,None,,,         ,Jordan,Lowry,Cloudy,Angle,no,no,no,no,no,False
100923388,METROPOLITAN NASHVILLE POLICE DEPT,20150766047,Davidson,Nashville,8/15/2015 11:43:00 AM,2,0,0,36.248080,-86.721380,DUE WEST AVE W,,,,147.00,Feet,West,RAMP,,,,0.00,N,Not at Intersection, ,Non-Junction,None,,,         ,Caleb,Foster,Cloudy,"Sideswipe, Same Direction",no,no,no,no,no,False
100923393,METROPOLITAN NASHVILLE POLICE DEPT,2015066070,Davidson,Not in City Limit,8/15/2015 12:00:00 PM,1,0,0,36.077030,-86.984480,I 40,,,,0.00,,,,,,,194.55,N,Not at Intersection,N,Non-Junction,None,,,         ,Wesley,Tilley,Cloudy,Not Collision with Motor Vehicle in Transport,no,no,no,no,no,False
100923394,METROPOLITAN NASHVILLE POLICE DEPT,20150766023,Davidson,Nashville,8/15/2015 12:10:00 PM,2,0,0,36.191810,-86.783990,I 65,,,,0.00,,,,,,,86.10,N,Not at Intersection, ,Non-Junction,None,,,         ,Richard,Olive,Clear,"Sideswipe, Same Direction",no,no,no,no,no,False
100923409,METROPOLITAN NASHVILLE POLICE DEPT,20150766079,Davidson,Nashville,8/15/2015 12:00:00 PM,1,0,0,36.079890,-86.696140,I 24,,,,0.00,,,,,,,56.20,N,Not at Intersection, ,,None,,,         ,Christopher,Hanor,,,no,no,no,no,no,False
100923410,METROPOLITAN NASHVILLE POLICE DEPT,20150766078,Davidson,Nashville,8/15/2015 12:00:00 PM,2,0,0,36.080040,-86.696230,I 24,,,,0.00,,,,,,,56.20,N,Not at Intersection, ,,None,,,         ,Christopher,Hanor,,,no,no,no,no,no,False
100923411,METROPOLITAN NASHVILLE POLICE DEPT,20150766035,Davidson,Nashville,8/15/2015 11:30:00 AM,2,1,0,36.171490,-86.769070,INTERSTATE DR,,,,0.00,,,US HWY 31,,,,0.00,Y,T-Intersection,N,Intersection,None,,,         ,Joshua,Hollins,Clear,Angle,no,no,no,no,no,False
100923429,METROPOLITAN NASHVILLE POLICE DEPT,20150766057,Davidson,Nashville,8/15/2015 12:00:00 PM,2,1,0,36.278550,-86.772890,STATE HWY 45,,,,305.00,Feet,West,DALEMERE DR,,,,0.00,N,Not at Intersection,N,Non-Junction,None,,,         ,Jordan,Lowry,Cloudy,Not Collision with Motor Vehicle in Transport,no,no,no,no,no,False
100923430,METROPOLITAN NASHVILLE POLICE DEPT,20150766182,Davidson,Nashville,8/15/2015 12:45:00 PM,2,0,0,36.177840,-86.673660,KNOBDALE RD,,,,421.00,Feet,South,LUMAR LN,,,,0.00,N,Not at Intersection, ,,None,,,         ,Johnathan,Carlisle,,,no,no,no,no,no,False
100923434,METROPOLITAN NASHVILLE POLICE DEPT,20150766137,Davidson,Not in City Limit,8/15/2015 12:50:00 PM,1,2,0,36.335770,-86.784100,UNION HILL RD,,,,711.00,Feet,West,LUSTER RD,,,,0.00,N,Not at Intersection,N,Non-Junction,None,,,         ,Caleb,Foster,Rain,Not Collision with Motor Vehicle in Transport,no,no,no,no,no,False
100923437,METROPOLITAN NASHVILLE POLICE DEPT,20150766112,Davidson,Not in City Limit,8/15/2015 12:27:00 PM,1,2,0,36.100710,-86.934650,I 40,,,,0.00,,,,,,,198.20,N,Not at Intersection,N,Non-Junction,None,,,         ,Benjamin,Spees,Rain,Not Collision with Motor Vehicle in Transport,no,no,no,no,no,False
100923441,METROPOLITAN NASHVILLE POLICE DEPT,20150766104,Davidson,Nashville,8/15/2015 12:20:00 PM,2,0,0,36.046040,-86.696700,BENZING RD,,,,458.00,Feet,South,STATE HWY 254,,,,0.00,N,Not at Intersection, ,Non-Junction,None,,,         ,Brent,Hedgcoth,Cloudy,Rear to Side,no,no,no,no,yes,False
100923446,METROPOLITAN NASHVILLE POLICE DEPT,20150763166,Davidson,Nashville,8/14/2015 12:35:00 PM,2,0,0,36.203580,-86.738480,GALLATIN PIKE,,,,0.00,,,E TRINITY LN,,,,0.00,Y,T-Intersection,N,Intersection,None,,,         ,Steven,Carrick,Clear,Front to Rear,no,no,no,no,no,False
100923449,METROPOLITAN NASHVILLE POLICE DEPT,20150766230,Davidson,Not in City Limit,8/15/2015 1:30:00 PM,2,0,0,36.084620,-86.949160,I 40,,,,0.00,,,,,,,196.80,N,Not at Intersection, ,Non-Junction,None,,,         ,Wesley,Tilley,Rain,"Sideswipe, Opposite Direction",no,no,no,no,no,False
100923450,METROPOLITAN NASHVILLE POLICE DEPT,2015-0766283,Davidson,Nashville,8/15/2015 1:30:00 PM,3,0,0,36.230490,-86.768810,EWING DR,,,,0.00,,,LARKSPUR DR,,,,0.00,Y,T-Intersection,N,Non-Junction,None,,,         ,Eric,Westbrook,Rain,Front to Rear,no,no,no,no,yes,False
100923452,METROPOLITAN NASHVILLE POLICE DEPT,20150766203,Davidson,Nashville,8/15/2015 1:25:00 PM,2,0,0,36.133840,-86.788830,ACKLEN AVE,,,,0.00,,,12TH AVE S,,,,0.00,Y,T-Intersection,N,Non-Junction,None,,,         ,Gregory,Lindstrom,Rain,Angle,no,no,no,no,no,False
100923455,METROPOLITAN NASHVILLE POLICE DEPT,20150766061,Davidson,Nashville,8/15/2015 11:45:00 AM,2,1,0,36.254110,-86.716060,US HWY 31E,,,,373.00,Feet,North,EMMITT AVE,,,,0.00,N,Not at Intersection,N,Non-Junction,None,,,         ,Andrew,Ivey,Clear,Angle,no,no,no,no,no,False
100923457,METROPOLITAN NASHVILLE POLICE DEPT,20150766206,Davidson,Nashville,8/15/2015 1:33:00 PM,2,1,0,36.041760,-86.782420,I 65,,,,0.00,,,,,,,74.80,N,Not at Intersection,N,Non-Junction,None,,,         ,Arthur,Hummell,Rain,Angle,no,no,no,no,no,False
100923465,METROPOLITAN NASHVILLE POLICE DEPT,2015-0766187,Davidson,Nashville,8/15/2015 1:24:00 PM,2,1,0,36.230490,-86.768840,EWING DR,,,,0.00,,,LARKSPUR DR,,,,0.00,Y,T-Intersection,N,Non-Junction,None,,,         ,Eric,Westbrook,Rain,Front to Rear,no,no,no,no,no,False
100923472,METROPOLITAN NASHVILLE POLICE DEPT,20150764633,Davidson,Nashville,8/14/2015 9:07:00 PM,1,1,0,36.247040,-86.774840,VILLAGE TRL,,,,51.00,Feet,West,HAWK VIEW CT,,,,0.00,N,Not at Intersection,N,Non-Junction,None,,,         ,Byron,Dewalt,Clear,Not Collision with Motor Vehicle in Transport,yes,no,no,no,yes,False
100923475,METROPOLITAN NASHVILLE POLICE DEPT,2015-764148,Davidson,Nashville,8/14/2015 5:00:00 PM,2,0,0,0.000000,0.000000,UNION AVE,AVE,US0,,150.00,Feet,West,UNION AVE,AVE,US,,0.00,N,Not at Intersection, ,Non-Junction,None,,,         ,Dejuan,Daniels,Clear,Other,no,no,no,no,no,False
100923478,METROPOLITAN NASHVILLE POLICE DEPT,20150764010,Davidson,Nashville,8/14/2015 4:17:00 PM,2,0,0,36.044820,-86.662700,STATE HWY 254,,,,352.00,Feet,West,CANE RIDGE RD,,,,0.00,N,Not at Intersection,N,Non-Junction,None,,,         ,Joseph,Progar,Rain,Front to Rear,no,no,no,no,no,False
100923480,METROPOLITAN NASHVILLE POLICE DEPT,20150747350,Davidson,Madison,8/9/2015 7:37:00 PM,2,0,0,36.258650,-86.697140,LANIER DR,,,,53.00,Feet,East,YOWELL AVE,,,,0.00,N,Not at Intersection,N,Non-Junction,None,,,         ,Carlos,Urrutia,Clear,Front to Rear,no,no,no,no,yes,False
100923487,METROPOLITAN NASHVILLE POLICE DEPT,20150766302,Davidson,Nashville,8/15/2015 12:01:00 PM,2,0,0,36.118090,-86.699900,US HWY 41,,,,50.00,Feet,East,RAMP,,,,0.00,N,Not at Intersection, ,Non-Junction,None,,,         ,Michael,Moss,Rain,Front to Rear,no,no,no,no,no,False
100923498,METROPOLITAN NASHVILLE POLICE DEPT,20150766284,Davidson,Nashville,8/15/2015 2:20:00 PM,1,0,0,36.054940,-86.900570,STATE HWY 254,,,,670.00,Feet,West,VAUGHN RD,,,,0.00,N,Not at Intersection,N,Non-Junction,None,,,         ,Adam,Reese,Rain,Not Collision with Motor Vehicle in Transport,no,no,no,no,no,False
100923506,METROPOLITAN NASHVILLE POLICE DEPT,2015-0766328,Davidson,Not in City Limit,8/15/2015 3:05:00 PM,1,0,0,36.082820,-86.932080,HICKS RD,,,,460.00,Feet,North,STIRRUP DR,,,,0.00,N,Not at Intersection,N,Non-Junction,None,,,         ,Michael,Rogers,Cloudy,Not Collision with Motor Vehicle in Transport,no,no,no,no,no,False
100923509,METROPOLITAN NASHVILLE POLICE DEPT,20150766312,Davidson,Nashville,8/15/2015 2:57:00 PM,2,0,0,36.115800,-86.704540,STATE HWY 155,,,,100.00,Feet,West,RAMP,,,,0.00,N,Not at Intersection,N,Non-Junction,None,,,         ,Brandon,Vance,Cloudy,Front to Rear,no,no,no,no,no,False
100923525,METROPOLITAN NASHVILLE POLICE DEPT,20150766311,Davidson,Nashville,8/15/2015 2:55:00 PM,3,0,0,36.117660,-86.810130,US HWY 431,,,,93.00,Feet,South,GOLF CLUB LN,,,,0.00,N,Not at Intersection,N,Non-Junction,None,,,         ,Brenton,Adcox,Rain,Front to Rear,no,no,no,no,no,False
100923533,METROPOLITAN NASHVILLE POLICE DEPT,20150766448,Davidson,Nashville,8/15/2015 3:43:00 PM,2,0,0,36.039220,-86.782430,STATE HWY 254,,,,0.00,,,-- UNKNOWN RAMP/ROAD --,,,,0.00,Y,OTHER, ,Non-Junction,None,,,         ,Megan,Lamon,Clear,Front to Rear,no,no,no,no,no,False
100923541,METROPOLITAN NASHVILLE POLICE DEPT,2015-0766512,Davidson,Nashville,8/15/2015 4:30:00 PM,2,0,0,36.125360,-86.805510,US HWY 431,,,,0.00,,,WOODLAWN DR,,,,0.00,Y,Four-Way, ,Intersection,None,,,         ,Austin,Kendrick,Clear,Front to Rear,no,no,no,no,no,False
100923551,METROPOLITAN NASHVILLE POLICE DEPT,20150766470,Davidson,Nashville,8/15/2015 3:05:00 PM,2,0,0,36.137010,-86.883140,US HWY 70,,,,134.00,Feet,East,SUMMERLY DR,,,,0.00,N,Not at Intersection, ,Non-Junction,None,,,         ,Tamara,Zurawski,Cloudy,Angle,no,no,no,yes,yes,False
100923553,METROPOLITAN NASHVILLE POLICE DEPT,20150766485,Davidson,Nashville,8/15/2015 4:25:00 PM,2,1,0,36.153020,-86.857680,RAMP,,,,0.00,,,I 40,,,,0.00,Y,T-Intersection,Y,Entrance/Exit Ramp Related,None,,,         ,Douglas,Sykes,Cloudy,Front to Rear,no,no,no,no,no,False
100923556,METROPOLITAN NASHVILLE POLICE DEPT,20150766570,Davidson,Nashville,8/15/2015 5:00:00 PM,2,0,0,36.171380,-86.688900,STATE HWY 155,,,,30.00,Feet,East,REVERE PL,,,,0.00,N,Not at Intersection,N,Non-Junction,None,,,         ,John,Kelley,Clear,Front to Rear,no,no,no,no,yes,False
100923563,METROPOLITAN NASHVILLE POLICE DEPT,20150766581,Davidson,Berry Hill,8/15/2015 4:14:00 PM,2,0,0,36.124820,-86.764030,ROSEDALE AVE,,,,4.00,Feet,West,GRISSOM DR,,,,0.00,N,Not at Intersection, ,Non-Junction,None,,,         ,Brenton,Adcox,Clear,Rear to Side,no,no,no,no,no,False
100923565,METROPOLITAN NASHVILLE POLICE DEPT,20150766543,Davidson,Nashville,8/15/2015 4:55:00 PM,2,1,0,36.064770,-86.717240,US HWY 31 ALT,,,,559.00,Feet,East,RAMP,,,,0.00,N,Not at Intersection,N,Non-Junction,None,,,         ,Eric,Burford,Clear,Angle,no,no,no,no,no,False
100923569,METROPOLITAN NASHVILLE POLICE DEPT,20150764502,Davidson,Nashville,8/14/2015 8:15:00 PM,2,0,0,36.158070,-86.760380,I 24,,,,0.00,,,,,,,49.60,N,Not at Intersection, ,Non-Junction,None,,,         ,Royce,McLester,Clear,Front to Rear,no,no,no,no,yes,False
100923571,METROPOLITAN NASHVILLE POLICE DEPT,20150766442,Davidson,Nashville,8/15/2015 3:44:00 PM,2,2,0,36.044780,-86.661820,STATE HWY 254,,,,90.00,Feet,West,CANE RIDGE RD,,,,0.00,N,Not at Intersection,N,Non-Junction,None,,,         ,Joseph,Progar,Clear,Angle,no,no,no,no,no,False
100923578,METROPOLITAN NASHVILLE POLICE DEPT,20150766538,Davidson,Nashville,8/15/2015 4:08:00 PM,2,0,0,36.247320,-86.720770,US HWY 31E,,,,135.00,Feet,South,RAMP,,,,0.00,N,Not at Intersection,N,Non-Junction,None,,,         ,Landon,Bagwell,Clear,"Sideswipe, Opposite Direction",no,no,no,yes,yes,False
100923579,METROPOLITAN NASHVILLE POLICE DEPT,20150766671,Davidson,Nashville,8/15/2015 6:00:00 PM,2,0,0,36.142730,-86.708480,I 40,,,,0.00,,,,,,,214.30,N,Not at Intersection, ,Non-Junction,None,,,         ,John,Kelley,Clear,"Sideswipe, Same Direction",no,no,no,no,no,False
100923580,METROPOLITAN NASHVILLE POLICE DEPT,20150766638,Davidson,Nashville,8/15/2015 5:52:00 PM,2,0,0,36.144270,-86.695220,I 40,,,,0.00,,,,,,,215.00,N,Not at Intersection,N,Non-Junction,None,,,         ,Tyler,Conrads,Clear,Front to Rear,no,no,no,no,no,False
100923584,METROPOLITAN NASHVILLE POLICE DEPT,20150766700,Davidson,Nashville,8/15/2015 5:04:00 PM,2,1,0,36.162080,-86.597200,OLD HICKORY BLVD,,,,86.00,Feet,North,RAMP,,,,0.00,N,Not at Intersection,N,Non-Junction,None,,,         ,Jacob,Halouska,Clear,Front to Rear,no,no,no,no,no,False