master_record_number,agency,agency_tracking_number,county,city,collision_date,vehicles_involved,number_injured,number_dead,latitude,longitude,roadway_name,roadway_suffix,roadway_number,roadway_local_id,distance_from_reference,miles-feet_indicator,direction_from_reference,intersection_road_name,intersection_road_name_suffix,intersection_road_number,intersection_local_id,mile_marker,intersection_indicator,intersect_type,interchange_related_indicator,relation_to_junction,work_zone_type,construction_maintenance_zone,construction_maintenance_zone_location,fatal_case_number,officer_first_name,officer_last_name,weather_condition(s),manner_of_crash,pedestrian,bicycle,scooter,parking,hitrun,mou
100923590,METROPOLITAN NASHVILLE POLICE DEPT,20150766655,Davidson,Nashville,8/15/2015 4:54:00 PM,2,0,0,36.043410,-86.744120,BRENTWOOD SQ,,,,0.00,,,EDMONDSON PIKE,,,,0.00,Y,OTHER,N,Non-Junction,None,,,         ,Megan,Lamon,Clear,Front to Rear,no,no,no,no,no,False
100923591,Nashville Airport Police,2015-01725,Davidson,Nashville,8/4/2015 7:44:00 PM,2,0,0,36.126940,-86.666190,AIRPORT SERVICE RD,,,,0.00,,,,,,,0.00,,, ,Non-Junction,None,,,         ,Steve,Wright,Clear,Other,no,no,no,yes,no,False
100923594,METROPOLITAN NASHVILLE POLICE DEPT,2015-0766649,Davidson,Nashville,8/15/2015 5:55:00 PM,2,1,0,36.229410,-86.759470,EWING DR,,,,47.00,Feet,East,RAMP,,,,0.00,N,Not at Intersection,N,Non-Junction,None,,,         ,Anthony,Cavis,Clear,Front to Rear,no,no,no,no,no,False
100923599,METROPOLITAN NASHVILLE POLICE DEPT,2015-0760686,Davidson,Nashville,8/13/2015 5:35:00 PM,2,0,0,36.141690,-86.823000,I 440,,,,0.00,,,,,,,0.10,N,Not at Intersection, ,Non-Junction,None,,,         ,Alex,Lampley,Clear,Front to Rear,no,no,no,no,no,False
100923600,METROPOLITAN NASHVILLE POLICE DEPT,20150766799,Davidson,Nashville,8/15/2015 7:02:00 PM,2,1,0,36.159140,-86.664610,MCCAMPBELL AVE,,,,0.00,,,STATE HWY 255,,,,0.00,Y,Four-Way,N,Intersection,None,,,         ,Leslie,Hale,Clear,Angle,no,no,no,no,no,False
100923605,METROPOLITAN NASHVILLE POLICE DEPT,20150766722,Davidson,Nashville,8/15/2015 6:36:00 PM,2,0,0,36.161290,-86.776670,US HWY 70,,,,174.00,Feet,East,4TH AVE N,,,,0.00,N,Not at Intersection, ,Non-Junction,None,,,         ,Benjamin,Smith,Clear,"Sideswipe, Same Direction",no,no,no,no,yes,False
100923628,METROPOLITAN NASHVILLE POLICE DEPT,20150766282,Davidson,Nashville,8/15/2015 2:25:00 PM,4,2,0,36.060240,-86.716530,US HWY 31 ALT,,,,64.00,Feet,North,STRASSER DR,,,,0.00,N,Not at Intersection,N,Non-Junction,None,,,         ,Royce,McLester,Cloudy,Front to Rear,no,no,no,no,no,False
100923636,METROPOLITAN NASHVILLE POLICE DEPT,20150766831,Davidson,Antioch,8/15/2015 12:00:00 AM,2,0,0,36.049320,-86.599990,PIN HOOK RD,,,,0.00,Feet,,STATE HWY 171,,,,0.00,Y,Four-Way,Y,Intersection,None,,,         ,Larry,Preuett,Clear,Angle,no,no,no,no,no,False
100923641,METROPOLITAN NASHVILLE POLICE DEPT,20150763783,Davidson,Not in City Limit,8/14/2015 3:36:00 PM,2,1,0,36.269580,-86.755530,US HWY 31W,,,,20.00,Feet,North,RAMP,,,,0.00,N,Not at Intersection,Y,Non-Junction,None,,,         ,Samuel,Miller,Clear,Angle,no,no,no,no,no,False
100923642,METROPOLITAN NASHVILLE POLICE DEPT,20150763925,Davidson,Nashville,8/14/2015 4:42:00 PM,2,0,0,36.235060,-86.714400,STATE HWY 155,,,,192.00,Feet,East,BRUSH HILL RD,,,,0.00,N,Not at Intersection, ,Non-Junction,None,,,         ,Samuel,Miller,Clear,"Sideswipe, Same Direction",no,no,no,no,no,False
100923643,METROPOLITAN NASHVILLE POLICE DEPT,20150764139,Davidson,Not in City Limit,8/14/2015 5:45:00 PM,1,0,0,36.337620,-86.776810,LICKTON PIKE,,,,1015.00,Feet,North,UNION HILL RD,,,,0.00,N,Not at Intersection,N,Non-Junction,None,,,         ,Samuel,Miller,Rain,Not Collision with Motor Vehicle in Transport,no,no,no,no,no,False
100923644,METROPOLITAN NASHVILLE POLICE DEPT,20150764345,Davidson,Not in City Limit,8/14/2015 7:19:00 PM,2,1,0,36.261490,-86.721310,LINDA LN,,,,0.00,,,DONNA DR,,,,0.00,Y,Four-Way,Y,Intersection,None,,,         ,Samuel,Miller,Clear,Angle,no,no,no,no,no,False
100923645,METROPOLITAN NASHVILLE POLICE DEPT,20150766357,Davidson,Not in City Limit,8/15/2015 2:20:00 PM,2,0,0,36.276650,-86.729550,E CAMPBELL RD,,,,0.00,,,N GRAYCROFT AVE,,,,0.00,Y,Four-Way,Y,Intersection,None,,,         ,Samuel,Miller,Cloudy,Front to Rear,no,no,no,no,yes,False
100923646,METROPOLITAN NASHVILLE POLICE DEPT,20150766560,Davidson,Not in City Limit,8/15/2015 5:01:00 PM,2,1,0,36.263670,-86.687120,STATE HWY 45,,,,0.00,,,ARCHWOOD DR,,,,0.00,Y,Four-Way,Y,Intersection,None,,,         ,Samuel,Miller,Clear,Front to Rear,no,no,no,no,yes,False
100923647,METROPOLITAN NASHVILLE POLICE DEPT,20150766493,Davidson,Nashville,8/15/2015 4:28:00 PM,2,1,0,36.251760,-86.776770,BRICK CHURCH PIKE,,,,481.00,Feet,South,WESTCHESTER DR,,,,0.00,N,Not at Intersection,N,Non-Junction,None,,,         ,Samuel,Miller,Clear,Front to Rear,no,no,no,no,no,False
100923650,METROPOLITAN NASHVILLE POLICE DEPT,20150766423,Davidson,Nashville,8/15/2015 3:52:00 PM,1,0,0,36.172150,-86.728010,HUNTLEIGH DR,,,,0.00,,,,,,,0.00,,,N,Non-Junction,None,,,         ,Cressie,Prill,Clear,Not Collision with Motor Vehicle in Transport,no,no,no,no,yes,False
100923653,METROPOLITAN NASHVILLE POLICE DEPT,20150767191,Davidson,Nashville,8/15/2015 8:58:00 PM,2,0,0,36.142810,-86.744350,US HWY 41,,,,0.00,,,FESSLERS LN,,,,0.00,Y,Four-Way,N,Intersection,None,,,         ,Leslie,Hale,Clear,Angle,no,no,no,no,yes,False
100923656,METROPOLITAN NASHVILLE POLICE DEPT,20150766677,Davidson,Nashville,8/15/2015 5:55:00 PM,2,0,0,36.203500,-86.735300,BRONTE AVE,,,,0.00,,,LELAND AVE,,,,0.00,Y,T-Intersection, ,Intersection,None,,,         ,Jarred,Ruhlman,Clear,Angle,no,no,no,no,no,False
100923657,METROPOLITAN NASHVILLE POLICE DEPT,20150766640,Davidson,Nashville,8/15/2015 5:53:00 PM,2,0,0,36.204220,-86.729490,MCGAVOCK PIKE,,,,169.00,Feet,East,HUFFINE ST,,,,0.00,N,Not at Intersection,N,Non-Junction,None,,,         ,Rachael,Sacco,Clear,"Sideswipe, Opposite Direction",no,no,no,no,yes,False
100923660,METROPOLITAN NASHVILLE POLICE DEPT,20150766299,Davidson,Nashville,8/15/2015 1:45:00 PM,2,0,0,36.116920,-86.725690,I 24,,,,0.00,,,,,,,53.15,N,Not at Intersection, ,Non-Junction,None,,,         ,Randy,Heinze,Clear,"Sideswipe, Same Direction",no,no,no,no,yes,False
100923665,METROPOLITAN NASHVILLE POLICE DEPT,20150767018,Davidson,Nashville,8/15/2015 8:18:00 PM,2,0,0,36.159980,-86.779530,US HWY 70,,,,109.00,Feet,East,6TH AVE S,,,,0.00,N,Not at Intersection, ,Non-Junction,None,,,         ,Benjamin,Smith,Clear,Angle,no,no,no,no,no,False
100923670,METROPOLITAN NASHVILLE POLICE DEPT,20150767238,Davidson,Nashville,8/15/2015 9:14:00 PM,2,0,0,36.162080,-86.597200,OLD HICKORY BLVD,,,,86.00,Feet,North,RAMP,,,,0.00,N,Not at Intersection, ,Non-Junction,None,,,         ,Jacob,Halouska,Clear,Angle,no,no,no,no,no,False
100923681,METROPOLITAN NASHVILLE POLICE DEPT,20150767308,Davidson,Nashville,8/15/2015 9:27:00 PM,1,0,0,36.239060,-86.779730,EXIT 17,,,,0.00,Feet,East,DOVERSIDE CT,,,,0.00,N,Not at Intersection,N,Non-Junction,None,,,         ,Samuel,Miller,Clear,Not Collision with Motor Vehicle in Transport,no,no,no,no,yes,False
100923683,METROPOLITAN NASHVILLE POLICE DEPT,20150767338,Davidson,Nashville,8/15/2015 9:43:00 PM,2,2,0,36.187910,-86.798530,US HWY 41 ALT,,,,0.00,,,DOMINICAN DR,,,,0.00,Y,Four-Way,N,Intersection,None,,,         ,Brian,Woodard,Clear,Front to Rear,no,no,no,no,yes,False
100923687,METROPOLITAN NASHVILLE POLICE DEPT,20150766447,Davidson,Nashville,8/15/2015 4:07:00 PM,2,1,0,36.182570,-86.797750,-- UNKNOWN RAMP/ROAD --,,,,0.00,,,I 65,,,,0.00,Y,OTHER,N,Non-Junction,None,,,         ,Michael,Brooks,Cloudy,Front to Rear,no,no,no,no,no,False
100923702,METROPOLITAN NASHVILLE POLICE DEPT,20150767339,Davidson,Nashville,8/15/2015 9:48:00 PM,2,2,0,36.162740,-86.618160,I 40,,,,0.00,,,,,,,219.80,N,Not at Intersection,N,Non-Junction,None,,,         ,David,Stanley,Clear,Angle,no,no,no,no,no,False
100923709,METROPOLITAN NASHVILLE POLICE DEPT,20150767416,Davidson,Nashville,8/15/2015 10:29:00 PM,1,1,0,36.032080,-86.640400,I 24,,,,0.00,,,,,,,60.80,N,Not at Intersection,N,Non-Junction,None,,,         ,Tyler,McDaniel,Clear,Not Collision with Motor Vehicle in Transport,no,no,no,no,no,False
100923714,METROPOLITAN NASHVILLE POLICE DEPT,20150767557,Davidson,Nashville,8/15/2015 11:27:00 PM,2,0,0,36.206610,-86.777900,US HWY 431,,,,0.00,,,BRICK CHURCH PIKE,,,,0.00,Y,Four-Way, ,Intersection,None,,,         ,Michael,Wilson,Clear,Front to Rear,no,no,no,no,no,False
100923717,METROPOLITAN NASHVILLE POLICE DEPT,20150767653,Davidson,Nashville,8/16/2015 12:39:00 AM,1,0,0,36.163560,-86.613690,DODSON CHAPEL RD,,,,184.00,Feet,West,BELL RD,,,,0.00,N,Not at Intersection,N,Non-Junction,None,,,         ,Christina,Buckner,Clear,Not Collision with Motor Vehicle in Transport,no,no,no,no,no,False
100923720,METROPOLITAN NASHVILLE POLICE DEPT,20150767589,Davidson,Nashville,8/16/2015 12:09:00 AM,1,0,0,0.000000,0.000000,NOLENSVILLE,PIKE,,,200.00,Feet,South,BROOKLAWN,DR,,,0.00,N,Not at Intersection, ,Non-Junction,None,,,         ,Eric,Petlewski,Clear,Not Collision with Motor Vehicle in Transport,no,no,no,no,no,False
100923752,METROPOLITAN NASHVILLE POLICE DEPT,20150767829,Davidson,Nashville,8/15/2015 12:00:00 AM,1,0,0,36.082190,-86.626800,MOSSDALE DR,,,,296.00,Feet,West,WHORLEY DR,,,,0.00,,Not at Intersection,N,Non-Junction,None,,,         ,Codey,Mullins,Clear,Unknown,no,no,no,no,yes,False
100923761,METROPOLITAN NASHVILLE POLICE DEPT,20150767882,Davidson,Nashville,8/16/2015 2:46:00 AM,1,0,0,36.154280,-86.759420,I 40,,,,0.00,,,,,,,211.00,N,Not at Intersection,N,Non-Junction,None,,,         ,Raymond,Heymann,Clear,Not Collision with Motor Vehicle in Transport,no,no,no,no,yes,False
100923775,METROPOLITAN NASHVILLE POLICE DEPT,20150764971,Davidson,Nashville,8/14/2015 8:53:00 PM,2,0,0,36.088750,-86.696080,METROPLEX DR,,,,701.00,Feet,North,ANTIOCH PIKE,,,,0.00,N,Not at Intersection,N,Non-Junction,None,,,         ,Wallis,Massey,Clear,Angle,no,no,no,no,yes,False
100923794,METROPOLITAN NASHVILLE POLICE DEPT,20150767687,Davidson,Nashville,8/16/2015 12:00:00 AM,2,1,0,36.204360,-86.817870,W TRINITY LN,,,,953.00,Feet,East,YOUNGS LN,,,,0.00,N,Not at Intersection,N,Non-Junction,Construction Zone,Other,Transition Area,         ,Charles,Duke,Clear,Not Collision with Motor Vehicle in Transport,no,no,no,no,no,False
100923819,METROPOLITAN NASHVILLE POLICE DEPT,20150766168,Davidson,Nashville,8/15/2015 1:13:00 PM,2,0,0,36.082090,-86.761670,STATE HWY 255,,,,0.00,,,SIDCO DR,,,,0.00,Y,Four-Way,N,Intersection,None,,,         ,James,Smith,Rain,Other,no,no,no,no,no,False
100923825,METROPOLITAN NASHVILLE POLICE DEPT,20150766254,Davidson,Nashville,8/15/2015 2:04:00 PM,2,0,0,36.038360,-86.784200,EXIT 74B,,,,0.00,,,STATE HWY 254,,,,0.00,Y,T-Intersection, ,Intersection-Related,None,,,         ,Joshua,Dickall,Rain,Front to Rear,no,no,no,no,no,False
100923830,METROPOLITAN NASHVILLE POLICE DEPT,2015-0759906,Davidson,Nashville,8/13/2015 12:55:00 PM,2,1,0,36.204980,-86.737600,MCGAVOCK PIKE,,,,0.00,,,GALLATIN PIKE,,,,0.00,Y,Four-Way,N,Intersection-Related,None,,,         ,Eric,Knight,Clear,Front to Rear,no,no,no,no,no,False
100923831,METROPOLITAN NASHVILLE POLICE DEPT,20150766172,Davidson,Nashville,8/15/2015 1:12:00 PM,2,0,0,36.051070,-86.719820,OCALA DR,,,,1109.00,Feet,West,HICKORY PLAZA DR,,,,0.00,N,Not at Intersection,N,Non-Junction,None,,,         ,Reuben,Hewit,Rain,"Sideswipe, Opposite Direction",no,no,no,no,yes,False
100923873,METROPOLITAN NASHVILLE POLICE DEPT,20150744017,Davidson,Nashville,8/8/2015 12:17:00 PM,2,0,0,36.192710,-86.744340,DOUGLAS AVE,,,,0.00,,,GALLATIN AVE,,,,0.00,Y,Four-Way, ,,None,,,         ,Jamell,Randall,,,no,no,no,no,no,False
100923874,METROPOLITAN NASHVILLE POLICE DEPT,20150766285,Davidson,Nashville,8/15/2015 2:40:00 PM,2,0,0,36.152030,-86.768730,-- UNKNOWN RAMP/ROAD --,,,,0.00,,,I 40,,,,0.00,Y,Four-Way, ,,None,,,         ,Trent,Craig,,,no,no,no,no,no,False
100923884,METROPOLITAN NASHVILLE POLICE DEPT,20150768215,Davidson,Nashville,8/16/2015 7:40:00 AM,1,1,0,36.036470,-86.644980,I 24,,,,0.00,,,,,,,60.40,N,Not at Intersection,N,Non-Junction,None,,,         ,Steven,Snitzer,Clear,Not Collision with Motor Vehicle in Transport,no,no,no,no,no,False
100923886,METROPOLITAN NASHVILLE POLICE DEPT,2015-0766211,Davidson,Nashville,8/15/2015 1:35:00 PM,2,0,0,36.183180,-86.773800,GRACE ST,,,,0.00,,,US HWY 31W,,,,0.00,Y,T-Intersection,N,Intersection,None,,,         ,Kenneth,Bray,Clear,Not Collision with Motor Vehicle in Transport,no,no,no,no,yes,False
100923889,METROPOLITAN NASHVILLE POLICE DEPT,20150768176,Davidson,Not in City Limit,8/16/2015 6:30:00 AM,1,1,0,36.284300,-86.814250,LICKTON PIKE,,,,0.76,Miles,North,WESTCAP RD,,,,0.00,N,Not at Intersection,N,Non-Junction,None,,,         ,Clint,Gilleland,Cloudy,Not Collision with Motor Vehicle in Transport,no,no,no,no,no,False
100923890,METROPOLITAN NASHVILLE POLICE DEPT,20150768275,Davidson,Nashville,8/16/2015 8:20:00 AM,2,0,0,36.086420,-86.698730,STATE HWY 255,,,,0.00,,,I 24,,,,0.00,Y,T-Intersection,Y,Entrance/Exit Ramp Related,None,,,         ,Brent,Hedgcoth,Cloudy,Angle,no,no,no,no,no,False
100923903,METROPOLITAN NASHVILLE POLICE DEPT,20150768297,Davidson,Nashville,8/16/2015 8:23:00 AM,1,0,0,0.000000,0.000000,BABY RUTH,LN,,,100.00,Feet,North,MT VIEW,RD,,,0.00,N,Not at Intersection, ,Non-Junction,None,,,         ,Randall,Combs,Cloudy,Not Collision with Motor Vehicle in Transport,no,no,no,no,no,False
100923943,METROPOLITAN NASHVILLE POLICE DEPT,20150768283,Davidson,Nashville,8/16/2015 12:00:00 AM,1,0,0,36.131120,-86.700080,MASSMAN DR,,,,326.00,Feet,North,GOODBAR DR,,,,0.00,N,Not at Intersection,N,Non-Junction,None,,,         ,Justin,Franklin,Unknown,Not Collision with Motor Vehicle in Transport,no,no,no,yes,yes,False
100923950,METROPOLITAN NASHVILLE POLICE DEPT,20150768451,Davidson,Antioch,8/16/2015 11:37:00 AM,3,0,0,36.043480,-86.607220,RAMP,,,,0.00,Feet,East,US HWY 41,,,,0.00,N,Not at Intersection, ,Non-Junction,None,,,         ,Steven,Snitzer,Clear,Front to Rear,no,no,no,no,yes,False
100923956,METROPOLITAN NASHVILLE POLICE DEPT,20150768446,Davidson,Nashville,8/16/2015 10:28:00 AM,2,1,0,0.000000,0.000000,CANE RIDGE,RD,,,250.00,Feet,East,OLD FRANKLIN,RD,,,0.00,N,Not at Intersection,N,Non-Junction,None,,,         ,Randall,Combs,Cloudy,"Sideswipe, Opposite Direction",no,no,no,no,no,False
100923957,METROPOLITAN NASHVILLE POLICE DEPT,20150768491,Davidson,Nashville,8/16/2015 10:49:00 AM,2,2,0,36.045730,-86.674350,STATE HWY 254,,,,0.00,Feet,,BLUE HOLE RD,,,,0.00,Y,Four-Way,N,Intersection-Related,None,,,         ,Roderic,Williams,Rain,Angle,no,no,no,no,yes,False
100923959,METROPOLITAN NASHVILLE POLICE DEPT,20150752033,Davidson,Nashville,8/11/2015 9:20:00 AM,2,0,0,36.086900,-86.648660,US HWY 41,,,,0.00,Feet,,NASHBORO BLVD,,,,0.00,Y,Four-Way, ,Intersection-Related,None,,,         ,Roderic,Williams,Clear,"Sideswipe, Same Direction",no,no,no,no,no,False
100923963,METROPOLITAN NASHVILLE POLICE DEPT,2015-0768604,Davidson,Nashville,8/16/2015 12:05:00 PM,2,0,0,36.206020,-86.774310,-- UNKNOWN RAMP/ROAD --,,,,0.00,,,US HWY 431,,,,0.00,Y,OTHER, ,,None,,,         ,Kenneth,Bray,,,no,no,no,no,no,False
100923971,METROPOLITAN NASHVILLE POLICE DEPT,2015-0768662,Davidson,Nashville,8/16/2015 1:20:00 PM,2,0,0,36.174030,-86.606240,STATE HWY 265,,,,58.00,Feet,West,-- UNKNOWN RAMP/ROAD --,,,,0.00,N,Not at Intersection,N,Non-Junction,None,,,         ,Jonathan,Seidl,Cloudy,Front to Rear,no,no,no,no,no,False
100923972,METROPOLITAN NASHVILLE POLICE DEPT,20150768510,Davidson,Nashville,8/16/2015 11:17:00 AM,1,2,0,36.058810,-86.670410,HICKORY HOLLOW PKWY,,,,0.00,,,MOUNT VIEW RD,,,,0.00,Y,T-Intersection,N,Intersection,None,,,         ,Brian,Lamb,Cloudy,Not Collision with Motor Vehicle in Transport,no,no,no,no,no,False
100923973,METROPOLITAN NASHVILLE POLICE DEPT,20150768559,Davidson,Nashville,8/16/2015 12:00:00 PM,2,1,0,36.237420,-86.759260,-- UNKNOWN RAMP/ROAD --,,,,0.00,,,I 65,,,,0.00,Y,OTHER,N,Non-Junction,Construction Zone,Lane Shift-Crossover,Activity Area,         ,Barrett,Teague,Cloudy,"Sideswipe, Same Direction",no,no,no,no,no,False
100923974,METROPOLITAN NASHVILLE POLICE DEPT,2015-0768674,Davidson,Nashville,8/16/2015 1:20:00 PM,1,0,0,36.156100,-86.823510,-- UNKNOWN RAMP/ROAD --,,,,0.00,Feet,East,I 40,,,,0.00,N,Not at Intersection,N,Entrance/Exit Ramp Related,None,,,         ,Cesar,Castillo,Rain,Not Collision with Motor Vehicle in Transport,no,no,no,no,no,False
100923984,METROPOLITAN NASHVILLE POLICE DEPT,20150768611,Davidson,Nashville,8/16/2015 12:44:00 PM,2,0,0,36.187510,-86.776050,I 24,,,,0.00,,,,,,,47.05,N,Not at Intersection, ,,None,,,         ,Bryan,Birdwell,,,no,no,no,no,no,False
100923988,METROPOLITAN NASHVILLE POLICE DEPT,20150768465,Davidson,Nashville,8/16/2015 10:44:00 AM,2,1,0,36.108590,-86.720810,I 24,,,,0.00,,,,,,,53.80,N,Not at Intersection,N,Non-Junction,None,,,         ,David,Simmonds,Cloudy,Other,no,no,no,no,no,False
100924006,METROPOLITAN NASHVILLE POLICE DEPT,20150768614,Davidson,Nashville,8/16/2015 12:43:00 PM,4,5,0,36.119690,-86.766230,I 440,,,,0.00,,,,,,,5.40,N,Not at Intersection,N,Non-Junction,None,,,         ,James,Smith,Cloudy,Other,no,no,no,no,no,False
100924008,METROPOLITAN NASHVILLE POLICE DEPT,20150766207,Davidson,Nashville,8/15/2015 1:15:00 PM,2,0,0,36.203580,-86.738480,GALLATIN PIKE,,,,0.00,,,E TRINITY LN,,,,0.00,Y,T-Intersection,N,Intersection,None,,,         ,Steven,Carrick,Cloudy,Angle,no,no,no,no,no,False
100924013,METROPOLITAN NASHVILLE POLICE DEPT,20150756605,Davidson,Nashville,8/12/2015 3:25:00 PM,2,0,0,36.159540,-86.774660,3RD AVE S,,,,0.00,,,DEMONBREUN ST,,,,0.00,Y,Four-Way,N,Intersection,Construction Zone,Lane Shift-Crossover,Activity Area,         ,Jeffrey,Livingston,Clear,Front to Rear,no,no,no,no,no,False
100924015,METROPOLITAN NASHVILLE POLICE DEPT,20150768728,Davidson,Nashville,8/16/2015 1:50:00 PM,2,0,0,36.210070,-86.839150,US HWY 41 ALT,,,,346.00,Feet,South,FAIRVIEW DR,,,,0.00,N,Not at Intersection,N,Non-Junction,None,,,         ,Ky,Luu,Cloudy,Front to Rear,no,no,no,yes,yes,False
100924018,METROPOLITAN NASHVILLE POLICE DEPT,20150768633,Davidson,Nashville,8/16/2015 12:50:00 PM,2,0,0,36.238820,-86.723910,US HWY 31E,,,,0.00,,,WALTON LN,,,,0.00,Y,T-Intersection,N,Intersection-Related,None,,,         ,William,Coy,Cloudy,Front to Rear,no,no,no,no,no,False
100924036,METROPOLITAN NASHVILLE POLICE DEPT,2015-0767450,Davidson,Not in City Limit,8/15/2015 10:50:00 PM,1,0,0,36.076530,-86.965450,COLEY DAVIS RD,,,,800.00,Feet,East,SOMERSET FARMS DR,,,,0.00,N,Not at Intersection,N,Non-Junction,None,,,         ,Adam,Parker,Cloudy,Not Collision with Motor Vehicle in Transport,no,no,no,no,no,False
100924037,METROPOLITAN NASHVILLE POLICE DEPT,20150768803,Davidson,Nashville,8/16/2015 3:01:00 PM,2,0,0,36.104730,-86.742050,US HWY 31 ALT,,,,186.00,Feet,South,RADNOR ST,,,,0.00,N,Not at Intersection, ,Non-Junction,None,,,         ,Nicholas,Smith,Cloudy,Front to Rear,no,no,no,no,no,False
100924047,METROPOLITAN NASHVILLE POLICE DEPT,20150766706,Davidson,Nashville,8/15/2015 6:20:00 PM,2,1,0,36.237700,-86.724100,US HWY 31E,,,,20.00,Feet,South,CONNECTING ROAD,,,,0.00,N,Not at Intersection,N,Non-Junction,None,,,         ,Landon,Bagwell,Clear,Front to Rear,no,no,no,yes,no,False
100924052,METROPOLITAN NASHVILLE POLICE DEPT,20150761116,Davidson,Nashville,8/13/2015 8:24:00 PM,2,0,0,36.183400,-86.748790,W EASTLAND AVE,,,,50.00,Feet,West,GALLATIN AVE,,,,0.00,N,Not at Intersection, ,Non-Junction,None,,,         ,Ryan,Howard,Clear,Front to Rear,no,no,no,no,no,False
100924053,METROPOLITAN NASHVILLE POLICE DEPT,20150768904,Davidson,Nashville,8/16/2015 3:05:00 PM,2,1,0,36.044630,-86.670530,HICKORY PARK DR,,,,86.00,Feet,South,STATE HWY 254,,,,0.00,N,Not at Intersection,N,Non-Junction,None,,,         ,Ian,Lynch,Cloudy,Front to Rear,no,no,no,no,no,False
100924069,METROPOLITAN NASHVILLE POLICE DEPT,201500868269,Davidson,Nashville,8/15/2015 9:40:00 PM,2,0,0,36.127930,-86.907530,US HWY 70,,,,395.00,Feet,West,RIVER RD,,,,0.00,N,Not at Intersection,N,Non-Junction,None,,,         ,Michael,Russell,Clear,Rear to Rear,no,no,no,yes,yes,False
100924071,METROPOLITAN NASHVILLE POLICE DEPT,20150768912,Davidson,Nashville,8/16/2015 3:50:00 PM,2,3,0,36.224060,-86.806150,KNIGHT DR,,,,118.00,Feet,North,US HWY 431,,,,0.00,N,Not at Intersection,N,Non-Junction,None,,,         ,Zachary,Ronan,Cloudy,Front to Rear,no,no,no,no,yes,False
100924083,METROPOLITAN NASHVILLE POLICE DEPT,20150769013,Davidson,Nashville,8/16/2015 4:35:00 PM,1,1,0,36.041790,-86.782420,I 65,,,,0.00,,,,,,,74.80,N,Not at Intersection,N,Non-Junction,None,,,         ,Eric,Burford,Rain,Not Collision with Motor Vehicle in Transport,no,no,no,no,no,False
100924084,METROPOLITAN NASHVILLE POLICE DEPT,20150769093,Davidson,Nashville,8/16/2015 5:00:00 PM,1,0,0,36.080000,-86.720130,RECOVERY RD,,,,348.00,Feet,North,STATE HWY 255,,,,0.00,N,Not at Intersection,N,Non-Junction,None,,,         ,Randy,Heinze,Rain,Not Collision with Motor Vehicle in Transport,no,no,no,no,no,False
100924094,METROPOLITAN NASHVILLE POLICE DEPT,20150769065,Davidson,Nashville,8/16/2015 4:10:00 PM,2,0,0,36.150420,-86.767140,US HWY 41,,,,200.00,Feet,East,US HWY 31 ALT,,,,0.00,N,Not at Intersection,N,Non-Junction,None,,,         ,Ron,Longino,Cloudy,"Sideswipe, Same Direction",no,no,no,no,yes,False
100924102,METROPOLITAN NASHVILLE POLICE DEPT,20150768833,Davidson,Nashville,8/16/2015 1:50:00 PM,2,0,0,36.256220,-86.674640,CHEYENNE BLVD,,,,854.00,Feet,North,AIDEEN PL,,,,0.00,N,Not at Intersection,N,Non-Junction,None,,,         ,Landon,Bagwell,Clear,Angle,no,no,no,no,yes,False
100924106,METROPOLITAN NASHVILLE POLICE DEPT,20150769006,Davidson,Nashville,8/16/2015 4:39:00 PM,2,0,0,36.076490,-86.634850,BELL RD,,,,0.00,,,DAVENPORT DR,,,,0.00,Y,T-Intersection, ,Non-Junction,None,,,         ,Thomas,Barnes,Cloudy,"Sideswipe, Opposite Direction",no,no,no,no,no,False
100924107,METROPOLITAN NASHVILLE POLICE DEPT,20150769102,Davidson,Nashville,8/16/2015 5:17:00 PM,2,0,0,36.153300,-86.686730,ERMAC DR,,,,0.00,,,ELM HILL PIKE,,,,0.00,Y,T-Intersection,N,Intersection,None,,,         ,Leslie,Hale,Rain,Angle,no,no,no,no,yes,False
100924114,METROPOLITAN NASHVILLE POLICE DEPT,20150769124,Davidson,Nashville,8/16/2015 5:28:00 PM,1,1,0,36.146250,-86.813260,28TH AVE N,,,,0.00,,,POSTON AVE,,,,0.00,Y,T-Intersection,N,Intersection,None,,,         ,Eric,Harvey,Rain,Not Collision with Motor Vehicle in Transport,no,yes,no,no,no,Campus
100924125,METROPOLITAN NASHVILLE POLICE DEPT,20150769188,Davidson,Nashville,8/16/2015 6:05:00 PM,1,0,0,36.053060,-86.689660,TUSCULUM RD,,,,51.00,Feet,East,ROBERT YOEST DR,,,,0.00,N,Not at Intersection,N,Non-Junction,None,,,         ,Matthew,Johnson,Rain,Not Collision with Motor Vehicle in Transport,no,no,no,no,no,False
100924131,METROPOLITAN NASHVILLE POLICE DEPT,20150767345,Davidson,Nashville,8/15/2015 9:58:00 PM,2,0,0,36.186610,-86.747120,PETWAY AVE,,,,0.00,,,GALLATIN AVE,,,,0.00,Y,Four-Way, ,Intersection,None,,,         ,Kelly,Cantrell,Clear,Front to Rear,no,no,no,no,no,False
100924135,METROPOLITAN NASHVILLE POLICE DEPT,20150769411,Davidson,Nashville,8/16/2015 7:47:00 PM,2,1,0,36.184390,-86.610160,ANDREW JACKSON PKWY,,,,305.00,Feet,North,STATE HWY 45,,,,0.00,N,Not at Intersection,N,Non-Junction,None,,,         ,Thomas,Barnes,Clear,Front to Rear,no,no,no,no,no,False