master_record_number,agency,agency_tracking_number,county,city,collision_date,vehicles_involved,number_injured,number_dead,latitude,longitude,roadway_name,roadway_suffix,roadway_number,roadway_local_id,distance_from_reference,miles-feet_indicator,direction_from_reference,intersection_road_name,intersection_road_name_suffix,intersection_road_number,intersection_local_id,mile_marker,intersection_indicator,intersect_type,interchange_related_indicator,relation_to_junction,work_zone_type,construction_maintenance_zone,construction_maintenance_zone_location,fatal_case_number,officer_first_name,officer_last_name,weather_condition(s),manner_of_crash,pedestrian,bicycle,scooter,parking,hitrun,mou
100924145,BELLE MEADE POLICE DEPT,15-0211,Davidson,Belle Meade,8/16/2015 2:45:00 PM,1,0,0,36.096420,-86.862640,HARDING PL,,,,386.00,Feet,West,WESTOVER DR,,,,0.00,N,Not at Intersection,N,Non-Junction,None,,,         ,Shawn,Obrien,Clear,Not Collision with Motor Vehicle in Transport,no,no,no,no,no,False
100924160,METROPOLITAN NASHVILLE POLICE DEPT,20150769086,Davidson,Nashville,8/16/2015 4:57:00 PM,1,1,0,36.110780,-86.721220,-- UNKNOWN RAMP/ROAD --,,,,0.00,,,I 24,,,,0.00,Y,Y-Intersection,N,Non-Junction,None,,,         ,Randy,Heinze,Rain,Not Collision with Motor Vehicle in Transport,no,no,no,no,no,False
100924175,METROPOLITAN NASHVILLE POLICE DEPT,20150769535,Davidson,Nashville,8/16/2015 8:30:00 PM,2,0,0,36.145410,-86.857990,STATE HWY 155,,,,149.00,Feet,North,BURGESS AVE,,,,0.00,N,Not at Intersection,N,Non-Junction,None,,,         ,Douglas,Sykes,Clear,"Sideswipe, Same Direction",no,no,no,yes,yes,False
100924196,METROPOLITAN NASHVILLE POLICE DEPT,20150769304,Davidson,Antioch,8/16/2015 2:30:00 PM,2,0,0,0.000000,0.000000,MAPLE TOP,DR,,,500.00,Feet,North,TUSCULUM,RD,,,0.00,N,Not at Intersection, ,Non-Junction,None,,,         ,Josh,Baney,Rain,Rear to Side,no,no,no,no,no,False
100924203,METROPOLITAN NASHVILLE POLICE DEPT,20150768892,Davidson,Nashville,8/16/2015 3:45:00 PM,2,0,0,36.206630,-86.778130,US HWY 431,,,,77.00,Feet,East,HAMPTON ST,,,,0.00,N,Not at Intersection, ,Non-Junction,None,,,         ,Ashton,Hill,Clear,"Sideswipe, Same Direction",no,no,no,no,no,False
100924206,METROPOLITAN NASHVILLE POLICE DEPT,20150769553,Davidson,Nashville,8/16/2015 9:00:00 PM,2,0,0,36.206610,-86.777900,US HWY 431,,,,0.00,,,BRICK CHURCH PIKE,,,,0.00,Y,Four-Way, ,Intersection,None,,,         ,Brandon,Evans,Cloudy,Angle,no,no,no,no,no,False
100924208,METROPOLITAN NASHVILLE POLICE DEPT,20150769520,Davidson,Nashville,8/16/2015 8:40:00 PM,1,1,0,36.151080,-86.799900,US HWY 70S,,,,231.00,Feet,West,20TH AVE N,,,,0.00,N,Not at Intersection,N,Non-Junction,None,,,         ,Maria,Cortez,Clear,Not Collision with Motor Vehicle in Transport,no,no,no,yes,no,Campus
100924223,METROPOLITAN NASHVILLE POLICE DEPT,20150769328,Davidson,Nashville,8/16/2015 7:08:00 PM,3,1,0,36.064650,-86.620920,HAMILTON CHURCH RD,,,,215.00,Feet,West,HAMILTON GLEN DR,,,,0.00,N,Not at Intersection,N,Non-Junction,None,,,         ,Kevin,Keating,Cloudy,Front to Rear,no,no,no,no,no,False
100924242,METROPOLITAN NASHVILLE POLICE DEPT,20150769844,Davidson,Nashville,8/16/2015 11:30:00 PM,1,1,0,36.276710,-86.715030,HIGHLAND CIR,,,,312.00,Feet,North,E CAMPBELL RD,,,,0.00,N,Not at Intersection,N,Non-Junction,None,,,         ,John,Joyce,Clear,Not Collision with Motor Vehicle in Transport,no,no,no,no,no,False
100924245,METROPOLITAN NASHVILLE POLICE DEPT,2015-0769816,Davidson,Nashville,8/16/2015 11:25:00 PM,2,0,0,36.208500,-86.767190,US HWY 31W,,,,34.00,Feet,North,QUEEN AVE,,,,0.00,N,Not at Intersection,N,Non-Junction,None,,,         ,Michael,Agee,Clear,Angle,no,no,no,no,yes,False
100924260,GOODLETTSVILLE POLICE DEPT,15-31091,Davidson,Goodlettsville,8/17/2015 12:00:00 AM,1,0,0,36.309948,-86.698135,MISSION RIDGE,DR,,,500.00,Feet,West,CONFERENCE,DR,,,0.00,N,Not at Intersection,N,Non-Junction,None,,,         ,Jeffrey,Petty,Clear,Not Collision with Motor Vehicle in Transport,no,no,no,no,yes,False
100924271,METROPOLITAN NASHVILLE POLICE DEPT,20150770258,Davidson,Nashville,8/17/2015 12:00:00 AM,2,0,0,36.167890,-86.678450,CROSSFIELD DR,,,,0.00,,,RIDGEWAY DR,,,,0.00,Y,T-Intersection,N,Intersection,None,,,         ,Benjamin,Cole,Clear,Angle,no,no,no,no,yes,False
100924272,METROPOLITAN NASHVILLE POLICE DEPT,2015-0765610,Davidson,Nashville,8/15/2015 6:20:00 AM,2,0,0,36.248020,-86.720320,DUE WEST AVE E,,,,0.00,,,US HWY 31E,,,,0.00,Y,Four-Way,Y,Intersection,None,,,         ,John,Joyce,Clear,Angle,no,no,no,no,no,False
100924285,GOODLETTSVILLE POLICE DEPT,15-30672,Davidson,Goodlettsville,8/13/2015 3:23:00 PM,2,0,0,36.306840,-86.694360,VIETNAM VETERANS BLVD NB ENT R,,,,0.00,,,CONFERENCE DR,,,,0.00,Y,Four-Way, ,Entrance/Exit Ramp Related,None,,,         ,John,Spencer,Clear,Front to Rear,no,no,no,no,no,False
100924298,METROPOLITAN NASHVILLE POLICE DEPT,20150770545,Davidson,Nashville,8/17/2015 6:46:00 AM,2,0,0,36.076070,-86.767770,I 65,,,,0.00,,,,,,,77.40,N,Not at Intersection, ,Non-Junction,None,,,         ,Nathan,Kemp,Rain,"Sideswipe, Same Direction",no,no,no,no,no,False
100924302,METROPOLITAN NASHVILLE POLICE DEPT,2015-0770594,Davidson,Nashville,8/17/2015 7:00:00 AM,2,0,0,36.124170,-86.848730,US HWY 70S,,,,273.00,Feet,West,STATE HWY 155,,,,0.00,N,Not at Intersection, ,,None,,,         ,Curtis,Rich,,,no,no,no,no,no,False
100924312,METROPOLITAN NASHVILLE POLICE DEPT,20150770556,Davidson,Nashville,8/17/2015 6:02:00 AM,1,0,0,0.000000,0.000000,BARNES,RD,,,100.00,Feet,West,STANFORD VILLAGE,DR,,,0.00,N,Not at Intersection, ,Non-Junction,None,,,         ,Randall,Combs,Rain,Not Collision with Motor Vehicle in Transport,no,no,no,no,no,False
100924316,METROPOLITAN NASHVILLE POLICE DEPT,20150768680,Davidson,Nashville,8/16/2015 1:10:00 PM,2,0,0,36.034390,-86.642660,I 24,,,,0.00,,,,,,,60.60,N,Not at Intersection,N,Non-Junction,None,,,         ,Steven,Snitzer,Cloudy,"Sideswipe, Same Direction",no,no,no,no,yes,False
100924317,METROPOLITAN NASHVILLE POLICE DEPT,20150770575,Davidson,Not in City Limit,8/17/2015 7:03:00 AM,2,0,0,36.261640,-86.677890,SANHURST DR,,,,0.00,,,E OLD HICKORY BLVD,,,,0.00,Y,OTHER, ,,None,,,         ,William,Coy,,,no,no,no,no,no,False
100924319,METROPOLITAN NASHVILLE POLICE DEPT,20150770466,Davidson,Nashville,8/17/2015 5:40:00 AM,2,0,0,36.219290,-86.755500,JONES AVE,,,,133.00,Feet,North,CAPITOL VIEW AVE,,,,0.00,N,Not at Intersection,Y,Non-Junction,None,,,         ,Terrance,McBride,Rain,Not Collision with Motor Vehicle in Transport,no,no,no,no,yes,False
100924326,METROPOLITAN NASHVILLE POLICE DEPT,20150770620,Davidson,Nashville,8/17/2015 7:30:00 AM,1,1,0,36.080010,-86.720180,RECOVERY RD,,,,362.00,Feet,North,WALLACE RD,,,,0.00,N,Not at Intersection,N,Non-Junction,None,,,         ,Christopher,Valdez,Rain,Not Collision with Motor Vehicle in Transport,no,no,no,no,no,False
100924328,METROPOLITAN NASHVILLE POLICE DEPT,20150770554,Davidson,Nashville,8/17/2015 6:49:00 AM,2,0,0,36.064760,-86.628450,HAMILTON CHURCH RD,,,,0.00,,,US HWY 41,,,,0.00,Y,Four-Way,N,Intersection,None,,,         ,Kenneth,Alexandrow,Rain,Angle,no,no,no,no,no,False
100924329,METROPOLITAN NASHVILLE POLICE DEPT,20150770593,Davidson,Not in City Limit,8/17/2015 7:08:00 AM,1,0,0,36.284360,-86.814220,LICKTON PIKE,,,,0.77,Miles,North,WESTCAP RD,,,,0.00,N,Not at Intersection,N,Non-Junction,None,,,         ,Michael,Parman,Rain,Not Collision with Motor Vehicle in Transport,no,no,no,no,no,False
100924332,METROPOLITAN NASHVILLE POLICE DEPT,2015-0770630,Davidson,Not in City Limit,8/17/2015 8:00:00 AM,2,0,0,36.095220,-86.937200,I 40,,,,0.00,,,,,,,197.80,N,Not at Intersection, ,Non-Junction,None,,,         ,Curtis,Rich,Rain,Angle,no,no,no,no,no,False
100924341,METROPOLITAN NASHVILLE POLICE DEPT,20150770567,Davidson,Nashville,8/17/2015 6:50:00 AM,2,1,0,36.164890,-86.817940,27TH AVE N,,,,10.00,Feet,South,ALBION ST,,,,0.00,N,Not at Intersection,N,Non-Junction,None,,,         ,Steven,Spillers,Rain,"Sideswipe, Opposite Direction",no,no,no,no,no,False
100924344,METROPOLITAN NASHVILLE POLICE DEPT,2015-0770561,Davidson,Nashville,8/17/2015 6:30:00 AM,2,0,0,36.146030,-86.764030,US HWY 31 ALT,,,,223.00,Feet,East,CHESTNUT ST,,,,0.00,N,Not at Intersection, ,Non-Junction,None,,,         ,Todd,Watson,Rain,"Sideswipe, Same Direction",no,no,no,no,yes,False
100924349,METROPOLITAN NASHVILLE POLICE DEPT,2015-0768686,Davidson,Nashville,8/16/2015 1:34:00 PM,2,0,0,36.160200,-86.760470,I 24,,,,0.00,,,,,,,49.45,N,Not at Intersection,N,Non-Junction,None,,,         ,Allen,Bates,Clear,"Sideswipe, Same Direction",no,no,no,no,no,False
100924350,METROPOLITAN NASHVILLE POLICE DEPT,20150768679,Davidson,Nashville,8/16/2015 12:00:00 AM,1,0,0,36.248900,-86.754360,OLD DUE WEST AVE,,,,848.00,Feet,East,US HWY 31W,,,,0.00,N,Not at Intersection,N,Non-Junction,None,,,         ,Barrett,Teague,Unknown,Not Collision with Motor Vehicle in Transport,no,no,no,no,yes,False
100924351,METROPOLITAN NASHVILLE POLICE DEPT,20150770578,Davidson,Nashville,8/17/2015 7:00:00 AM,2,0,0,36.156780,-86.618180,BELL RD,,,,1722.00,Feet,East,-- UNKNOWN RAMP/ROAD --,,,,0.00,N,Not at Intersection, ,,None,,,         ,Justin,Franklin,,,no,no,no,no,no,False
100924355,METROPOLITAN NASHVILLE POLICE DEPT,2015-0770770,Davidson,Nashville,8/17/2015 8:15:00 AM,2,0,0,36.155400,-86.828720,I 40,,,,0.00,,,,,,,205.60,N,Not at Intersection, ,,None,,,         ,Curtis,Rich,,,no,no,no,no,no,False
100924358,METROPOLITAN NASHVILLE POLICE DEPT,20150770617,Davidson,Nashville,8/17/2015 7:15:00 AM,2,0,0,36.097950,-86.709480,I 24,,,,0.00,,,,,,,54.75,N,Not at Intersection,N,Non-Junction,None,,,         ,Brent,Hedgcoth,Rain,Front to Rear,no,no,no,no,no,False
100924360,METROPOLITAN NASHVILLE POLICE DEPT,20150770641,Davidson,Not in City Limit,8/17/2015 8:22:00 AM,2,0,0,36.324020,-86.868400,I 24,,,,0.00,,,,,,,34.95,N,Not at Intersection, ,Non-Junction,None,,,         ,Richard,Olive,Rain,Front to Rear,no,no,no,no,no,False
100924362,METROPOLITAN NASHVILLE POLICE DEPT,20150770684,Davidson,Nashville,8/17/2015 8:00:00 AM,2,0,0,36.035780,-86.657010,CANE RIDGE RD,,,,0.00,,,PRESTON RD,,,,0.00,Y,T-Intersection, ,Intersection,None,,,         ,James,Grady,Rain,Angle,no,no,no,no,no,False
100924369,METROPOLITAN NASHVILLE POLICE DEPT,20150770618,Davidson,Nashville,8/17/2015 7:20:00 AM,1,0,0,36.120410,-86.901990,DAVIDSON DR,,,,101.00,Feet,North,WINDROWE DR,,,,0.00,N,Not at Intersection,N,Non-Junction,None,,,         ,Eugene,Martino,Rain,Not Collision with Motor Vehicle in Transport,no,no,no,no,no,False
100924372,METROPOLITAN NASHVILLE POLICE DEPT,20150770695,Davidson,Nashville,8/17/2015 8:05:00 AM,2,0,0,36.084380,-86.761690,SIDCO DR,,,,183.00,Feet,South,ELYSIAN FIELDS RD,,,,0.00,N,Not at Intersection, ,Non-Junction,None,,,         ,Paul,Joyner,Cloudy,Angle,no,no,no,no,yes,False
100924380,METROPOLITAN NASHVILLE POLICE DEPT,20150770661,Davidson,Not in City Limit,8/17/2015 7:47:00 AM,2,5,0,36.024300,-86.646140,CANE RIDGE RD,,,,800.00,Feet,West,BLAIRFIELD DR,,,,0.00,N,Not at Intersection,N,Non-Junction,None,,,         ,Brian,Lamb,Rain,HeadOn,no,no,no,no,no,False
100924397,METROPOLITAN NASHVILLE POLICE DEPT,20150770815,Davidson,Nashville,8/17/2015 8:05:00 AM,2,1,0,36.060110,-86.672490,ANTIOCH PIKE,,,,121.00,Feet,West,BLUE HOLE RD,,,,0.00,N,Not at Intersection,N,Non-Junction,None,,,         ,Roderic,Williams,Rain,Front to Rear,no,no,no,no,yes,False
100924400,METROPOLITAN NASHVILLE POLICE DEPT,20150770639,Davidson,Nashville,8/17/2015 7:41:00 AM,2,0,0,36.044100,-86.780550,-- UNKNOWN RAMP/ROAD --,,,,0.00,Feet,East,I 65,,,,0.00,N,Not at Intersection, ,Non-Junction,None,,,         ,Nathan,Kemp,Rain,"Sideswipe, Same Direction",no,no,no,no,no,False
100924401,METROPOLITAN NASHVILLE POLICE DEPT,20150770693,Davidson,Nashville,8/17/2015 8:01:00 AM,2,0,0,36.041340,-86.782490,I 65,,,,0.00,,,,,,,74.75,N,Not at Intersection,N,Non-Junction,None,,,         ,Nathan,Kemp,Rain,"Sideswipe, Same Direction",no,no,no,no,yes,False
100924402,METROPOLITAN NASHVILLE POLICE DEPT,20150770797,Davidson,Nashville,8/17/2015 8:33:00 AM,2,2,0,36.024920,-86.742340,EDMONDSON PIKE,,,,222.00,Feet,North,MOUNT PISGAH RD,,,,0.00,N,Not at Intersection,N,Non-Junction,None,,,         ,Nathan,Kemp,Rain,"Sideswipe, Opposite Direction",no,no,no,no,no,False
100924403,METROPOLITAN NASHVILLE POLICE DEPT,20150770930,Davidson,Nashville,8/17/2015 9:43:00 AM,1,0,0,36.031870,-86.783680,I 65,,,,0.00,,,,,,,74.10,N,Not at Intersection,N,Non-Junction,None,,,         ,John,Daugherty,Rain,Not Collision with Motor Vehicle in Transport,no,no,no,no,no,False
100924404,METROPOLITAN NASHVILLE POLICE DEPT,20150770697,Davidson,Nashville,8/17/2015 7:56:00 AM,2,0,0,36.091540,-86.887570,US HWY 70S,,,,750.00,Feet,West,VAUGHNS GAP RD,,,,0.00,N,Not at Intersection, ,"Driveway, Alley Access, etc",None,,,         ,Jack,Crouch,Rain,Angle,no,no,no,no,no,False
100924405,METROPOLITAN NASHVILLE POLICE DEPT,20150770921,Davidson,Nashville,8/17/2015 9:20:00 AM,1,0,0,36.170400,-86.606380,-- UNKNOWN RAMP/ROAD --,,,,0.00,Feet,East,I 40,,,,0.00,N,Not at Intersection, ,,None,,,         ,Jonathan,Seidl,,,no,no,no,no,no,False
100924406,METROPOLITAN NASHVILLE POLICE DEPT,20150770768,Davidson,Nashville,8/17/2015 8:15:00 AM,2,0,0,36.242830,-86.749150,I 65,,,,0.00,,,,,,,90.55,N,Not at Intersection,N,Non-Junction,None,,,         ,Barrett,Teague,Cloudy,Front to Rear,no,no,no,no,no,False
100924412,METROPOLITAN NASHVILLE POLICE DEPT,20150770738,Davidson,Nashville,8/17/2015 7:50:00 AM,2,1,0,36.231480,-86.616810,SHUTE LN,,,,0.00,,,MONTCHANIN TER,,,,0.00,Y,T-Intersection,N,Intersection,None,,,         ,Craig,Carlson,Rain,Angle,no,no,no,no,no,False
100924413,METROPOLITAN NASHVILLE POLICE DEPT,20150770828,Davidson,Nashville,8/17/2015 9:05:00 AM,2,0,0,36.074410,-86.745270,BLACKMAN RD,,,,203.00,Feet,East,DANBY DR,,,,0.00,N,Not at Intersection,N,Non-Junction,None,,,         ,David,Smith,Rain,Front to Rear,no,no,no,no,no,False
100924414,METROPOLITAN NASHVILLE POLICE DEPT,20150770702,Davidson,Nashville,8/17/2015 8:00:00 AM,2,2,0,36.149690,-86.857120,ORLANDO AVE,,,,226.00,Feet,South,US HWY 70,,,,0.00,N,Not at Intersection,N,Non-Junction,None,,,         ,Daniel,Alford,Rain,Angle,no,no,no,no,no,False
100924415,METROPOLITAN NASHVILLE POLICE DEPT,20150770772,Davidson,Nashville,8/17/2015 8:35:00 AM,2,3,0,36.054400,-86.667220,HICKORY HOLLOW PKWY,,,,1871.00,Feet,South,MOUNT VIEW RD,,,,0.00,N,Not at Intersection,N,Non-Junction,None,,,         ,Kenneth,Alexandrow,Rain,HeadOn,no,no,no,no,no,False
100924417,METROPOLITAN NASHVILLE POLICE DEPT,20150746460,Davidson,Nashville,8/9/2015 11:28:00 AM,2,2,0,36.126710,-86.710990,US HWY 41,,,,0.00,,,THOMPSON PL,,,,0.00,Y,Four-Way,N,Intersection,None,,,         ,Anthony,Venable,Clear,Angle,no,no,no,no,no,False
100924428,GOODLETTSVILLE POLICE DEPT,15-31124,Davidson,Goodlettsville,8/17/2015 9:50:00 AM,1,1,0,36.299790,-86.711970,I 65,,,,0.00,,,,,,,95.15,N,Not at Intersection,N,Non-Junction,Work Zone,Work On Shoulder Or Median,Activity Area,         ,Brian,Hajdu,Rain,Not Collision with Motor Vehicle in Transport,no,no,no,no,no,False
100924431,METROPOLITAN NASHVILLE POLICE DEPT,20150770923,Davidson,Nashville,8/17/2015 9:29:00 AM,2,0,0,36.094560,-86.746570,VULCAN DR,,,,604.00,Feet,North,MCNALLY DR,,,,0.00,N,Not at Intersection, ,Non-Junction,None,,,         ,Paul,Joyner,Rain,Angle,no,no,no,no,no,False
100924435,METROPOLITAN NASHVILLE POLICE DEPT,2015-0770662,Davidson,Nashville,8/17/2015 7:51:00 AM,2,1,0,36.228370,-86.855960,STATE HWY 155,,,,1771.00,Feet,West,DRAKES BRANCH RD,,,,0.00,N,Not at Intersection,N,Non-Junction,None,,,         ,William,Caillouette,Rain,Front to Rear,no,no,no,no,no,False
100924438,METROPOLITAN NASHVILLE POLICE DEPT,20150770820,Davidson,Nashville,8/17/2015 9:05:00 AM,2,0,0,36.173380,-86.790900,JEFFERSON ST,,,,145.00,Feet,East,US HWY 41 ALT,,,,0.00,N,Not at Intersection, ,Non-Junction,None,,,         ,Charles,Ward,Rain,Angle,no,no,no,no,no,False
100924445,METROPOLITAN NASHVILLE POLICE DEPT,20150770901,Davidson,Nashville,8/17/2015 8:30:00 AM,2,0,0,36.124820,-86.752050,US HWY 31 ALT,,,,74.00,Feet,South,ROSEDALE AVE,,,,0.00,N,Not at Intersection, ,Non-Junction,None,,,         ,James,Grady,Rain,Angle,no,no,no,no,no,False
100924447,METROPOLITAN NASHVILLE POLICE DEPT,20150770949,Davidson,Antioch,8/17/2015 10:45:00 AM,2,0,0,36.048780,-86.613020,US HWY 41,,,,0.00,,,MOUNTAIN SPRINGS RD,,,,0.00,Y,Four-Way, ,Intersection-Related,None,,,         ,Steven,Snitzer,Rain,Front to Rear,no,no,no,no,no,False
100924449,METROPOLITAN NASHVILLE POLICE DEPT,20150771067,Davidson,Nashville,8/17/2015 10:27:00 AM,2,1,0,36.155750,-86.809770,US HWY 70,,,,0.00,,,23RD AVE N,,,,0.00,Y,T-Intersection,N,Intersection-Related,None,,,         ,Nathan,Kemp,Rain,"Sideswipe, Same Direction",no,no,no,no,no,False
100924450,METROPOLITAN NASHVILLE POLICE DEPT,2015-0771001,Davidson,Nashville,8/17/2015 10:07:00 AM,2,0,0,36.170120,-86.738990,SHELBY AVE,,,,0.00,,,S 18TH ST,,,,0.00,Y,Four-Way, ,Intersection,None,,,         ,Alex,Moore,Rain,Angle,no,no,no,no,no,False
100924454,METROPOLITAN NASHVILLE POLICE DEPT,20150770981,Davidson,Nashville,8/17/2015 10:07:00 AM,2,1,0,36.187900,-86.607260,OLD LEBANON DIRT RD,,,,0.00,,,CHANDLER RD,,,,0.00,Y,T-Intersection,N,Intersection,None,,,         ,Anthony,Venable,Rain,Front to Rear,no,no,no,no,no,False
100924457,METROPOLITAN NASHVILLE POLICE DEPT,2015-0770821,Davidson,Nashville,8/17/2015 8:50:00 AM,2,1,0,36.142210,-86.762420,US HWY 31 ALT,,,,0.00,Feet,,HART ST,,,,0.00,Y,T-Intersection,N,Intersection,None,,,         ,Todd,Watson,Rain,"Sideswipe, Same Direction",no,no,no,no,no,False
100924466,METROPOLITAN NASHVILLE POLICE DEPT,2015-0771088,Davidson,Nashville,8/17/2015 10:45:00 AM,2,0,0,36.178620,-86.750920,FORREST AVE,,,,0.00,,,GALLATIN AVE,,,,0.00,Y,T-Intersection, ,Intersection-Related,None,,,         ,Eric,Knight,Rain,Angle,no,no,no,no,no,False
100924468,Nashville Airport Police,2015-01802,Davidson,Nashville,8/14/2015 10:27:00 AM,2,0,0,0.000000,0.000000,DONELSON,PIKE,SR255,00,100.00,Feet,East,SATILLITE,WAY,SR00,00,0.00,N,Not at Intersection,Y,Non-Junction,None,,,         ,William,Green,Clear,"Sideswipe, Same Direction",no,no,no,no,no,False
100924477,THP District 3 - Nashville,315041790,Davidson,Not in City Limit,8/13/2015 6:32:00 AM,2,0,0,36.323870,-86.867170,I 24,,,,0.00,,,,,,,35.00,N,Not at Intersection, ,Non-Junction,None,,,         ,Jeff,Barber,Clear,Front to Rear,no,no,no,no,no,False
100924478,METROPOLITAN NASHVILLE POLICE DEPT,20150770723,Davidson,Nashville,8/17/2015 8:15:00 AM,2,0,0,36.193920,-86.743690,GALLATIN AVE,,,,0.00,,,STROUSE AVE,,,,0.00,Y,T-Intersection,N,Non-Junction,None,,,         ,Dontaveous,Eubanks,Rain,Angle,no,no,no,no,no,False
100924482,METROPOLITAN NASHVILLE POLICE DEPT,20150771056,Davidson,Nashville,8/17/2015 10:36:00 AM,2,0,0,36.169530,-86.770950,S 2ND ST,,,,0.00,,,WOODLAND ST,,,,0.00,Y,Four-Way,N,Intersection-Related,None,,,         ,Bryan,Birdwell,Rain,"Sideswipe, Same Direction",no,no,no,no,no,False
100924485,METROPOLITAN NASHVILLE POLICE DEPT,2015-0771119,Davidson,Nashville,8/17/2015 11:00:00 AM,1,1,0,36.082630,-86.697830,I 24,,,,0.00,,,,,,,56.00,N,Not at Intersection,N,Non-Junction,None,,,         ,Brandon,O'Guin,Rain,Not Collision with Motor Vehicle in Transport,no,no,no,no,no,False
100924489,METROPOLITAN NASHVILLE POLICE DEPT,2015-0771228,Davidson,Nashville,8/17/2015 12:00:00 PM,2,0,0,36.141000,-86.823400,-- UNKNOWN RAMP/ROAD --,,,,0.00,Feet,East,I 440,,,,0.00,N,Not at Intersection, ,Entrance/Exit Ramp Related,None,,,         ,Curtis,Rich,Rain,Front to Rear,no,no,no,no,no,False
100924495,METROPOLITAN NASHVILLE POLICE DEPT,20150770681,Davidson,Nashville,8/17/2015 7:40:00 AM,2,0,0,36.151800,-86.690820,ELM HILL PIKE,,,,0.00,,,STATE HWY 155,,,,0.00,Y,Y-Intersection, ,Intersection-Related,None,,,         ,David,Snowden,Rain,Front to Rear,no,no,no,no,no,False
100924498,METROPOLITAN NASHVILLE POLICE DEPT,20150771278,Davidson,Nashville,8/17/2015 11:57:00 AM,2,0,0,36.144930,-86.766650,US HWY 31 ALT,,,,0.00,,,CHESTNUT ST,,,,0.00,Y,Four-Way,N,Intersection,None,,,         ,Nathan,Kemp,Rain,Angle,no,no,no,no,yes,False
100924503,METROPOLITAN NASHVILLE POLICE DEPT,20150768732,Davidson,Nashville,8/16/2015 2:00:00 PM,2,0,0,36.188050,-86.797920,DOMINICAN DR,,,,39.00,Feet,East,RAMP,,,,0.00,N,Not at Intersection, ,Non-Junction,None,,,         ,Steven,Spillers,Cloudy,Angle,no,no,no,no,no,False
100924517,METROPOLITAN NASHVILLE POLICE DEPT,2015-0771312,Davidson,Nashville,8/17/2015 12:27:00 PM,1,0,0,36.232660,-86.825210,BUENA VISTA PIKE,,,,0.00,,,STATE HWY 155,,,,0.00,Y,OTHER,N,Non-Junction,None,,,         ,William,Caillouette,Cloudy,Not Collision with Motor Vehicle in Transport,no,no,no,no,no,False
100924522,METROPOLITAN NASHVILLE POLICE DEPT,2015-0771376,Davidson,Nashville,8/17/2015 12:45:00 PM,2,0,0,36.126120,-86.847410,KENNER AVE N,,,,293.00,Feet,West,US HWY 70S,,,,0.00,N,Not at Intersection, ,,None,,,         ,Curtis,Rich,,,no,no,no,no,no,False
100924530,THP District 3 - Nashville,315041795,Davidson,Nashville,8/13/2015 7:30:00 AM,2,0,0,36.045550,-86.705050,STATE HWY 254,,,,430.00,Feet,West,EULALA DR,,,,0.00,N,Not at Intersection, ,,None,,,         ,Terrell,Johnson,,,no,no,no,no,no,False
100924538,METROPOLITAN NASHVILLE POLICE DEPT,2015771316,Davidson,Nashville,8/17/2015 10:25:00 AM,2,2,0,36.071520,-86.685110,HAYSTACK LN,,,,286.00,Feet,West,ANTIOCH PIKE,,,,0.00,N,Not at Intersection,N,Non-Junction,None,,,         ,James,Grady,Rain,Angle,no,no,no,no,yes,False
100924540,METROPOLITAN NASHVILLE POLICE DEPT,20150771320,Davidson,Nashville,8/17/2015 12:02:00 PM,2,1,0,36.067220,-86.661620,UNA ANTIOCH PIKE,,,,0.00,,,RICHARDS RD,,,,0.00,Y,T-Intersection,N,Intersection,None,,,         ,Roderic,Williams,Rain,Front to Rear,no,no,no,no,yes,False
100924541,METROPOLITAN NASHVILLE POLICE DEPT,20150771108,Davidson,Nashville,8/17/2015 10:48:00 AM,1,0,0,36.238280,-86.782030,STATE HWY 155,,,,259.00,Feet,East,EXIT 18A,,,,0.00,N,Not at Intersection,N,Non-Junction,None,,,         ,William,Estes,Rain,Not Collision with Motor Vehicle in Transport,no,no,no,no,no,False
100924542,METROPOLITAN NASHVILLE POLICE DEPT,20150771338,Davidson,Nashville,8/17/2015 12:25:00 PM,2,0,0,36.151830,-86.678420,ELM HILL PIKE,,,,438.00,Feet,West,EMERY DR,,,,0.00,N,Not at Intersection, ,Non-Junction,None,,,         ,Wesley,Feinstein,Rain,Front to Rear,no,no,no,no,no,False
100924543,METROPOLITAN NASHVILLE POLICE DEPT,20150770720,Davidson,Nashville,8/17/2015 8:20:00 AM,2,1,0,36.103760,-86.756120,SIDCO DR,,,,449.00,Feet,South,NORRIS AVE,,,,0.00,N,Not at Intersection,N,Non-Junction,None,,,         ,Phillip,Murphy,Rain,Front to Rear,no,no,no,no,no,False
100924544,METROPOLITAN NASHVILLE POLICE DEPT,20150770867,Davidson,Nashville,8/17/2015 9:24:00 AM,2,1,0,36.085080,-86.755240,ELYSIAN FIELDS DR,,,,0.00,,,TROUSDALE DR,,,,0.00,Y,T-Intersection,N,Intersection-Related,None,,,         ,Phillip,Murphy,Rain,Front to Rear,no,no,no,no,no,False