master_record_number,agency,agency_tracking_number,county,city,collision_date,vehicles_involved,number_injured,number_dead,latitude,longitude,roadway_name,roadway_suffix,roadway_number,roadway_local_id,distance_from_reference,miles-feet_indicator,direction_from_reference,intersection_road_name,intersection_road_name_suffix,intersection_road_number,intersection_local_id,mile_marker,intersection_indicator,intersect_type,interchange_related_indicator,relation_to_junction,work_zone_type,construction_maintenance_zone,construction_maintenance_zone_location,fatal_case_number,officer_first_name,officer_last_name,weather_condition(s),manner_of_crash,pedestrian,bicycle,scooter,parking,hitrun,mou
100924545,METROPOLITAN NASHVILLE POLICE DEPT,20150770987,Davidson,Nashville,8/17/2015 10:07:00 AM,2,0,0,36.131970,-86.796240,BERNARD AVE,,,,228.00,Feet,West,18TH AVE S,,,,0.00,N,Not at Intersection, ,Non-Junction,None,,,         ,Phillip,Murphy,Rain,Other,no,no,no,no,no,False
100924547,METROPOLITAN NASHVILLE POLICE DEPT,2015-0771351,Davidson,Nashville,8/17/2015 12:26:00 PM,2,0,0,36.106210,-86.673020,US HWY 41,,,,0.00,Feet,,STATE HWY 255,,,,0.00,Y,Four-Way,N,Intersection-Related,None,,,         ,Brandon,O'Guin,Rain,"Sideswipe, Same Direction",no,no,no,no,no,False
100924550,METROPOLITAN NASHVILLE POLICE DEPT,2015-0771123,Davidson,Nashville,8/17/2015 10:37:00 AM,2,0,0,36.238330,-86.781240,STATE HWY 155,,,,50.00,Feet,West,-- UNKNOWN RAMP/ROAD --,,,,0.00,N,Not at Intersection, ,Non-Junction,None,,,         ,Walter,Gray II,Rain,Not Collision with Motor Vehicle in Transport,no,no,no,no,yes,False
100924551,METROPOLITAN NASHVILLE POLICE DEPT,2015-0771347,Davidson,Nashville,8/17/2015 12:35:00 PM,2,0,0,36.133380,-86.885380,FLEETWOOD DR,,,,408.00,Feet,West,BROOK HOLLOW RD,,,,0.00,N,Not at Intersection, ,Non-Junction,None,,,         ,Walter,Gray II,Rain,Angle,no,no,no,no,no,False
100924555,METROPOLITAN NASHVILLE POLICE DEPT,2015-771308,Davidson,Nashville,8/17/2015 11:05:00 AM,2,0,0,36.086790,-86.694260,STATE HWY 255,,,,498.00,Feet,East,METROPLEX DR,,,,0.00,N,Not at Intersection, ,Non-Junction,None,,,         ,Todd,Watson,Rain,Rear to Rear,no,no,no,no,yes,False
100924556,METROPOLITAN NASHVILLE POLICE DEPT,2015-0770656,Davidson,Nashville,8/17/2015 7:45:00 AM,2,1,0,36.178940,-86.741600,N 16TH ST,,,,0.00,,,GARTLAND AVE,,,,0.00,Y,Four-Way,N,Intersection,None,,,         ,Coleman,Womack,Rain,Angle,no,no,no,no,no,False
100924558,METROPOLITAN NASHVILLE POLICE DEPT,20150771326,Davidson,Nashville,8/17/2015 12:26:00 PM,2,0,0,36.105530,-86.763690,POWELL AVE,,,,93.00,Feet,North,ARMORY OAKS DR,,,,0.00,N,Not at Intersection, ,Non-Junction,None,,,         ,Paul,Joyner,Rain,"Sideswipe, Same Direction",no,no,no,no,no,False
100924560,METROPOLITAN NASHVILLE POLICE DEPT,20150771074,Davidson,Nashville,8/17/2015 10:35:00 AM,2,0,0,36.236610,-86.761830,-- UNKNOWN RAMP/ROAD --,,,,0.00,,,I 65,,,,0.00,Y,OTHER,N,Entrance/Exit Ramp Related,Construction Zone,Other,Activity Area,         ,William,Coy,Rain,Front to Rear,no,no,no,no,yes,False
100924563,GOODLETTSVILLE POLICE DEPT,15-31127,Davidson,Goodlettsville,8/17/2015 10:24:00 AM,2,2,0,36.319590,-86.703070,I 65,,,,0.00,,,,,,,96.70,N,Not at Intersection,Y,Non-Junction,None,,,         ,John,Spencer,Rain,Front to Rear,no,no,no,no,no,False
100924564,METROPOLITAN NASHVILLE POLICE DEPT,2015-0769444,Davidson,Nashville,8/16/2015 8:00:00 PM,1,0,0,36.119850,-86.808570,US HWY 431,,,,81.00,Feet,North,STOKES LN,,,,0.00,N,Not at Intersection,N,Non-Junction,None,,,         ,Christopher,Clark,Clear,Not Collision with Motor Vehicle in Transport,no,no,no,no,no,False
100924567,METROPOLITAN NASHVILLE POLICE DEPT,2015-0765629,Davidson,Nashville,8/15/2015 7:00:00 AM,1,0,0,36.148400,-86.799190,US HWY 431,,,,0.00,,,DIVISION ST,,,,0.00,Y,T-Intersection, ,Intersection,Construction Zone,,,         ,David,Barras,Clear,Not Collision with Motor Vehicle in Transport,no,no,no,no,no,Campus
100924573,METROPOLITAN NASHVILLE POLICE DEPT,20150771483,Davidson,Nashville,8/17/2015 1:30:00 PM,3,0,0,36.134310,-86.780670,WEDGEWOOD AVE,,,,0.00,,,BEECH AVE,,,,0.00,Y,Four-Way, ,Intersection-Related,None,,,         ,David,Smith,Rain,Front to Rear,no,no,no,no,no,False
100924574,METROPOLITAN NASHVILLE POLICE DEPT,20150771301,Davidson,Nashville,8/17/2015 12:20:00 PM,1,0,0,36.152360,-86.624020,BELL RD,,,,651.00,Feet,West,STEWARTS FERRY PIKE,,,,0.00,N,Not at Intersection,N,Non-Junction,None,,,         ,Justin,Franklin,Rain,Not Collision with Motor Vehicle in Transport,no,no,no,no,no,False
100924576,METROPOLITAN NASHVILLE POLICE DEPT,20150771395,Davidson,Nashville,8/17/2015 1:17:00 PM,2,0,0,36.083390,-86.689050,ANTIOCH PIKE,,,,0.00,,,EZELL PIKE,,,,0.00,Y,Four-Way, ,Intersection,None,,,         ,Christopher,Valdez,Rain,Angle,no,no,no,no,no,False
100924579,METROPOLITAN NASHVILLE POLICE DEPT,20150771433,Davidson,Nashville,8/17/2015 1:13:00 PM,2,1,0,36.041920,-86.782390,I 65,,,,0.00,,,,,,,74.80,N,Not at Intersection,N,Entrance/Exit Ramp Related,None,,,         ,John,Daugherty,Rain,Not Collision with Motor Vehicle in Transport,no,no,no,no,no,False
100924585,METROPOLITAN NASHVILLE POLICE DEPT,20150771271,Davidson,Nashville,8/17/2015 12:37:00 PM,2,0,0,36.080020,-86.720090,RECOVERY RD,,,,366.00,Feet,North,WALLACE RD,,,,0.00,N,Not at Intersection,N,Non-Junction,None,,,         ,Jose,Salazar,Rain,Angle,no,no,no,no,yes,False
100924595,METROPOLITAN NASHVILLE POLICE DEPT,20150771112,Davidson,Nashville,8/17/2015 10:50:00 AM,2,0,0,36.081000,-86.808920,TYNE BLVD,,,,0.00,,,BELMONT PARK TER,,,,0.00,Y,T-Intersection,N,Non-Junction,None,,,         ,Reuben,Hewit,Rain,Front to Rear,no,no,no,no,no,False
100924598,GOODLETTSVILLE POLICE DEPT,15-31141,Davidson,Goodlettsville,8/17/2015 12:50:00 PM,2,2,0,36.306830,-86.694550,STATE HWY 386,,,,0.00,,,CONFERENCE DR,,,,0.00,Y,T-Intersection,Y,Entrance/Exit Ramp Related,None,,,         ,Brian,Hajdu,Rain,Front to Rear,no,no,no,no,no,False
100924608,METROPOLITAN NASHVILLE POLICE DEPT,20150771330,Davidson,Nashville,8/17/2015 12:32:00 PM,2,0,0,36.047560,-86.776100,I 65,,,,0.00,,,,,,,75.30,N,Not at Intersection,N,Non-Junction,None,,,         ,Joshua,Dickall,Rain,Angle,no,no,no,no,no,False
100924609,METROPOLITAN NASHVILLE POLICE DEPT,2015-0771589,Davidson,Nashville,8/17/2015 2:23:00 PM,2,0,0,36.054120,-86.673420,I 24,,,,0.00,,,,,,,58.40,N,Not at Intersection, ,Non-Junction,None,,,         ,Brandon,O'Guin,Rain,"Sideswipe, Same Direction",no,no,no,no,no,False
100924611,METROPOLITAN NASHVILLE POLICE DEPT,20150771639,Davidson,Nashville,8/17/2015 2:44:00 PM,1,0,0,36.169790,-86.606500,-- UNKNOWN RAMP/ROAD --,,,,0.00,Feet,East,I 40,,,,0.00,N,Not at Intersection,N,Entrance/Exit Ramp Related,None,,,         ,Shawn,Taylor,Rain,Not Collision with Motor Vehicle in Transport,no,no,no,no,no,False
100924624,METROPOLITAN NASHVILLE POLICE DEPT,20150771623,Davidson,Nashville,8/17/2015 2:40:00 PM,2,1,0,36.040020,-86.782660,I 65,,,,0.00,,,,,,,74.65,N,Not at Intersection,N,Non-Junction,None,,,         ,Tien,Nguyen,Rain,"Sideswipe, Opposite Direction",no,no,no,no,no,False
100924635,METROPOLITAN NASHVILLE POLICE DEPT,20150771744,Davidson,Nashville,8/17/2015 3:28:00 PM,2,0,0,36.225760,-86.598720,SAUNDERSVILLE RD,,,,0.00,,,RAMP,,,,0.00,Y,OTHER, ,,None,,,         ,David,Stanley,,,no,no,no,no,no,False
100924647,METROPOLITAN NASHVILLE POLICE DEPT,20150771640,Davidson,Nashville,8/17/2015 2:49:00 PM,2,0,0,36.042610,-86.782150,I 65,,,,0.00,,,,,,,74.85,N,Not at Intersection,N,Non-Junction,None,,,         ,Peter,Knisley,Rain,Front to Rear,no,no,no,no,no,False
100924655,METROPOLITAN NASHVILLE POLICE DEPT,20150769661,Davidson,Nashville,8/16/2015 9:30:00 PM,1,1,0,36.066090,-86.685920,I 24,,,,0.00,,,,,,,57.30,N,Not at Intersection,Y,Non-Junction,None,,,         ,Randy,Heinze,Rain,Not Collision with Motor Vehicle in Transport,no,no,no,no,no,False
100924666,METROPOLITAN NASHVILLE POLICE DEPT,2015-0771693,Davidson,Nashville,8/17/2015 2:00:00 PM,2,0,0,0.000000,0.000000,CHARLOTTE AVE,AVE,US00,,0.00,,,11TH AVE N,AVE,US,,0.00,Y,Four-Way,N,Intersection,None,,,         ,Dejuan,Daniels,Rain,Front to Rear,no,no,no,no,no,False
100924673,METROPOLITAN NASHVILLE POLICE DEPT,20150771666,Davidson,Nashville,8/17/2015 2:54:00 PM,2,0,0,36.063320,-86.637390,BELL CREST DR,,,,0.00,,,RICE RD,,,,0.00,Y,Four-Way, ,Intersection,None,,,         ,Kevin,Keating,Rain,Angle,no,no,no,no,no,False
100924677,METROPOLITAN NASHVILLE POLICE DEPT,20150771716,Davidson,Nashville,8/17/2015 2:10:00 PM,1,0,0,36.164020,-86.786240,RAMP,,,,0.00,,,CHARLOTTE AVE,,,,0.00,Y,Four-Way,N,Intersection,None,,,         ,Mikala,Moore,Rain,Not Collision with Motor Vehicle in Transport,no,no,no,no,no,False
100924681,METROPOLITAN NASHVILLE POLICE DEPT,20150771836,Davidson,Nashville,8/17/2015 2:26:00 PM,2,0,0,36.154370,-86.804130,21ST AVN,,,,0.00,,,PATTERSON ST,,,,0.00,Y,Four-Way, ,Intersection-Related,None,,,         ,Tien,Nguyen,Rain,Angle,no,no,no,no,no,False
100924683,METROPOLITAN NASHVILLE POLICE DEPT,20150771645,Davidson,Nashville,8/17/2015 12:00:00 AM,3,0,0,36.208680,-86.776000,I 65,,,,0.00,,,,,,,87.50,N,Not at Intersection, ,Entrance/Exit Ramp Related,Work Zone,,,         ,Paul,Stein,Cloudy,Front to Rear,no,no,no,no,no,False
100924693,METROPOLITAN NASHVILLE POLICE DEPT,20150771850,Davidson,Nashville,8/17/2015 4:12:00 PM,1,1,0,36.170040,-86.679770,MCGAVOCK PIKE,,,,251.00,Feet,North,US HWY 70,,,,0.00,N,Not at Intersection,N,Non-Junction,None,,,         ,Cory,Hale,Cloudy,Not Collision with Motor Vehicle in Transport,yes,no,no,no,no,False
100924694,METROPOLITAN NASHVILLE POLICE DEPT,20150771881,Davidson,Nashville,8/17/2015 4:24:00 PM,2,0,0,36.174370,-86.774120,OLDHAM ST,,,,0.00,,,N 1ST ST,,,,0.00,Y,Four-Way, ,Intersection,None,,,         ,Ethan,Luffman,Clear,Angle,no,no,no,no,no,False
100924707,METROPOLITAN NASHVILLE POLICE DEPT,2015-0771860,Davidson,Nashville,8/17/2015 3:45:00 PM,2,0,0,36.142930,-86.874590,US HWY 70,,,,0.00,,,WILCLAY DR,,,,0.00,Y,T-Intersection, ,Intersection,None,,,         ,Christopher,Clark,Cloudy,Angle,no,no,no,no,no,False
100924710,METROPOLITAN NASHVILLE POLICE DEPT,20150771858,Davidson,Nashville,8/17/2015 4:05:00 PM,2,0,0,36.086600,-86.771960,STATE HWY 255,,,,0.00,,,US HWY 31,,,,0.00,Y,Four-Way, ,Intersection,None,,,         ,Peter,Knisley,Rain,Angle,no,no,no,no,yes,False
100924713,METROPOLITAN NASHVILLE POLICE DEPT,20150771795,Davidson,Nashville,8/17/2015 4:03:00 PM,1,2,0,36.089770,-86.630230,NASHBORO BLVD,,,,295.00,Feet,West,CONNECTING ROAD,,,,0.00,N,Not at Intersection,N,Non-Junction,None,,,         ,Jessie,Meadows,Rain,Not Collision with Motor Vehicle in Transport,no,no,no,no,no,False
100924720,METROPOLITAN NASHVILLE POLICE DEPT,20150771947,Davidson,Nashville,8/17/2015 4:25:00 PM,2,0,0,36.169140,-86.681700,US HWY 70,,,,204.00,Feet,East,FAIRWAY DR,,,,0.00,N,Not at Intersection, ,,None,,,         ,John,Kelley,,,no,no,no,no,no,False
100924724,METROPOLITAN NASHVILLE POLICE DEPT,20150771891,Davidson,Nashville,8/17/2015 3:54:00 PM,3,1,0,36.215810,-86.775330,I 65,,,,0.00,,,,,,,88.00,N,Not at Intersection,N,Non-Junction,Construction Zone,Laneclosure,Activity Area,         ,Michael,Dance,Cloudy,Front to Rear,no,no,no,no,no,False
100924725,METROPOLITAN NASHVILLE POLICE DEPT,20150772005,Davidson,Nashville,8/17/2015 4:02:00 PM,2,0,0,36.143960,-86.722600,SPENCE LN,,,,0.00,,,ELM HILL PIKE,,,,0.00,Y,Four-Way,N,Intersection-Related,None,,,         ,Leslie,Hale,Clear,"Sideswipe, Opposite Direction",no,no,no,no,yes,False
100924732,METROPOLITAN NASHVILLE POLICE DEPT,20150771861,Davidson,Nashville,8/17/2015 4:02:00 PM,2,0,0,36.215070,-86.775420,I 65,,,,0.00,,,,,,,87.95,N,Not at Intersection, ,Non-Junction,Construction Zone,,,         ,Michael,Dance,Cloudy,Front to Rear,no,no,no,no,no,False
100924737,METROPOLITAN NASHVILLE POLICE DEPT,20150771950,Davidson,Nashville,8/17/2015 4:46:00 PM,2,0,0,36.143490,-86.814440,30TH AVS,,,,0.00,,,WEST END AV,,,,0.00,Y,Four-Way, ,Intersection-Related,None,,,         ,Tien,Nguyen,Cloudy,Front to Rear,no,no,no,no,no,Campus
100924738,METROPOLITAN NASHVILLE POLICE DEPT,20150772004,Davidson,Nashville,8/17/2015 5:10:00 PM,1,1,0,36.116190,-86.787030,I 440,,,,0.00,,,,,,,4.15,N,Not at Intersection,N,Non-Junction,None,,,         ,Tien,Nguyen,Cloudy,Not Collision with Motor Vehicle in Transport,no,no,no,no,no,False
100924740,METROPOLITAN NASHVILLE POLICE DEPT,20150772012,Davidson,Nashville,8/17/2015 4:35:00 PM,2,0,0,36.217840,-86.623860,STATE HWY 45,,,,400.00,Feet,North,GRANWOOD BLVD,,,,0.00,N,Not at Intersection,N,Non-Junction,None,,,         ,David,Stanley,,Front to Rear,no,no,no,no,yes,False
100924763,METROPOLITAN NASHVILLE POLICE DEPT,2015-0771527,Davidson,Nashville,8/17/2015 1:54:00 PM,2,0,0,36.151850,-86.851170,US HWY 70,,,,0.00,,,53RD AVE N,,,,0.00,Y,OTHER, ,Non-Junction,None,,,         ,Walter,Gray II,Rain,Angle,no,no,no,no,no,False
100924765,METROPOLITAN NASHVILLE POLICE DEPT,20150772070,Davidson,Nashville,8/17/2015 5:00:00 PM,2,0,0,36.174160,-86.770570,I 24,,,,0.00,,,,,,,48.15,N,Not at Intersection, ,Non-Junction,None,,,         ,Charles,Wakefield,Clear,Front to Rear,no,no,no,no,no,False
100924770,METROPOLITAN NASHVILLE POLICE DEPT,20150772079,Davidson,Nashville,8/17/2015 5:23:00 PM,3,1,0,36.169920,-86.756180,SHELBY AVE,,,,0.00,,,S 8TH ST,,,,0.00,Y,Four-Way,N,Intersection,None,,,         ,Kevin,Reynolds,Clear,Angle,no,no,no,no,no,False
100924780,METROPOLITAN NASHVILLE POLICE DEPT,20150772122,Davidson,Nashville,8/17/2015 5:50:00 PM,2,1,0,36.166200,-86.765880,I24 E ENT RAMP,,,,0.00,,,I 24,,,,0.00,Y,Four-Way,N,Intersection,None,,,         ,Mikala,Moore,Cloudy,Front to Rear,no,no,no,no,no,False
100924792,METROPOLITAN NASHVILLE POLICE DEPT,20150772186,Davidson,Nashville,8/17/2015 6:10:00 PM,2,0,0,36.202730,-86.694710,OPRY MILLS DR,,,,1084.00,Feet,East,MOSS ROSE DR,,,,0.00,N,Not at Intersection,N,Non-Junction,None,,,         ,John,Kelley,Cloudy,Other,no,no,no,yes,yes,False
100924800,METROPOLITAN NASHVILLE POLICE DEPT,2015-0769651,Davidson,Nashville,8/16/2015 8:31:00 PM,2,0,0,36.173900,-86.747820,FATHERLAND ST,,,,61.00,Feet,West,S 13TH ST,,,,0.00,N,Not at Intersection, ,Non-Junction,None,,,         ,Anthony,Cavis,Clear,"Sideswipe, Same Direction",no,no,no,no,no,False
100924801,METROPOLITAN NASHVILLE POLICE DEPT,2015-0771816,Davidson,Nashville,8/17/2015 3:42:00 PM,2,0,0,36.167240,-86.765170,I 24,,,,0.00,,,,,,,48.90,N,Not at Intersection, ,,None,,,         ,Anthony,Cavis,,,no,no,no,no,no,False
100924810,METROPOLITAN NASHVILLE POLICE DEPT,20150772073,Davidson,Antioch,8/17/2015 5:51:00 PM,2,0,0,35.991070,-86.683380,US HWY 31 ALT,,,,57.00,Feet,South,BURKITT RD,,,,0.00,N,Not at Intersection, ,Non-Junction,None,,,         ,Jessie,Meadows,Rain,Front to Rear,no,no,no,no,no,False
100924811,METROPOLITAN NASHVILLE POLICE DEPT,20150771962,Davidson,Nashville,8/17/2015 6:05:00 PM,2,0,0,36.025240,-86.664620,PRESTON RD,,,,40.00,Feet,East,PETTUS RD,,,,0.00,N,Not at Intersection, ,Non-Junction,None,,,         ,Jessie,Meadows,Rain,Front to Rear,no,no,no,no,no,False
100924818,METROPOLITAN NASHVILLE POLICE DEPT,20150772265,Davidson,Nashville,8/17/2015 7:54:00 PM,2,0,0,36.152580,-86.625140,STEWARTS FERRY PIKE,,,,119.00,Feet,North,BLACKWOOD DR,,,,0.00,N,Not at Intersection, ,,None,,,         ,Thomas,Barnes,,,no,no,no,no,no,False
100924821,METROPOLITAN NASHVILLE POLICE DEPT,20150771652,Davidson,Not in City Limit,8/17/2015 2:48:00 PM,1,1,0,36.301500,-86.809620,LICKTON PIKE,,,,0.00,,,CLAY LICK RD,,,,0.00,Y,OTHER,N,Non-Junction,None,,,         ,James,Wray,Cloudy,Not Collision with Motor Vehicle in Transport,no,no,no,no,no,False
100924867,METROPOLITAN NASHVILLE POLICE DEPT,20150772061,Davidson,Goodlettsville,8/17/2015 5:30:00 PM,2,0,0,36.294830,-86.717160,I 65,,,,0.00,,,,,,,94.70,N,Not at Intersection,N,Non-Junction,None,,,         ,Nathan,Dungan,Cloudy,Front to Rear,no,no,no,no,no,False
100924874,METROPOLITAN NASHVILLE POLICE DEPT,20150771633,Davidson,Madison,8/17/2015 1:50:00 PM,2,0,0,36.258560,-86.713490,GALLATIN PKES,,,,50.00,Feet,North,HARRIS ST,,,,0.00,N,Not at Intersection, ,"Driveway, Alley Access, etc",None,,,         ,Nathan,Dungan,Cloudy,Angle,no,no,no,no,no,False
100924882,METROPOLITAN NASHVILLE POLICE DEPT,20150771603,Davidson,Nashville,8/17/2015 2:31:00 PM,1,1,0,36.100600,-86.670760,CITATION DR,,,,398.00,Feet,South,CITATION CT,,,,0.00,N,Not at Intersection,N,Non-Junction,None,,,         ,William,Durham,Rain,Not Collision with Motor Vehicle in Transport,no,no,no,no,no,False
100924883,METROPOLITAN NASHVILLE POLICE DEPT,20150771879,Davidson,Nashville,8/17/2015 4:17:00 PM,3,2,0,36.076070,-86.659710,UNA ANTIOCH PIKE,,,,86.00,Feet,East,TREETOP DR,,,,0.00,N,Not at Intersection,N,Non-Junction,None,,,         ,William,Durham,Cloudy,Front to Rear,no,no,no,no,no,False
100924884,METROPOLITAN NASHVILLE POLICE DEPT,20150772112,Davidson,Not in City Limit,8/17/2015 5:44:00 PM,2,0,0,36.020160,-86.627110,I 24,,,,0.00,,,,,,,62.00,N,Not at Intersection, ,Non-Junction,None,,,         ,William,Durham,Cloudy,Front to Rear,no,no,no,no,no,False
100924885,METROPOLITAN NASHVILLE POLICE DEPT,20150772086,Davidson,Nashville,8/17/2015 12:00:00 AM,2,0,0,36.188170,-86.818440,26TH AVE N,,,,121.00,Feet,South,DOWLAN ST,,,,0.00,N,Not at Intersection,N,Non-Junction,None,,,         ,Tina,Wiggs,Clear,Unknown,no,no,no,no,yes,False
100924890,METROPOLITAN NASHVILLE POLICE DEPT,20150771827,Davidson,Goodlettsville,8/17/2015 3:50:00 PM,2,0,0,36.296210,-86.700640,MCHENRY CENTER PVTDR,,,,220.00,Feet,West,GALLATIN PKEN,,,,0.00,N,Not at Intersection,N,"Driveway, Alley Access, etc",None,,,         ,Nathan,Dungan,Cloudy,Angle,no,no,no,yes,yes,False
100924892,METROPOLITAN NASHVILLE POLICE DEPT,20150772093,Davidson,Nashville,8/17/2015 5:30:00 PM,2,0,0,36.153850,-86.757080,I 40,,,,0.00,,,,,,,211.15,N,Not at Intersection,N,Non-Junction,None,,,         ,Felipe,Pereira,Clear,Front to Rear,no,no,no,no,no,False
100924894,METROPOLITAN NASHVILLE POLICE DEPT,20150772485,Davidson,Nashville,8/17/2015 8:26:00 PM,2,0,0,36.134230,-86.779500,WEDGEWOOD AVE,,,,102.00,Feet,West,US HWY 31,,,,0.00,N,Not at Intersection,N,Entrance/Exit Ramp Related,None,,,         ,Jacob,Crouch,Clear,Front to Rear,no,no,no,no,no,False
100924896,METROPOLITAN NASHVILLE POLICE DEPT,20150771954,Davidson,Madison,8/17/2015 4:45:00 PM,2,0,0,36.255430,-86.725380,BEAUMONT DR,,,,100.00,Feet,South,CHADWELL DR,,,,0.00,N,Not at Intersection, ,"Driveway, Alley Access, etc",None,,,         ,Nathan,Dungan,Cloudy,Angle,no,no,no,no,no,False
100924900,METROPOLITAN NASHVILLE POLICE DEPT,20150772569,Davidson,Nashville,8/17/2015 8:00:00 PM,3,0,0,36.182670,-86.768210,GRACE ST,,,,137.00,Feet,East,MERIDIAN ST,,,,0.00,N,Not at Intersection,N,Non-Junction,None,,,         ,Charles,Wakefield,Clear,"Sideswipe, Same Direction",no,no,no,no,yes,False
100924904,METROPOLITAN NASHVILLE POLICE DEPT,2015-0765313,Davidson,Nashville,8/15/2015 2:30:00 AM,2,0,0,36.163580,-86.777290,3RD AVE N,,,,270.00,Feet,North,COMMERCE ST,,,,0.00,N,Not at Intersection,N,"Driveway, Alley Access, etc",None,,,         ,John,Roberson,Clear,Angle,no,no,no,no,no,False
100924906,METROPOLITAN NASHVILLE POLICE DEPT,20150772731,Davidson,Antioch,8/17/2015 9:50:00 PM,2,0,0,36.032670,-86.569650,W NIR SHREIBMAN RD,,,,0.00,,,W NIR SHREIBMAN BLVD,,,,0.00,Y,Four-Way,N,Intersection,None,,,         ,Kevin,Keating,Clear,Angle,no,no,no,no,yes,False
100924917,METROPOLITAN NASHVILLE POLICE DEPT,20150772153,Davidson,Nashville,8/17/2015 5:45:00 PM,2,0,0,36.242300,-86.749570,I 65,,,,0.00,,,,,,,90.50,N,Not at Intersection, ,Entrance/Exit Ramp Related,None,,,         ,Lawrence,Lacy,Clear,"Sideswipe, Same Direction",no,no,no,no,no,False
100924921,METROPOLITAN NASHVILLE POLICE DEPT,20150772836,Davidson,Nashville,8/17/2015 10:05:00 PM,1,0,0,36.162230,-86.774360,BROADWAY,,,,0.00,,,1ST AVS,,,,0.00,Y,T-Intersection,N,Non-Junction,None,,,         ,William,Thorowgood,Clear,Not Collision with Motor Vehicle in Transport,no,no,no,no,no,False
100924924,METROPOLITAN NASHVILLE POLICE DEPT,20150769541,Davidson,Nashville,8/16/2015 6:00:00 PM,2,0,0,36.240740,-86.668690,JOE PYRON DR,,,,265.00,Feet,South,BRENTMEADOW CIR,,,,0.00,N,Not at Intersection, ,Non-Junction,None,,,         ,Landon,Bagwell,Clear,Other,no,no,no,no,no,False
100924948,METROPOLITAN NASHVILLE POLICE DEPT,20150755142,Davidson,Not in City Limit,8/12/2015 5:12:00 AM,1,0,0,36.006600,-86.700420,US HWY 31 ALT,,,,388.00,Feet,South,CULBERTSON RD,,,,0.00,N,Not at Intersection, ,Non-Junction,None,,,         ,Jarred,Frazier,Clear,Not Collision with Motor Vehicle in Transport,no,no,no,no,no,False
100924966,METROPOLITAN NASHVILLE POLICE DEPT,2015-0772942,Davidson,Nashville,8/17/2015 12:00:00 AM,1,1,0,36.247540,-86.720630,US HWY 31E,,,,198.00,Feet,South,DUE WEST AVE E,,,,0.00,N,Not at Intersection,N,Non-Junction,None,,,         ,John,Joyce,Clear,Not Collision with Motor Vehicle in Transport,no,yes,no,no,yes,False
100924968,METROPOLITAN NASHVILLE POLICE DEPT,20150770437,Davidson,Nashville,8/17/2015 5:14:00 AM,1,0,0,0.000000,0.000000,EDMONDSON,PIKE,,,200.00,Feet,North,BANBURY,STA,,,0.00,N,Not at Intersection,N,Non-Junction,None,,,         ,Eric,Petlewski,Rain,Not Collision with Motor Vehicle in Transport,no,no,no,no,no,False
100924979,METROPOLITAN NASHVILLE POLICE DEPT,2015-0773251,Davidson,Madison,8/15/2015 12:00:00 AM,2,0,0,36.263440,-86.717800,GIBSON DR,,,,95.00,Feet,South,STATE HWY 45,,,,0.00,N,Not at Intersection,N,Non-Junction,None,,,         ,John,Joyce,Unknown,Not Collision with Motor Vehicle in Transport,no,no,no,yes,yes,False
100924980,METROPOLITAN NASHVILLE POLICE DEPT,20150773557,Davidson,Nashville,8/18/2015 3:25:00 AM,2,0,0,36.048800,-86.665130,I 24,,,,0.00,,,,,,,59.00,N,Not at Intersection, ,Non-Junction,None,,,         ,Steven,Williams,Clear,Angle,no,no,no,no,yes,False
100924990,GOODLETTSVILLE POLICE DEPT,15-31232,Davidson,Goodlettsville,8/18/2015 4:03:00 AM,1,0,0,36.323920,-86.715930,MONCRIEF AVE,,,,0.00,,,GRAVES RD,,,,0.00,Y,T-Intersection, ,Intersection,None,,,         ,Stephen,Hodges,Clear,Not Collision with Motor Vehicle in Transport,no,no,no,no,no,False
100925001,BERRY HILL POLICE DEPT,15-3252,Davidson,Berry Hill,8/16/2015 2:24:00 PM,2,0,0,36.121400,-86.775200,US HWY 31,,,,59.00,Feet,East,KIRKWOOD AVE,,,,0.00,N,Not at Intersection, ,"Driveway, Alley Access, etc",None,,,         ,Ronnie,Hill,Cloudy,Angle,no,no,no,yes,no,False
100925021,METROPOLITAN NASHVILLE POLICE DEPT,20150771525,Davidson,Madison,8/17/2015 11:50:00 AM,2,0,0,36.291160,-86.693960,MYATT DR,,,,54.00,Feet,North,EDENWOLD RD,,,,0.00,N,Not at Intersection, ,Non-Junction,None,,,         ,Brian,Otto,Cloudy,Angle,no,no,no,no,no,False
100925025,METROPOLITAN NASHVILLE POLICE DEPT,20150771371,Davidson,Nashville,8/17/2015 12:15:00 PM,2,0,0,36.120540,-86.749820,PEACHTREE ST,,,,51.00,Feet,East,US HWY 31 ALT,,,,0.00,N,Not at Intersection,N,Non-Junction,None,,,         ,James,Thomas,Rain,Angle,no,no,no,no,no,False
100925029,METROPOLITAN NASHVILLE POLICE DEPT,20150773787,Davidson,Nashville,8/18/2015 5:45:00 AM,2,1,0,36.152840,-86.683350,ELM HILL PIKE,,,,0.00,,,MCGAVOCK PIKE,,,,0.00,Y,Four-Way,N,Non-Junction,None,,,         ,Andy,Esqueda,Cloudy,Angle,no,no,no,no,no,False