master_record_number,agency,agency_tracking_number,county,city,collision_date,vehicles_involved,number_injured,number_dead,latitude,longitude,roadway_name,roadway_suffix,roadway_number,roadway_local_id,distance_from_reference,miles-feet_indicator,direction_from_reference,intersection_road_name,intersection_road_name_suffix,intersection_road_number,intersection_local_id,mile_marker,intersection_indicator,intersect_type,interchange_related_indicator,relation_to_junction,work_zone_type,construction_maintenance_zone,construction_maintenance_zone_location,fatal_case_number,officer_first_name,officer_last_name,weather_condition(s),manner_of_crash,pedestrian,bicycle,scooter,parking,hitrun,mou
100925030,METROPOLITAN NASHVILLE POLICE DEPT,20150771357,Davidson,Nashville,8/17/2015 12:44:00 PM,2,0,0,36.079530,-86.720400,RECOVERY RD,,,,159.00,Feet,North,WALLACE RD,,,,0.00,N,Not at Intersection, ,,None,,,         ,Kevin,Coleman,,,no,no,no,no,no,False
100925031,METROPOLITAN NASHVILLE POLICE DEPT,2015-0773914,Davidson,Nashville,8/18/2015 7:00:00 AM,2,0,0,36.150040,-86.858440,CHARLOTTE PKE,,,,151.00,Feet,West,WHITE BRIDGE PKE,,,,0.00,N,Not at Intersection, ,Non-Junction,None,,,         ,Curtis,Rich,Clear,"Sideswipe, Same Direction",no,no,no,no,no,False
100925032,METROPOLITAN NASHVILLE POLICE DEPT,20150773797,Davidson,Nashville,8/18/2015 5:50:00 AM,2,0,0,36.133520,-86.896220,EXIT 201,,,,0.00,Feet,East,I 40,,,,0.00,N,Not at Intersection,Y,Entrance/Exit Ramp Related,None,,,         ,Jeremy,Kidd,Cloudy,Front to Rear,no,no,no,no,no,False
100925038,METROPOLITAN NASHVILLE POLICE DEPT,20150771588,Davidson,Nashville,8/17/2015 2:23:00 PM,2,0,0,36.156010,-86.788830,13TH AVE S,,,,0.00,,,US HWY 70,,,,0.00,Y,Four-Way, ,Intersection-Related,None,,,         ,Bryan,Birdwell,Cloudy,HeadOn,no,no,no,no,no,False
100925039,THP District 9 - Administrative,315042025,Davidson,Nashville,8/14/2015 10:37:00 AM,1,1,0,36.163400,-86.787790,10TH AVE N,,,,0.00,,,RAMP,,,,0.00,Y,Four-Way,N,Intersection-Related,None,,,         ,Michael,Morgan,Clear,Not Collision with Motor Vehicle in Transport,yes,no,no,no,no,False
100925043,METROPOLITAN NASHVILLE POLICE DEPT,20150771268,Davidson,Nashville,8/17/2015 12:11:00 PM,2,1,0,36.079850,-86.720310,RECOVERY RD,,,,280.00,Feet,North,WALLACE RD,,,,0.00,N,Not at Intersection,N,Non-Junction,None,,,         ,Christopher,Hanor,Rain,Not Collision with Motor Vehicle in Transport,yes,no,no,no,no,False
100925049,METROPOLITAN NASHVILLE POLICE DEPT,20150773880,Davidson,Nashville,8/18/2015 6:45:00 AM,1,1,0,36.251920,-86.717690,W WEBSTER ST,,,,0.00,Feet,,GALLATIN PKES,,,,0.00,Y,T-Intersection,N,Intersection,None,,,         ,Brian,Otto,Clear,Not Collision with Motor Vehicle in Transport,yes,no,no,no,yes,False
100925056,METROPOLITAN NASHVILLE POLICE DEPT,20150770598,Davidson,Not in City Limit,8/17/2015 7:20:00 AM,2,0,0,36.119190,-86.974050,OLD CHARLOTTE PIKE,,,,0.00,Feet,East,BUFFALO RD,,,,0.00,N,Not at Intersection,N,Non-Junction,None,,,         ,Christopher,Taylor,Rain,"Sideswipe, Opposite Direction",no,no,no,no,no,False
100925058,METROPOLITAN NASHVILLE POLICE DEPT,20150773883,Davidson,Nashville,8/18/2015 6:45:00 AM,3,1,0,36.188780,-86.822900,US HWY 41 ALT,,,,483.00,Feet,West,CLARKSVILLE PIKE,,,,0.00,N,Not at Intersection,N,Non-Junction,None,,,         ,Joshua,Baker,Clear,Front to Rear,no,no,no,no,no,False
100925073,VANDERBILT UNIVERSITY POLICE,15-771556,Davidson,Nashville,8/17/2015 2:00:00 PM,2,0,0,36.146650,-86.799760,US HWY 431,,,,237.00,Feet,North,SCARRITT PL,,,,0.00,N,Not at Intersection, ,Non-Junction,None,,,         ,Allan,Sullivan,Clear,Angle,no,no,no,yes,no,Campus
100925088,METROPOLITAN NASHVILLE POLICE DEPT,20150773957,Davidson,Nashville,8/18/2015 7:20:00 AM,2,0,0,36.095630,-86.874400,HIGHWAY 100,,,,146.00,Feet,South,GILMAN AV,,,,0.00,N,Not at Intersection, ,Non-Junction,None,,,         ,Benjamin,Spees,Clear,Front to Rear,no,no,no,no,no,False
100925096,METROPOLITAN NASHVILLE POLICE DEPT,2015-0774138,Davidson,Not in City Limit,8/18/2015 8:00:00 AM,2,0,0,36.125540,-86.984530,OLD POND CREEK RD,,,,1347.00,Feet,North,OLD CHARLOTTE PKE,,,,0.00,N,Not at Intersection,N,Non-Junction,None,,,         ,Curtis,Rich,Clear,Angle,no,no,no,no,yes,False
100925117,METROPOLITAN NASHVILLE POLICE DEPT,2015-0771393,Davidson,Nashville,8/17/2015 12:45:00 PM,2,0,0,36.175340,-86.758830,MAIN ST,,,,0.00,,,N 8TH ST,,,,0.00,Y,T-Intersection, ,Intersection,None,,,         ,Coleman,Womack,Rain,Front to Rear,no,no,no,no,no,False
100925118,METROPOLITAN NASHVILLE POLICE DEPT,20150774165,Davidson,Nashville,8/18/2015 8:34:00 AM,2,1,0,36.140350,-86.731030,I 40,,,,0.00,,,,,,,212.90,N,Not at Intersection,Y,Non-Junction,None,,,         ,Johnathan,Carlisle,Cloudy,"Sideswipe, Same Direction",no,no,no,no,no,False
100925128,METROPOLITAN NASHVILLE POLICE DEPT,20150774182,Davidson,Nashville,8/18/2015 8:38:00 AM,4,1,0,36.028820,-86.636770,I 24,,,,0.00,,,,,,,61.10,N,Not at Intersection,N,Non-Junction,None,,,         ,Kenneth,Alexandrow,Cloudy,Front to Rear,no,no,no,no,yes,False
100925132,METROPOLITAN NASHVILLE POLICE DEPT,2015-0762561,Davidson,Nashville,8/14/2015 7:10:00 AM,1,1,0,36.193640,-86.743840,STRAIGHTWAY AVE,,,,0.00,,,GALLATIN AVE,,,,0.00,Y,T-Intersection,N,Intersection,None,,,         ,Coleman,Womack,Clear,Not Collision with Motor Vehicle in Transport,yes,no,no,no,no,False
100925133,METROPOLITAN NASHVILLE POLICE DEPT,20150770692,Davidson,Not in City Limit,8/17/2015 8:00:00 AM,3,0,0,36.325160,-86.768710,DRY CREEK RD,,,,0.00,,,BRICK CHURCH PIKE,,,,0.00,Y,OTHER, ,"Driveway, Alley Access, etc",None,,,         ,Jeffery,Burnette,Rain,Angle,no,no,no,no,no,False
100925134,METROPOLITAN NASHVILLE POLICE DEPT,20150771594,Davidson,Nashville,8/17/2015 2:01:00 PM,1,1,0,36.170040,-86.606440,I40 E EXT RAMP,,,,1508.00,Feet,South,CENTRAL PKE,,,,0.00,N,Not at Intersection,Y,Entrance/Exit Ramp Related,None,,,         ,Justin,Franklin,Rain,Not Collision with Motor Vehicle in Transport,no,no,no,no,no,False
100925158,METROPOLITAN NASHVILLE POLICE DEPT,20150773977,Davidson,Nashville,8/18/2015 7:33:00 AM,2,0,0,36.160850,-86.793680,EXIT 209,,,,0.00,,,US HWY 70,,,,0.00,Y,Four-Way, ,Intersection-Related,None,,,         ,Nathan,Kemp,Clear,"Sideswipe, Same Direction",no,no,no,no,no,False
100925163,METROPOLITAN NASHVILLE POLICE DEPT,20150774560,Davidson,Nashville,8/18/2015 10:44:00 AM,1,1,0,36.095080,-86.762280,KENILWOOD DR,,,,1397.00,Feet,North,MORRISWOOD DR,,,,0.00,N,Not at Intersection,N,"Driveway, Alley Access, etc",None,,,         ,Justin,Pinkelton,Cloudy,Not Collision with Motor Vehicle in Transport,yes,no,no,yes,no,False
100925174,METROPOLITAN NASHVILLE POLICE DEPT,20150774316,Davidson,Nashville,8/18/2015 9:12:00 AM,2,2,0,36.148910,-86.778380,I 40,,,,0.00,,,,,,,209.90,N,Not at Intersection,N,Non-Junction,None,,,         ,Catherine,Poole,Cloudy,Front to Rear,no,no,no,no,no,False
100925175,METROPOLITAN NASHVILLE POLICE DEPT,20150760537,Davidson,Nashville,8/13/2015 3:52:00 PM,2,0,0,36.199320,-86.724130,ESSEX AVE,,,,350.00,Feet,East,BRANCH ST,,,,0.00,N,Not at Intersection, ,Non-Junction,None,,,         ,Whitney,Arnold,Clear,"Sideswipe, Same Direction",no,no,no,no,no,False
100925181,METROPOLITAN NASHVILLE POLICE DEPT,20150768542,Davidson,Nashville,8/16/2015 11:45:00 AM,4,1,0,36.220060,-86.774270,I 65,,,,0.00,,,,,,,88.30,N,Not at Intersection,N,Non-Junction,Construction Zone,Other,Activity Area,         ,Aaron,Wigginton,Clear,Front to Rear,no,no,no,no,no,False
100925185,METROPOLITAN NASHVILLE POLICE DEPT,2015-0763139,Davidson,Nashville,8/14/2015 11:05:00 AM,2,0,0,36.211350,-86.735400,HOME RD,,,,358.00,Feet,North,BAXTER ST,,,,0.00,N,Not at Intersection,N,Non-Junction,None,,,         ,Coleman,Womack,Clear,"Sideswipe, Same Direction",no,no,no,no,no,False
100925192,METROPOLITAN NASHVILLE POLICE DEPT,20150766556,Davidson,Nashville,8/15/2015 5:00:00 PM,2,1,0,36.160790,-86.588960,BELL RD,,,,0.00,,,LAKE CHATEAU DR,,,,0.00,Y,T-Intersection,N,Non-Junction,None,,,         ,Darryl,Williams,Clear,HeadOn,no,no,no,no,no,False
100925195,THP District 9 - Administrative,315042729,Davidson,Nashville,8/18/2015 10:15:00 AM,2,0,0,36.151970,-86.752720,I 40,,,,0.00,,,,,,,211.40,N,Not at Intersection,N,Non-Junction,None,,,         ,James,Gatlin,Clear,Front to Rear,no,no,no,no,no,False
100925199,METROPOLITAN NASHVILLE POLICE DEPT,2015-0773876,Davidson,Nashville,8/18/2015 6:25:00 AM,3,0,0,36.176580,-86.769730,US HWY 31W,,,,136.00,Feet,East,SPRING ST,,,,0.00,N,Not at Intersection,Y,Non-Junction,None,,,         ,Coleman,Womack,Cloudy,Front to Rear,no,no,no,no,yes,False
100925200,METROPOLITAN NASHVILLE POLICE DEPT,2015-0774637,Davidson,Nashville,8/18/2015 11:10:00 AM,1,1,0,36.059720,-86.670990,UNA ANTIOCH PKE,,,,0.00,,,HICKORY HOLLOW PKWY,,,,0.00,Y,T-Intersection,N,Intersection,None,,,         ,William,Whitworth,Clear,Not Collision with Motor Vehicle in Transport,no,no,no,no,no,False
100925203,METROPOLITAN NASHVILLE POLICE DEPT,20150774712,Davidson,Nashville,8/18/2015 11:32:00 AM,2,0,0,36.109170,-86.811840,US HWY 431,,,,0.00,,,CRESTMOOR RD,,,,0.00,Y,T-Intersection, ,Intersection,None,,,         ,Nathan,Kemp,Clear,"Sideswipe, Same Direction",no,no,no,no,no,False
100925215,BERRY HILL POLICE DEPT,15-3263,Davidson,Berry Hill,8/17/2015 2:20:00 PM,1,0,0,36.120200,-86.762600,MELROSE AVE,,,,929.00,Feet,East,LIGON DR,,,,0.00,N,Not at Intersection, ,Non-Junction,None,,,         ,Ronnie,Hill,Rain,Not Collision with Motor Vehicle in Transport,no,no,no,no,no,False
100925216,BERRY HILL POLICE DEPT,15-3260,Davidson,Berry Hill,8/17/2015 10:39:00 AM,2,0,0,36.116650,-86.766320,E IRIS DR,,,,0.00,,,BRANSFORD AVE,,,,0.00,Y,Four-Way, ,Intersection,None,,,         ,Ronnie,Hill,Rain,Front to Rear,no,no,no,no,no,False
100925217,BERRY HILL POLICE DEPT,15-3262,Davidson,Berry Hill,8/17/2015 1:24:00 PM,2,0,0,36.120640,-86.763570,MELROSE AVE,,,,0.00,,,,,,,0.00,,, ,Non-Junction,None,,,         ,Ronnie,Hill,Rain,Angle,no,no,no,no,no,False
100925220,VANDERBILT UNIVERSITY POLICE,15-0774430,Davidson,Nashville,8/18/2015 9:29:00 AM,2,0,0,36.138850,-86.802800,CHILDRENS WAY,,,,52.00,Feet,East,23RD AVE S,,,,0.00,N,Not at Intersection, ,Non-Junction,None,,,         ,Linda,Jennings,Clear,Rear to Side,no,no,no,no,no,Campus
100925227,METROPOLITAN NASHVILLE POLICE DEPT,2015-0774971,Davidson,Nashville,8/18/2015 1:00:00 PM,2,0,0,36.126090,-86.846080,HARDING PKE,,,,157.00,Feet,East,KENNER AV,,,,0.00,N,Not at Intersection, ,Non-Junction,None,,,         ,Curtis,Rich,Clear,"Sideswipe, Same Direction",no,no,no,no,no,False
100925233,METROPOLITAN NASHVILLE POLICE DEPT,20150771431,Davidson,Nashville,8/17/2015 1:10:00 PM,1,0,0,36.219970,-86.762270,ALHAMBRA CIR,,,,0.00,,,US HWY 31W,,,,0.00,Y,T-Intersection,N,Non-Junction,None,,,         ,Jeremy,Stricklin,Rain,Not Collision with Motor Vehicle in Transport,no,no,no,no,yes,False
100925238,METROPOLITAN NASHVILLE POLICE DEPT,20150772790,Davidson,Nashville,8/17/2015 10:15:00 PM,2,0,0,36.130630,-86.716250,US HWY 41,,,,30.00,Feet,East,CONNECTING ROAD,,,,0.00,N,Not at Intersection,N,Non-Junction,None,,,         ,Jessie,Meadows,Clear,Angle,no,no,no,no,no,False
100925240,METROPOLITAN NASHVILLE POLICE DEPT,20150774346,Davidson,Madison,8/18/2015 9:06:00 AM,3,1,0,0.000000,0.000000,,,I65,,1.00,Miles,South,,,,,88.00,N,Not at Intersection,N,Non-Junction,Work Zone,Work On Shoulder Or Median,Unknown,         ,Faye,Denson,Clear,Front to Rear,no,no,no,no,no,False
100925241,METROPOLITAN NASHVILLE POLICE DEPT,20150774929,Davidson,Nashville,8/18/2015 12:42:00 PM,2,0,0,36.092830,-86.705320,I 24,,,,0.00,,,,,,,55.15,N,Not at Intersection, ,Non-Junction,None,,,         ,Kenneth,Alexandrow,Cloudy,"Sideswipe, Same Direction",no,no,no,no,yes,False
100925246,METROPOLITAN NASHVILLE POLICE DEPT,2015-0771575,Davidson,Nashville,8/17/2015 2:10:00 PM,2,0,0,36.178790,-86.774430,EXIT 47,,,,0.00,,,I 24,,,,0.00,Y,OTHER,Y,Entrance/Exit Ramp Related,None,,,         ,Coleman,Womack,Rain,Angle,no,no,no,no,no,False
100925247,METROPOLITAN NASHVILLE POLICE DEPT,2015-0774942,Davidson,Nashville,8/18/2015 12:46:00 PM,2,0,0,36.068220,-86.710670,HAYWOOD LN,,,,0.00,,,FAULKNER DR,,,,0.00,Y,T-Intersection,N,Intersection,None,,,         ,William,Whitworth,Cloudy,Front to Rear,no,no,no,no,no,False
100925248,METROPOLITAN NASHVILLE POLICE DEPT,20150763435,Davidson,Nashville,8/14/2015 1:00:00 PM,3,0,0,36.163400,-86.787790,CHARLOTTE AVE,,,,0.00,,,10TH AVE N,,,,0.00,Y,Four-Way,N,Intersection,None,,,         ,Wesley,Henderson,Clear,Angle,no,no,no,no,no,False
100925252,METROPOLITAN NASHVILLE POLICE DEPT,15-0774739,Davidson,Nashville,8/18/2015 11:40:00 AM,2,0,0,36.164490,-86.781070,5TH AVE N,,,,0.00,,,UNION ST,,,,0.00,Y,Four-Way, ,Non-Junction,None,,,         ,Dale,Tomlin,Clear,"Sideswipe, Same Direction",no,no,no,no,no,False
100925264,METROPOLITAN NASHVILLE POLICE DEPT,2015-0771938,Davidson,Nashville,8/17/2015 4:37:00 PM,2,0,0,36.135240,-86.858330,STATE HWY 155,,,,0.00,,,VINE RIDGE DR,,,,0.00,Y,T-Intersection,N,Intersection,None,,,         ,Walter,Gray II,Cloudy,Angle,no,no,no,no,no,False
100925265,METROPOLITAN NASHVILLE POLICE DEPT,2015-0772165,Davidson,Nashville,8/17/2015 6:10:00 PM,2,0,0,36.152040,-86.846150,US HWY 70,,,,50.00,Feet,West,49TH AVE N,,,,0.00,N,Not at Intersection,N,Non-Junction,None,,,         ,Walter,Gray II,Cloudy,"Sideswipe, Same Direction",no,no,no,no,no,False
100925266,METROPOLITAN NASHVILLE POLICE DEPT,2015-0774765,Davidson,Nashville,8/18/2015 11:51:00 AM,2,0,0,36.150010,-86.857900,STATE HWY 155,,,,50.00,Feet,South,US HWY 70,,,,0.00,N,Not at Intersection, ,,None,,,         ,Walter,Gray II,,,no,no,no,no,no,False
100925270,VANDERBILT UNIVERSITY POLICE,15-775145,Davidson,Nashville,8/18/2015 12:00:00 AM,2,0,0,36.142130,-86.801070,MEDICAL CENTER DR,,,,0.00,,,,,,,0.00,,, ,Non-Junction,None,,,         ,Jason,Bates,Unknown,Unknown,no,no,no,yes,yes,Campus
100925271,METROPOLITAN NASHVILLE POLICE DEPT,20150774415,Davidson,Nashville,8/18/2015 10:06:00 AM,2,0,0,36.153010,-86.857540,STATE HWY 155,,,,0.00,,,-- UNKNOWN RAMP/ROAD --,,,,0.00,Y,Four-Way, ,,None,,,         ,Adam,Reese,,,no,no,no,no,no,False
100925278,METROPOLITAN NASHVILLE POLICE DEPT,20150775116,Davidson,Antioch,8/18/2015 1:41:00 PM,2,1,0,36.048780,-86.613020,US HWY 41,,,,0.00,,,PIN HOOK RD,,,,0.00,Y,T-Intersection,N,Non-Junction,None,,,         ,Kenneth,Alexandrow,Clear,Angle,no,no,no,yes,no,False
100925290,METROPOLITAN NASHVILLE POLICE DEPT,20150774163,Davidson,Not in City Limit,8/18/2015 7:35:00 AM,2,0,0,36.262430,-86.709370,E OLD HICKORY BLVD,,,,559.00,Feet,West,3RD AVE,,,,0.00,N,Not at Intersection, ,Non-Junction,None,,,         ,William,Coy,Cloudy,Angle,no,no,no,no,no,False
100925308,METROPOLITAN NASHVILLE POLICE DEPT,20150775322,Davidson,Nashville,8/18/2015 3:05:00 PM,2,0,0,36.148370,-86.777060,I 40,,,,0.00,,,,,,,210.00,N,Not at Intersection, ,Non-Junction,None,,,         ,Blaze,Williams,Clear,"Sideswipe, Same Direction",no,no,no,no,yes,False
100925309,METROPOLITAN NASHVILLE POLICE DEPT,20150774010,Davidson,Nashville,8/17/2015 2:15:00 PM,2,0,0,36.183750,-86.680880,TWO RIVERS PKWY,,,,36.00,Feet,East,TWO RIVERS PARK,,,,0.00,N,Not at Intersection, ,Non-Junction,None,,,         ,Torrance,Bennett,Rain,Angle,no,no,no,no,no,False
100925314,METROPOLITAN NASHVILLE POLICE DEPT,2015-0774639,Davidson,Nashville,8/18/2015 11:15:00 AM,2,0,0,36.167790,-86.820770,28TH AVE N,,,,26.00,Feet,South,JEFFERSON ST,,,,0.00,N,Not at Intersection, ,Non-Junction,None,,,         ,Darryl,Morton,Clear,Front to Rear,no,no,no,no,no,False
100925328,METROPOLITAN NASHVILLE POLICE DEPT,20150775376,Davidson,Nashville,8/18/2015 12:00:00 AM,2,0,0,36.145810,-86.814160,29TH AVN,,,,0.00,Feet,,POSTON AV,,,,0.00,Y,Four-Way,N,Intersection-Related,None,,,         ,Tien,Nguyen,Clear,Unknown,no,no,no,no,yes,Campus
100925331,METROPOLITAN NASHVILLE POLICE DEPT,2015-0775190,Davidson,Not in City Limit,8/18/2015 12:55:00 PM,2,0,0,36.011250,-86.679550,BROKEN BOW DR,,,,161.00,Feet,North,TEE PEE TRC,,,,0.00,N,Not at Intersection,N,Non-Junction,None,,,         ,Brandon,O'Guin,Clear,Front to Rear,no,no,no,no,no,False
100925334,METROPOLITAN NASHVILLE POLICE DEPT,20150775481,Davidson,Nashville,8/18/2015 3:48:00 PM,2,0,0,36.200550,-86.620930,OLD HICKORY BLVD,,,,0.00,,,PLANTATION DR,,,,0.00,Y,T-Intersection, ,,None,,,         ,Shawn,Taylor,,,no,no,no,no,no,False
100925336,METROPOLITAN NASHVILLE POLICE DEPT,2015-0775124,Davidson,Nashville,8/18/2015 1:48:00 PM,1,1,0,36.165630,-86.834250,JOHN L DRIVER BLVD,,,,0.00,,,39TH AVE N,,,,0.00,Y,T-Intersection,N,Intersection,None,,,         ,Walter,Gray II,Cloudy,Not Collision with Motor Vehicle in Transport,yes,no,no,no,no,False
100925354,METROPOLITAN NASHVILLE POLICE DEPT,20150775441,Davidson,Nashville,8/18/2015 3:23:00 PM,3,0,0,36.181720,-86.774710,I 24,,,,0.00,,,,,,,47.55,N,Not at Intersection, ,Non-Junction,None,,,         ,John,Anderson,Clear,Front to Rear,no,no,no,no,no,False
100925358,METROPOLITAN NASHVILLE POLICE DEPT,20150771863,Davidson,Nashville,8/17/2015 4:16:00 PM,1,0,0,36.244300,-86.747400,I 65,,,,0.00,,,,,,,90.70,N,Not at Intersection,N,Non-Junction,None,,,         ,Bradley,Campbell,Clear,Not Collision with Motor Vehicle in Transport,no,no,no,no,no,False
100925360,METROPOLITAN NASHVILLE POLICE DEPT,20150775559,Davidson,Nashville,8/18/2015 4:03:00 PM,2,1,0,36.033270,-86.776830,CHURCH STE,,,,0.00,Feet,East,GLENSTONE CIR,,,,0.00,N,Not at Intersection,N,Non-Junction,None,,,         ,Tien,Nguyen,Clear,Front to Rear,no,no,no,no,no,False
100925375,METROPOLITAN NASHVILLE POLICE DEPT,2015-0775719,Davidson,Nashville,8/18/2015 4:43:00 PM,2,0,0,36.070750,-86.734140,EDMONDSON PIKE,,,,150.00,Feet,South,SUTER DR,,,,0.00,N,Not at Intersection, ,Non-Junction,None,,,         ,William,King,Clear,Front to Rear,no,no,no,no,no,False
100925386,METROPOLITAN NASHVILLE POLICE DEPT,2015-0775689,Davidson,Nashville,8/18/2015 4:40:00 PM,2,0,0,36.125010,-86.752140,US HWY 31 ALT,,,,0.00,,,ROSEDALE AVE,,,,0.00,Y,T-Intersection, ,Intersection-Related,None,,,         ,Austin,Kendrick,Clear,Angle,no,no,no,no,no,False
100925387,METROPOLITAN NASHVILLE POLICE DEPT,20150775677,Davidson,Nashville,8/18/2015 4:35:00 PM,3,0,0,36.143160,-86.704670,I 40,,,,0.00,,,,,,,214.50,N,Not at Intersection,N,Non-Junction,None,,,         ,Thomas,Barnes,Clear,Front to Rear,no,no,no,no,no,False
100925391,METROPOLITAN NASHVILLE POLICE DEPT,20150775289,Davidson,Nashville,8/18/2015 2:55:00 PM,2,1,0,36.140960,-86.738710,MURFREESBORO PKE,,,,164.00,Feet,West,TRANSIT AV,,,,0.00,N,Not at Intersection,N,Non-Junction,None,,,         ,Jessie,Meadows,Clear,Front to Rear,no,no,no,no,no,False
100925392,METROPOLITAN NASHVILLE POLICE DEPT,20150775501,Davidson,Nashville,8/18/2015 3:58:00 PM,2,0,0,36.142680,-86.744020,MURFREESBORO PKE,,,,109.00,Feet,East,FESSLERS LN,,,,0.00,N,Not at Intersection,N,Non-Junction,None,,,         ,Jessie,Meadows,Clear,Front to Rear,no,no,no,no,no,False
100925393,METROPOLITAN NASHVILLE POLICE DEPT,20150775658,Davidson,Nashville,8/18/2015 5:12:00 PM,2,1,0,36.082520,-86.710970,HARDING PL,,,,149.00,Feet,West,TAMPA DR,,,,0.00,N,Not at Intersection,N,Non-Junction,None,,,         ,Jessie,Meadows,Clear,Front to Rear,no,no,no,no,no,False
100925396,METROPOLITAN NASHVILLE POLICE DEPT,20150775882,Davidson,Nashville,8/18/2015 5:34:00 PM,2,1,0,36.126400,-86.804580,21ST AVS,,,,0.00,,,WESTWOOD AV,,,,0.00,Y,T-Intersection,N,Intersection-Related,None,,,         ,Tien,Nguyen,Clear,Front to Rear,no,no,no,no,no,False
100925413,METROPOLITAN NASHVILLE POLICE DEPT,20150775852,Davidson,Nashville,8/18/2015 5:26:00 PM,2,0,0,36.187950,-86.607770,OLD LEBANON DIRT RD,,,,0.00,,,ANDREW JACKSON PKWY,,,,0.00,Y,Four-Way, ,Non-Junction,None,,,         ,David,Stanley,Cloudy,Front to Rear,no,no,no,no,no,False
100925415,METROPOLITAN NASHVILLE POLICE DEPT,20150771736,Davidson,Nashville,8/17/2015 1:59:00 PM,2,0,0,36.132570,-86.795480,BELMONT BLVD,,,,171.00,Feet,East,PORTLAND AVE,,,,0.00,N,Not at Intersection, ,,None,,,         ,Charles,Griffin,,,no,no,no,yes,no,False
100925416,METROPOLITAN NASHVILLE POLICE DEPT,2015-0775892,Davidson,Nashville,8/18/2015 5:38:00 PM,3,2,0,36.035110,-86.782960,-- UNKNOWN RAMP/ROAD --,,,,0.00,Feet,East,I 65,,,,0.00,N,Not at Intersection,N,Non-Junction,None,,,         ,William,King,Clear,Front to Rear,no,no,no,no,yes,False
100925426,GOODLETTSVILLE POLICE DEPT,15-31306,Davidson,Goodlettsville,8/18/2015 5:23:00 PM,2,1,0,36.300387,-86.711055,,,I65,,0.00,,,,,,,95.00,N,Not at Intersection,N,Non-Junction,None,,,         ,Brian,Hajdu,Cloudy,Front to Rear,no,no,no,no,no,False
100925431,METROPOLITAN NASHVILLE POLICE DEPT,20150775952,Davidson,Nashville,8/18/2015 5:41:00 PM,4,0,0,36.087160,-86.771890,US HWY 31,,,,200.00,Feet,North,STATE HWY 255,,,,0.00,N,Not at Intersection, ,Non-Junction,None,,,         ,Jacob,Crouch,Clear,Front to Rear,no,no,no,no,no,False
100925433,METROPOLITAN NASHVILLE POLICE DEPT,20150775790,Davidson,Nashville,8/18/2015 4:54:00 PM,2,0,0,36.171140,-86.769880,JAMES ROBERTSON PKWY,,,,160.00,Feet,West,MAIN ST,,,,0.00,N,Not at Intersection, ,Non-Junction,None,,,         ,Caleb,Rogan,Clear,Front to Rear,no,no,no,no,no,False
100925434,METROPOLITAN NASHVILLE POLICE DEPT,20150775839,Davidson,Nashville,8/18/2015 5:16:00 PM,2,0,0,36.151010,-86.796490,19TH AVS,,,,0.00,,,BROADWAY,,,,0.00,Y,Four-Way, ,Intersection-Related,None,,,         ,Tien,Nguyen,Clear,"Sideswipe, Same Direction",no,no,no,no,no,False
100925435,METROPOLITAN NASHVILLE POLICE DEPT,20150776143,Davidson,Nashville,8/18/2015 6:58:00 PM,2,1,0,36.150310,-86.797250,LYLE AV,,,,0.00,,,BROADWAY,,,,0.00,Y,Four-Way,N,Intersection-Related,None,,,         ,Tien,Nguyen,Clear,Front to Rear,no,no,no,no,no,False
100925437,METROPOLITAN NASHVILLE POLICE DEPT,20150775527,Davidson,Nashville,8/18/2015 3:57:00 PM,2,0,0,36.142990,-86.705710,I 40,,,,0.00,,,,,,,214.45,N,Not at Intersection,N,Non-Junction,None,,,         ,Michael,Apsey,Clear,Front to Rear,no,no,no,no,no,False
100925439,METROPOLITAN NASHVILLE POLICE DEPT,20150776099,Davidson,Nashville,8/18/2015 6:28:00 PM,2,0,0,36.188930,-86.628270,LEBANON PKE,,,,402.00,Feet,East,HICKORY HILL LN,,,,0.00,N,Not at Intersection,N,Non-Junction,None,,,         ,David,Stanley,Cloudy,Front to Rear,no,no,no,no,no,False
100925446,METROPOLITAN NASHVILLE POLICE DEPT,20150775939,Davidson,Nashville,8/18/2015 1:53:00 PM,2,0,0,36.111920,-86.722950,-- UNKNOWN RAMP/ROAD --,,,,0.00,,,I 24,,,,0.00,Y,OTHER, ,,None,,,         ,Michael,Moss,,,no,no,no,no,no,False
100925448,METROPOLITAN NASHVILLE POLICE DEPT,20150771658,Davidson,Nashville,8/17/2015 2:40:00 PM,2,0,0,36.082810,-86.727290,US HWY 31 ALT,,,,55.00,Feet,North,WELSHWOOD DR,,,,0.00,N,Not at Intersection, ,Non-Junction,None,,,         ,Miguel,Garcia,Clear,Front to Rear,no,no,no,no,no,False
100925449,METROPOLITAN NASHVILLE POLICE DEPT,20150771853,Davidson,Nashville,8/17/2015 3:55:00 PM,2,0,0,36.093980,-86.736550,NOLENSVILLE PKE,,,,216.00,Feet,North,NATCHEZ CT,,,,0.00,N,Not at Intersection,N,Non-Junction,None,,,         ,Miguel,Garcia,Clear,Front to Rear,no,no,no,no,yes,False