master_record_number,agency,agency_tracking_number,county,city,collision_date,vehicles_involved,number_injured,number_dead,latitude,longitude,roadway_name,roadway_suffix,roadway_number,roadway_local_id,distance_from_reference,miles-feet_indicator,direction_from_reference,intersection_road_name,intersection_road_name_suffix,intersection_road_number,intersection_local_id,mile_marker,intersection_indicator,intersect_type,interchange_related_indicator,relation_to_junction,work_zone_type,construction_maintenance_zone,construction_maintenance_zone_location,fatal_case_number,officer_first_name,officer_last_name,weather_condition(s),manner_of_crash,pedestrian,bicycle,scooter,parking,hitrun,mou
100936324,METROPOLITAN NASHVILLE POLICE DEPT,2015-0781338,Davidson,Nashville,8/20/2015 3:22:00 AM,1,0,0,36.168590,-86.813230,JEFFERSON ST,,,,38.00,Feet,East,I40 E EXT RAMP,,,,0.00,N,Not at Intersection,Y,Entrance/Exit Ramp Related,None,,,         ,Barry,Scarbrough,Clear,Not Collision with Motor Vehicle in Transport,no,no,no,no,yes,False
100936325,METROPOLITAN NASHVILLE POLICE DEPT,2015-0774115,Davidson,Nashville,8/18/2015 8:13:00 AM,2,1,0,36.153270,-86.769560,2ND AVS,,,,0.00,,,ASH ST,,,,0.00,Y,T-Intersection,Y,Intersection,None,,,         ,Daniel,Massey,Clear,"Sideswipe, Same Direction",no,no,no,no,no,False
100936330,METROPOLITAN NASHVILLE POLICE DEPT,20150781429,Davidson,Not in City Limit,8/20/2015 4:09:00 AM,1,1,0,36.276380,-86.868760,CLARKSVILLE PKE,,,,1770.00,Feet,East,OLD HICKORY BLVD,,,,0.00,N,Not at Intersection,N,Non-Junction,None,,,         ,Eric,Mumaw,Rain,Not Collision with Motor Vehicle in Transport,no,no,no,no,no,False
100936338,METROPOLITAN NASHVILLE POLICE DEPT,20150764998,Davidson,Nashville,8/14/2015 8:47:00 PM,2,0,0,36.061610,-86.644150,HICKORY HIGHLANDS DR,,,,227.00,Feet,East,RURAL HILL RD,,,,0.00,N,Not at Intersection,N,Non-Junction,None,,,         ,Dezmond,Hughes,Clear,"Sideswipe, Opposite Direction",no,no,no,no,yes,False
100936341,METROPOLITAN NASHVILLE POLICE DEPT,20150729034,Davidson,Nashville,8/3/2015 10:28:00 PM,3,0,1,36.169790,-86.746960,S 14TH ST,,,,383.00,Feet,South,SHELBY AVE,,,,0.00,N,Not at Intersection,N,Non-Junction,None,,,15-0489  ,Kevin,Coleman,Clear,Angle,no,no,no,no,no,False
100936347,METROPOLITAN NASHVILLE POLICE DEPT,20150781220,Davidson,Nashville,8/20/2015 2:08:00 AM,1,0,0,36.250780,-86.742520,DUE WEST AVE N,,,,129.00,Feet,North,OLD DUE WEST AVE,,,,0.00,N,Not at Intersection,N,Non-Junction,None,,,         ,Ryan,Kozlowski,Rain,Not Collision with Motor Vehicle in Transport,no,no,no,yes,no,False
100936358,METROPOLITAN NASHVILLE POLICE DEPT,20150781735,Davidson,Nashville,8/20/2015 6:55:00 AM,2,0,0,36.169470,-86.580740,I 40,,,,0.00,,,,,,,221.95,N,Not at Intersection, ,Non-Junction,None,,,         ,Jonathan,Seidl,Rain,"Sideswipe, Same Direction",no,no,no,no,no,False
100936360,METROPOLITAN NASHVILLE POLICE DEPT,20150781698,Davidson,Nashville,8/20/2015 6:28:00 AM,2,0,0,36.154950,-86.788180,13TH AVS,,,,0.00,,,MCGAVOCK ST,,,,0.00,Y,OTHER,N,Intersection-Related,None,,,         ,Trent,Craig,Cloudy,Front to Rear,no,no,no,no,no,False
100936362,METROPOLITAN NASHVILLE POLICE DEPT,2015-0781833,Davidson,Not in City Limit,8/20/2015 7:44:00 AM,2,0,0,36.094080,-86.937730,I 40,,,,0.00,,,,,,,197.75,N,Not at Intersection, ,,None,,,         ,Curtis,Rich,,,no,no,no,no,no,False
100936363,METROPOLITAN NASHVILLE POLICE DEPT,20150778058,Davidson,Not in City Limit,8/19/2015 7:35:00 AM,2,0,0,36.303330,-86.806670,LICKTON PKE,,,,0.00,,,CROCKER SPRINGS RD,,,,0.00,Y,OTHER, ,Non-Junction,None,,,         ,Jeffery,Burnette,Cloudy,"Sideswipe, Opposite Direction",no,no,no,no,no,False
100936378,METROPOLITAN NASHVILLE POLICE DEPT,20150781929,Davidson,Nashville,8/20/2015 7:50:00 AM,1,0,0,36.142180,-86.696670,KNIGHTS OF COLUMBUS BLVD,,,,624.00,Feet,South,I40 E ENT RAMP,,,,0.00,N,Not at Intersection, ,Non-Junction,None,,,         ,Larry,Benz,Rain,Not Collision with Motor Vehicle in Transport,no,no,no,no,no,False
100936381,METROPOLITAN NASHVILLE POLICE DEPT,20150781829,Davidson,Nashville,8/20/2015 7:30:00 AM,2,0,0,36.037500,-86.646070,I 24,,,,0.00,,,,,,,60.30,N,Not at Intersection, ,Non-Junction,None,,,         ,Kenneth,Alexandrow,Cloudy,Front to Rear,no,no,no,no,no,False
100936389,METROPOLITAN NASHVILLE POLICE DEPT,20150779162,Davidson,Nashville,8/19/2015 1:35:00 PM,2,0,0,36.050020,-86.649500,MOUNT VIEW RD,,,,0.00,,,STATE HWY 254,,,,0.00,Y,Four-Way,N,Intersection-Related,None,,,         ,Steven,Snitzer,Cloudy,Front to Rear,no,no,no,no,no,False
100936397,METROPOLITAN NASHVILLE POLICE DEPT,20150781787,Davidson,Nashville,8/20/2015 7:15:00 AM,2,1,0,36.056680,-86.667690,MT VIEW RD,,,,1335.00,Feet,West,MOSS RD,,,,0.00,N,Not at Intersection,N,Non-Junction,None,,,         ,Todd,Watson,Cloudy,Front to Rear,no,no,no,no,no,False
100936403,METROPOLITAN NASHVILLE POLICE DEPT,20150781783,Davidson,Nashville,8/20/2015 7:25:00 AM,2,0,0,36.161650,-86.819250,28TH AVE N,,,,2.00,Feet,North,HERMAN ST,,,,0.00,N,Not at Intersection,N,Non-Junction,None,,,         ,Ernie,Wilson,Cloudy,Front to Rear,no,no,no,no,yes,False
100936415,METROPOLITAN NASHVILLE POLICE DEPT,20150782046,Davidson,Nashville,8/20/2015 8:44:00 AM,3,0,0,36.032300,-86.765930,CLOVERLAND DR,,,,169.00,Feet,West,FREDERICKSBURG WAY E,,,,0.00,N,Not at Intersection, ,Non-Junction,None,,,         ,Nathan,Kemp,Clear,Front to Rear,no,no,no,no,no,False
100936417,METROPOLITAN NASHVILLE POLICE DEPT,20150781831,Davidson,Nashville,8/20/2015 7:41:00 AM,2,2,0,0.000000,0.000000,CANE RIDGE,RD,,,200.00,Feet,West,BLAIRFIELD,DR,,,0.00,N,Not at Intersection,N,Non-Junction,None,,,         ,Randall,Combs,Rain,Angle,no,no,no,no,no,False
100936421,METROPOLITAN NASHVILLE POLICE DEPT,20150755592,Davidson,Nashville,8/10/2015 4:15:00 PM,2,0,0,36.153920,-86.837310,I 40,,,,0.00,,,,,,,205.10,N,Not at Intersection,N,Non-Junction,None,,,         ,Joseph,Jakes,Unknown,Front to Rear,no,no,no,no,yes,False
100936433,METROPOLITAN NASHVILLE POLICE DEPT,20150781763,Davidson,Nashville,8/20/2015 7:05:00 AM,2,0,0,36.141920,-86.640040,ELM HILL PKE,,,,166.00,Feet,East,TIMBER VALLEY DR,,,,0.00,N,Not at Intersection,N,Non-Junction,None,,,         ,David,Snowden,Clear,Angle,no,no,no,no,no,False
100936434,METROPOLITAN NASHVILLE POLICE DEPT,20150779208,Davidson,Nashville,8/19/2015 2:05:00 PM,2,0,0,36.135120,-86.811380,NATCHEZ TRC,,,,0.00,,,FAIRFAX AV,,,,0.00,Y,Four-Way,N,Intersection,None,,,         ,Donald,Davidson,Cloudy,Angle,no,no,no,no,no,Campus
100936437,METROPOLITAN NASHVILLE POLICE DEPT,20150782221,Davidson,Nashville,8/20/2015 8:28:00 AM,2,0,0,36.040010,-86.743490,EDMONDSON PIKE,,,,0.00,,,STATE HWY 254,,,,0.00,Y,Four-Way, ,Intersection-Related,None,,,         ,Nathan,Kemp,Clear,Front to Rear,no,no,no,no,no,False
100936440,METROPOLITAN NASHVILLE POLICE DEPT,2015-0781826,Davidson,Nashville,8/20/2015 7:40:00 AM,2,0,0,36.213690,-86.838270,CLARKSVILLE PKE,,,,259.00,Feet,South,CEDAR CIR,,,,0.00,N,Not at Intersection,N,Non-Junction,None,,,         ,William,Caillouette,Cloudy,Front to Rear,no,no,no,no,no,False
100936452,METROPOLITAN NASHVILLE POLICE DEPT,20150781838,Davidson,Nashville,8/20/2015 7:30:00 AM,3,0,0,36.072660,-86.691690,I 24,,,,0.00,,,,,,,56.75,N,Not at Intersection,N,Non-Junction,None,,,         ,Brian,Penny,Cloudy,Front to Rear,no,no,no,no,no,False
100936454,METROPOLITAN NASHVILLE POLICE DEPT,20150781983,Davidson,Nashville,8/20/2015 7:21:00 AM,1,0,0,36.074230,-86.693450,LINBAR DR,,,,350.00,Feet,North,MELMACK DR,,,,0.00,N,Not at Intersection,N,Non-Junction,None,,,         ,Brian,Lamb,Rain,Not Collision with Motor Vehicle in Transport,no,no,no,no,no,False
100936458,THP District 9 - Administrative,315043007,Davidson,Nashville,8/20/2015 8:10:00 AM,2,2,0,36.156800,-86.618160,BELL RD,,,,0.00,Feet,East,-- UNKNOWN RAMP/ROAD --,,,,0.00,N,Not at Intersection,N,Non-Junction,None,,,         ,Allan,Brenneis,Rain,Front to Rear,no,no,no,no,no,False
100936461,METROPOLITAN NASHVILLE POLICE DEPT,20150782176,Davidson,Not in City Limit,8/20/2015 9:25:00 AM,2,0,0,36.022610,-86.712280,NOLENSVILLE PKE,,,,0.00,,North,PERSIA WAY,,,,0.00,N,Not at Intersection,N,OtherLocation,None,,,         ,David,Smith,Cloudy,Angle,no,no,no,no,no,False
100936462,METROPOLITAN NASHVILLE POLICE DEPT,20150782244,Davidson,Nashville,8/20/2015 12:00:00 AM,2,0,0,36.225380,-86.829760,FARMVIEW DR,,,,545.00,Feet,West,BOBWHITE CT,,,,0.00,N,Not at Intersection, ,Non-Junction,None,,,         ,Ernie,Wilson,Unknown,Unknown,no,no,no,no,yes,False
100936464,METROPOLITAN NASHVILLE POLICE DEPT,2015-0782255,Davidson,Nashville,8/20/2015 10:00:00 AM,2,0,0,36.148330,-86.876000,I 40,,,,0.00,,,,,,,202.90,N,Not at Intersection, ,Non-Junction,None,,,         ,Curtis,Rich,Clear,"Sideswipe, Same Direction",no,no,no,no,no,False
100936465,METROPOLITAN NASHVILLE POLICE DEPT,20150782190,Davidson,Not in City Limit,8/20/2015 9:15:00 AM,2,0,0,36.045000,-86.953220,HIGHWAY 100,,,,804.00,Feet,West,TEMPLE RD,,,,0.00,N,Not at Intersection, ,Non-Junction,None,,,         ,Wesley,Tilley,Clear,Unknown,no,no,no,yes,yes,False
100936467,METROPOLITAN NASHVILLE POLICE DEPT,2015-0781769,Davidson,Nashville,8/20/2015 7:20:00 AM,2,0,0,36.181060,-86.767680,BERRY ST,,,,0.00,,,N 3RD ST,,,,0.00,Y,T-Intersection, ,Intersection,None,,,         ,Coleman,Womack,Cloudy,Angle,no,no,no,no,no,False
100936470,METROPOLITAN NASHVILLE POLICE DEPT,20150782278,Davidson,Nashville,8/20/2015 9:40:00 AM,2,0,0,36.206850,-86.605630,HIGHLAND VIEW DR,,,,0.00,,,ANDREW JACKSON PKWY,,,,0.00,Y,Four-Way, ,,None,,,         ,Phillip,Black,,,no,no,no,no,no,False
100936471,METROPOLITAN NASHVILLE POLICE DEPT,2015-0782143,Davidson,Nashville,8/20/2015 9:00:00 AM,2,0,0,36.123170,-86.806640,I 440,,,,0.00,,,,,,,2.70,N,Not at Intersection,N,Non-Junction,None,,,         ,Emily,Davies,Cloudy,Front to Rear,no,no,no,no,no,False
100936473,THP District 9 - Administrative,301542955,Davidson,Nashville,8/19/2015 6:09:00 PM,2,0,0,36.154940,-86.788820,I 40,,,,0.00,,,,,,,209.20,N,Not at Intersection, ,Entrance/Exit Ramp Related,None,,,         ,Brian,Carmouche,Rain,"Sideswipe, Same Direction",no,no,no,no,no,False
100936478,METROPOLITAN NASHVILLE POLICE DEPT,20150782292,Davidson,Nashville,8/20/2015 10:05:00 AM,2,0,0,36.115880,-86.796420,I 440,,,,0.00,,,,,,,3.60,N,Not at Intersection,N,Non-Junction,None,,,         ,Thomas,West,Clear,Front to Rear,no,no,no,no,no,False
100936481,METROPOLITAN NASHVILLE POLICE DEPT,2015-0781930,Davidson,Nashville,8/20/2015 8:05:00 AM,2,0,0,36.167580,-86.748540,SEVIER ST,,,,0.00,,,S 13TH ST,,,,0.00,Y,Four-Way, ,Intersection,None,,,         ,Coleman,Womack,Cloudy,Angle,no,no,no,no,no,False
100936488,METROPOLITAN NASHVILLE POLICE DEPT,2015-0781871,Davidson,Nashville,8/20/2015 7:50:00 AM,2,0,0,36.218810,-86.716210,GREENLAND AV,,,,288.00,Feet,East,KENNEDY AV,,,,0.00,N,Not at Intersection,N,Non-Junction,None,,,         ,Coleman,Womack,Cloudy,Not Collision with Motor Vehicle in Transport,no,no,no,no,no,False
100936489,METROPOLITAN NASHVILLE POLICE DEPT,2015-0779792,Davidson,Nashville,8/19/2015 5:14:00 PM,2,0,0,36.123480,-86.849740,HARDING PKE,,,,306.00,Feet,West,ROYAL OAKS CONDOS PVTDR,,,,0.00,N,Not at Intersection, ,Non-Junction,None,,,         ,Walter,Gray II,Cloudy,Front to Rear,no,no,no,no,no,False
100936498,METROPOLITAN NASHVILLE POLICE DEPT,20150782414,Davidson,Nashville,8/20/2015 10:50:00 AM,2,0,0,36.148320,-86.780030,I 65,,,,0.00,,,,,,,82.40,N,Not at Intersection, ,Entrance/Exit Ramp Related,None,,,         ,Gregory,Lindstrom,Clear,"Sideswipe, Same Direction",no,no,no,no,no,False
100936499,METROPOLITAN NASHVILLE POLICE DEPT,20150781745,Davidson,Nashville,8/20/2015 6:51:00 AM,3,1,0,36.074210,-86.663370,PEBBLE CREEK CIR,,,,47.00,Feet,West,UNA ANTIOCH PIKE,,,,0.00,N,Not at Intersection,N,Non-Junction,None,,,         ,Megan,Arnett,Clear,Front to Rear,no,no,no,no,yes,False
100936509,METROPOLITAN NASHVILLE POLICE DEPT,20150782296,Davidson,Nashville,8/20/2015 10:18:00 AM,1,0,0,36.074170,-86.737510,BLACKMAN RD,,,,85.00,Feet,East,SHADESCREST DR,,,,0.00,N,Not at Intersection,N,Non-Junction,None,,,         ,Nathan,Kemp,Clear,Not Collision with Motor Vehicle in Transport,no,no,no,no,yes,False
100936514,METROPOLITAN NASHVILLE POLICE DEPT,20150779815,Davidson,Nashville,8/19/2015 5:15:00 PM,2,0,0,36.193100,-86.802180,US HWY 41 ALT,,,,0.00,,,RAMP,,,,0.00,Y,Four-Way, ,Intersection,None,,,         ,Ernesto,Holiday,Rain,Front to Rear,no,no,no,no,no,False
100936515,METROPOLITAN NASHVILLE POLICE DEPT,20150781757,Davidson,Nashville,8/20/2015 7:00:00 AM,2,0,0,36.060590,-86.747030,MARCHANT DR,,,,1124.00,Feet,East,ELLINGTON AG CENTER PVTDR,,,,0.00,N,Not at Intersection,N,Non-Junction,None,,,         ,Daniel,Russett,Cloudy,"Sideswipe, Opposite Direction",no,no,no,no,no,False
100936520,METROPOLITAN NASHVILLE POLICE DEPT,20150782558,Davidson,Nashville,8/20/2015 12:00:00 AM,2,0,0,36.143260,-86.792100,EDGEHILL AV,,,,67.00,Feet,West,VILLA PL,,,,0.00,N,Not at Intersection, ,Non-Junction,None,,,         ,Thomas,West,Clear,Front to Rear,no,no,no,no,no,False
100936530,METROPOLITAN NASHVILLE POLICE DEPT,20150782519,Davidson,Nashville,8/20/2015 11:35:00 AM,2,1,0,36.202480,-86.820460,BUENA VISTA PIKE,,,,69.00,Feet,South,W TRINITY LN,,,,0.00,N,Not at Intersection,N,Non-Junction,None,,,         ,Ernie,Wilson,Clear,Front to Rear,no,no,no,no,no,False
100936549,METROPOLITAN NASHVILLE POLICE DEPT,20150763515,Davidson,Nashville,8/14/2015 1:41:00 PM,2,0,0,36.092570,-86.735840,US HWY 31 ALT,,,,314.00,Feet,South,MCNALLY DR,,,,0.00,N,Not at Intersection, ,Non-Junction,None,,,         ,Nathan,Kemp,Clear,"Sideswipe, Opposite Direction",no,no,no,no,no,False
100936552,METROPOLITAN NASHVILLE POLICE DEPT,2015-0782380,Davidson,Nashville,8/20/2015 10:50:00 AM,2,0,0,36.150360,-86.868510,I 40,,,,0.00,,,,,,,203.30,N,Not at Intersection,N,Non-Junction,None,,,         ,Walter,Gray II,Clear,Not Collision with Motor Vehicle in Transport,no,no,no,no,yes,False
100936554,METROPOLITAN NASHVILLE POLICE DEPT,20150782302,Davidson,Nashville,8/20/2015 10:22:00 AM,2,0,0,36.138540,-86.819960,US HWY 70S,,,,312.00,Feet,North,-- UNKNOWN RAMP/ROAD --,,,,0.00,N,Not at Intersection, ,Non-Junction,None,,,         ,Phillip,Murphy,Clear,"Sideswipe, Same Direction",no,no,no,no,no,False
100936570,METROPOLITAN NASHVILLE POLICE DEPT,2015-0782035,Davidson,Nashville,8/20/2015 8:42:00 AM,2,0,0,36.234200,-86.720280,BRILEY PKWYE,,,,0.00,,,BRILEY PKWY E ENT RAMP,,,,0.00,Y,OTHER, ,Entrance/Exit Ramp Related,None,,,         ,Alex,Moore,Clear,"Sideswipe, Same Direction",no,no,no,no,no,False
100936571,Nashville Airport Police,2015-01830,Davidson,Nashville,8/17/2015 7:47:00 PM,2,1,0,0.000000,0.000000,DONELSON PIKE,PIKE,SR255,,25.00,Miles,North,,,,,1.00,N,Not at Intersection,N,Unknown,None,,,         ,Len,Sangster Jr,Clear,"Sideswipe, Opposite Direction",no,no,no,no,no,False
100936574,METROPOLITAN NASHVILLE POLICE DEPT,20150781896,Davidson,Nashville,8/20/2015 8:02:00 AM,2,2,0,36.124620,-86.806860,-- UNKNOWN RAMP/ROAD --,,,,0.00,Feet,East,I 440,,,,0.00,N,Not at Intersection,N,Entrance/Exit Ramp Related,None,,,         ,Phillip,Murphy,Cloudy,Front to Rear,no,no,no,no,no,False
100936578,METROPOLITAN NASHVILLE POLICE DEPT,20150782158,Davidson,Nashville,8/20/2015 9:14:00 AM,2,0,0,36.121990,-86.804010,I440 W EXT RAMP,,,,0.00,Feet,East,I 440,,,,0.00,N,Not at Intersection, ,Entrance/Exit Ramp Related,None,,,         ,Erik,Wagner,Cloudy,Front to Rear,no,no,no,no,no,False
100936580,METROPOLITAN NASHVILLE POLICE DEPT,2015-0778943,Davidson,Nashville,8/19/2015 12:40:00 PM,2,0,0,36.047040,-86.655370,HICKORY HOLLOW PKWY,,,,247.00,Feet,South,BELL RD,,,,0.00,N,Not at Intersection, ,"Driveway, Alley Access, etc",None,,,         ,William,Whitworth,Clear,Front to Rear,no,no,no,no,no,False
100936581,METROPOLITAN NASHVILLE POLICE DEPT,2015-0781716,Davidson,Not in City Limit,8/20/2015 6:19:00 AM,1,0,0,36.004230,-86.626670,OLD HICKORY BLVD,,,,0.00,Feet,,BATTLE RD,,,,0.00,Y,T-Intersection,N,Intersection,None,,,         ,William,Whitworth,Rain,Not Collision with Motor Vehicle in Transport,no,no,no,no,no,False
100936583,METROPOLITAN NASHVILLE POLICE DEPT,2015-0781988,Davidson,Nashville,8/20/2015 7:53:00 AM,2,0,0,36.025400,-86.663730,PRESTON RD,,,,312.00,Feet,East,PETTUS RD,,,,0.00,N,Not at Intersection,N,Non-Junction,None,,,         ,William,Whitworth,Cloudy,Front to Rear,no,no,no,no,yes,False
100936584,METROPOLITAN NASHVILLE POLICE DEPT,2015-0782100,Davidson,Nashville,8/20/2015 8:58:00 AM,2,1,0,36.049840,-86.562440,ANNDERSON,RD,,,108.00,Feet,West,TOWNE VILLAGE,RD,,,0.00,N,Not at Intersection,N,Non-Junction,None,,,         ,William,Whitworth,Cloudy,"Sideswipe, Opposite Direction",no,no,no,no,yes,False
100936592,METROPOLITAN NASHVILLE POLICE DEPT,20150782348,Davidson,Nashville,8/20/2015 10:35:00 AM,2,0,0,36.156770,-86.796610,17TH AVE N,,,,0.00,Feet,East,STATE ST,,,,0.00,N,Not at Intersection,N,Non-Junction,None,,,         ,Paul,Joyner,Clear,Angle,no,no,no,no,no,False
100936597,METROPOLITAN NASHVILLE POLICE DEPT,20150782468,Davidson,Nashville,8/20/2015 11:00:00 AM,2,0,0,36.156010,-86.788830,13TH AVE S,,,,0.00,,,US HWY 70,,,,0.00,Y,T-Intersection, ,Intersection,None,,,         ,Randal,Owsley,Clear,Angle,no,no,no,no,no,False
100936598,METROPOLITAN NASHVILLE POLICE DEPT,20150782199,Davidson,Nashville,8/20/2015 9:26:00 AM,2,0,0,36.074720,-86.635010,BELL RD,,,,0.00,,,ANDERSON RD,,,,0.00,Y,T-Intersection,N,Non-Junction,None,,,         ,Jose,Salazar,Clear,Front to Rear,no,no,no,no,no,False
100936605,METROPOLITAN NASHVILLE POLICE DEPT,20150782863,Davidson,Nashville,8/20/2015 1:15:00 PM,2,0,0,36.076000,-86.725220,NOLENSVILLE PKE,,,,355.00,Feet,North,FLORA MAXWELL RD,,,,0.00,N,Not at Intersection, ,,None,,,         ,Megan,Arnett,,,no,no,no,no,no,False
100936606,METROPOLITAN NASHVILLE POLICE DEPT,20150782502,Davidson,Nashville,8/20/2015 10:00:00 AM,1,0,0,36.242030,-86.770070,STOCKDALE LN,,,,0.00,,,MASONWOOD DR,,,,0.00,Y,OTHER,N,Non-Junction,None,,,         ,Jeffery,Burnette,Clear,Not Collision with Motor Vehicle in Transport,no,no,no,no,yes,False
100936613,METROPOLITAN NASHVILLE POLICE DEPT,2015-0782911,Davidson,Nashville,8/20/2015 2:09:00 PM,2,0,0,36.192320,-86.829050,CLARKSVILLE PKE,,,,0.00,,,CLIFF DR,,,,0.00,Y,OTHER, ,Non-Junction,None,,,         ,William,Caillouette,Clear,Front to Rear,no,no,no,no,no,False
100936620,METROPOLITAN NASHVILLE POLICE DEPT,20150780264,Davidson,Goodlettsville,8/19/2015 7:54:00 PM,2,2,0,36.293140,-86.702350,RIVERGATE STATION PVTDR,,,,0.00,,,GALLATIN PKEN,,,,0.00,Y,Four-Way,N,Intersection,None,,,         ,Bradley,Campbell,Rain,Other,no,no,no,no,yes,False
100936622,METROPOLITAN NASHVILLE POLICE DEPT,2015-0778733,Davidson,Nashville,8/19/2015 11:06:00 AM,2,0,0,36.046020,-86.657930,BELL RD,,,,0.00,,,COLLINS PARK DR,,,,0.00,Y,Four-Way, ,Intersection,None,,,         ,William,Whitworth,Clear,Front to Rear,no,no,no,no,no,False
100936623,METROPOLITAN NASHVILLE POLICE DEPT,2015-0779216,Davidson,Nashville,8/19/2015 2:05:00 PM,2,2,0,36.045370,-86.713260,OLD HICKORY BLVD,,,,0.00,,,NOLENSVILLE PKE,,,,0.00,Y,Four-Way,N,Intersection,None,,,         ,William,Whitworth,Clear,Front to Rear,no,no,no,no,no,False
100936638,METROPOLITAN NASHVILLE POLICE DEPT,20150783006,Davidson,Nashville,8/20/2015 2:56:00 PM,2,0,0,36.121700,-86.754680,I 440,,,,0.00,,,,,,,6.10,N,Not at Intersection, ,Non-Junction,None,,,         ,Tien,Nguyen,Clear,Front to Rear,no,no,no,no,no,False
100936639,METROPOLITAN NASHVILLE POLICE DEPT,20150782790,Davidson,Nashville,8/20/2015 1:15:00 PM,2,0,0,36.126960,-86.803310,BEECHWOOD AV,,,,206.00,Feet,East,21ST AVS,,,,0.00,N,Not at Intersection, ,Non-Junction,None,,,         ,Charles,Griffin,Clear,"Sideswipe, Same Direction",no,no,no,no,yes,False
100936643,METROPOLITAN NASHVILLE POLICE DEPT,20150782976,Davidson,Nashville,8/20/2015 2:50:00 PM,2,0,0,36.040480,-86.745440,STATE HWY 254,,,,601.00,Feet,West,EDMONDSON PIKE,,,,0.00,N,Not at Intersection, ,Non-Junction,None,,,         ,Ricki,Armstrong,Clear,Front to Rear,no,no,no,no,no,False
100936651,METROPOLITAN NASHVILLE POLICE DEPT,20150780390,Davidson,Nashville,8/19/2015 8:42:00 PM,2,1,0,36.209010,-86.775900,I65 N ENT RAMP,,,,0.00,,,I 65,,,,0.00,Y,OTHER,Y,Non-Junction,Construction Zone,,,         ,Charles,Wakefield,Rain,"Sideswipe, Same Direction",no,no,no,no,no,False
100936657,METROPOLITAN NASHVILLE POLICE DEPT,20150783136,Davidson,Nashville,8/20/2015 3:20:00 PM,2,0,0,36.154870,-86.586530,JOHN HAGAR RD,,,,0.00,,,S NEW HOPE RD,,,,0.00,Y,Four-Way, ,,None,,,         ,Shawn,Taylor,,,no,no,no,no,no,False
100936658,METROPOLITAN NASHVILLE POLICE DEPT,20150772055,Davidson,Nashville,8/17/2015 4:50:00 PM,2,0,0,36.096150,-86.737670,NOLENSVILLE PKE,,,,0.00,,,ALLIED DR,,,,0.00,Y,T-Intersection, ,Non-Junction,None,,,         ,Miguel,Garcia,Clear,"Sideswipe, Same Direction",no,no,no,no,no,False
100936660,METROPOLITAN NASHVILLE POLICE DEPT,20150779546,Davidson,Nashville,8/19/2015 3:55:00 PM,2,0,0,36.044770,-86.661510,STATE HWY 254,,,,0.00,,,CANE RIDGE RD,,,,0.00,Y,Four-Way,N,Intersection,None,,,         ,Oscar,Gomez,Rain,"Sideswipe, Same Direction",no,no,no,no,no,False
100936666,METROPOLITAN NASHVILLE POLICE DEPT,20150782269,Davidson,Nashville,8/20/2015 10:03:00 AM,2,1,0,36.153820,-86.756080,US HWY 70,,,,0.00,,,FAIRFIELD AVE,,,,0.00,Y,Four-Way,N,Non-Junction,None,,,         ,Spencer,Harris,Clear,Other,no,no,no,no,no,False
100936684,METROPOLITAN NASHVILLE POLICE DEPT,20150783139,Davidson,Nashville,8/20/2015 3:43:00 PM,2,0,0,36.038210,-86.800900,OLD HICKORY BLVD,,,,0.00,,,WESTPARK DR,,,,0.00,Y,T-Intersection, ,Intersection-Related,None,,,         ,Tien,Nguyen,Clear,"Sideswipe, Same Direction",no,no,no,no,no,False
100936699,METROPOLITAN NASHVILLE POLICE DEPT,20150783142,Davidson,Nashville,8/20/2015 3:40:00 PM,3,0,0,36.140730,-86.732280,I 40,,,,0.00,,,,,,,213.00,N,Not at Intersection,N,Non-Junction,None,,,         ,Tyler,Conrads,Clear,Front to Rear,no,no,no,no,no,False
100936705,METROPOLITAN NASHVILLE POLICE DEPT,20150783172,Davidson,Nashville,8/20/2015 3:40:00 PM,2,0,0,36.109690,-86.811580,US HWY 431,,,,204.00,Feet,North,CRESTMOOR RD,,,,0.00,N,Not at Intersection, ,Non-Junction,None,,,         ,Clyde,Stambaugh,Clear,Front to Rear,no,no,no,no,no,False
100936711,METROPOLITAN NASHVILLE POLICE DEPT,20150783334,Davidson,Not in City Limit,8/20/2015 4:20:00 PM,2,0,0,36.324220,-86.868420,US HWY 431,,,,105.00,Feet,North,EXIT 35,,,,0.00,N,Not at Intersection, ,Non-Junction,None,,,         ,Brandon,Evans,Clear,Front to Rear,no,no,no,no,no,False
100936717,METROPOLITAN NASHVILLE POLICE DEPT,20150771295,Davidson,Nashville,8/17/2015 12:20:00 PM,2,0,0,36.148410,-86.761170,US HWY 41,,,,0.00,,,CLAIBORNE ST,,,,0.00,Y,Four-Way, ,Intersection,Construction Zone,,,         ,Jason,Smith,Rain,Front to Rear,no,no,no,no,no,False
100936720,METROPOLITAN NASHVILLE POLICE DEPT,20150783292,Davidson,Nashville,8/20/2015 4:16:00 PM,2,0,0,36.105340,-86.801140,BELMONT BLVD,,,,0.00,,,BURTON AVE,,,,0.00,Y,T-Intersection, ,Non-Junction,None,,,         ,Jacob,Crouch,Clear,Front to Rear,no,no,no,no,no,False