master_record_number,agency,agency_tracking_number,county,city,collision_date,vehicles_involved,number_injured,number_dead,latitude,longitude,roadway_name,roadway_suffix,roadway_number,roadway_local_id,distance_from_reference,miles-feet_indicator,direction_from_reference,intersection_road_name,intersection_road_name_suffix,intersection_road_number,intersection_local_id,mile_marker,intersection_indicator,intersect_type,interchange_related_indicator,relation_to_junction,work_zone_type,construction_maintenance_zone,construction_maintenance_zone_location,fatal_case_number,officer_first_name,officer_last_name,weather_condition(s),manner_of_crash,pedestrian,bicycle,scooter,parking,hitrun,mou
100936723,METROPOLITAN NASHVILLE POLICE DEPT,20150783205,Davidson,Nashville,8/20/2015 4:01:00 PM,2,0,0,36.114600,-86.747120,CENTRAL AVE,,,,0.00,Feet,,US HWY 31 ALT,,,,0.00,Y,T-Intersection, ,Non-Junction,None,,,         ,Nicholas,Smith,Clear,Angle,no,no,no,no,no,False
100936724,METROPOLITAN NASHVILLE POLICE DEPT,20150783310,Davidson,Nashville,8/20/2015 4:13:00 PM,3,0,0,36.114010,-86.792210,CLIFTON LN,,,,0.00,,,GRANNY WHITE PIKE,,,,0.00,Y,Four-Way,N,Intersection,None,,,         ,Clyde,Stambaugh,Clear,Angle,no,no,no,no,no,False
100936729,METROPOLITAN NASHVILLE POLICE DEPT,20150782930,Davidson,Nashville,8/20/2015 2:15:00 PM,2,0,0,36.143330,-86.737140,I 40,,,,0.00,,,,,,,212.70,N,Not at Intersection,N,Non-Junction,None,,,         ,Khalid,Abbady,Clear,Front to Rear,no,no,no,no,no,False
100936730,METROPOLITAN NASHVILLE POLICE DEPT,20150783521,Davidson,Nashville,8/20/2015 5:32:00 PM,2,0,0,36.157270,-86.770130,US HWY 70,,,,134.00,Feet,East,PEABODY ST,,,,0.00,N,Not at Intersection, ,Non-Junction,None,,,         ,Derek,Betty,Clear,"Sideswipe, Same Direction",no,no,no,no,no,False
100936735,METROPOLITAN NASHVILLE POLICE DEPT,20150783028,Davidson,Nashville,8/20/2015 3:07:00 PM,2,1,0,36.256190,-86.714390,NEELYS BEND RD,,,,0.00,,,GALLATIN PKES,,,,0.00,Y,T-Intersection,N,Intersection-Related,None,,,         ,Samuel,Miller,Clear,Front to Rear,no,no,no,no,no,False
100936742,METROPOLITAN NASHVILLE POLICE DEPT,20150783424,Davidson,Nashville,8/20/2015 5:36:00 PM,2,0,0,36.157070,-86.790370,I 40,,,,0.00,,,,,,,209.00,N,Not at Intersection, ,,None,,,         ,Mekisha,Page,,,no,no,no,no,no,False
100936743,METROPOLITAN NASHVILLE POLICE DEPT,2015-0783596,Davidson,Nashville,8/20/2015 5:18:00 PM,2,0,0,36.157150,-86.848850,51ST AVN,,,,171.00,Feet,South,ILLINOIS AV,,,,0.00,N,Not at Intersection, ,Non-Junction,None,,,         ,Walter,Gray II,Clear,Front to Rear,no,no,no,no,no,False
100936744,METROPOLITAN NASHVILLE POLICE DEPT,20150783607,Davidson,Nashville,8/20/2015 6:06:00 PM,2,0,0,36.208200,-86.767410,US HWY 31W,,,,0.00,,,GRIZZARD AVE,,,,0.00,Y,T-Intersection,N,Intersection-Related,None,,,         ,Paul,Stein,Clear,Angle,no,no,no,no,yes,False
100936746,METROPOLITAN NASHVILLE POLICE DEPT,2015-0780654,Davidson,Nashville,8/19/2015 10:30:00 PM,2,0,0,36.045460,-86.712240,OLD HICKORY BLVD,,,,400.00,Feet,East,NOLENSVILLE PKE,,,,0.00,N,Not at Intersection, ,Non-Junction,None,,,         ,William,King,Rain,"Sideswipe, Same Direction",no,no,no,no,no,False
100936747,METROPOLITAN NASHVILLE POLICE DEPT,2015-0783061,Davidson,Nashville,8/20/2015 3:16:00 PM,2,0,0,36.014820,-86.725510,HOLT,RD,,,50.00,Feet,West,HOLT HILLS,RD,,,0.00,N,Not at Intersection,N,Non-Junction,None,,,         ,William,King,Clear,Front to Rear,no,no,no,no,no,False
100936748,METROPOLITAN NASHVILLE POLICE DEPT,20150783294,Davidson,Nashville,8/20/2015 4:20:00 PM,2,0,0,36.097440,-86.823490,BURTON HILLS BLVD,,,,0.00,,,US HWY 431,,,,0.00,Y,T-Intersection, ,Non-Junction,None,,,         ,Jacob,Crouch,Clear,Front to Rear,no,no,no,no,no,False
100936751,METROPOLITAN NASHVILLE POLICE DEPT,20150783590,Davidson,Nashville,8/20/2015 5:30:00 PM,2,1,0,36.171230,-86.799620,JEFFERSON ST,,,,136.00,Feet,West,12TH AVE N,,,,0.00,N,Not at Intersection,Y,Non-Junction,None,,,         ,Jeffrey,Barfield,Clear,Front to Rear,no,no,no,no,no,False
100936752,METROPOLITAN NASHVILLE POLICE DEPT,20150783516,Davidson,Nashville,8/20/2015 5:21:00 PM,2,0,0,36.139270,-86.775930,I 65,,,,0.00,,,,,,,81.75,N,Not at Intersection, ,Non-Junction,None,,,         ,Tien,Nguyen,Clear,Front to Rear,no,no,no,no,no,False
100936753,METROPOLITAN NASHVILLE POLICE DEPT,20150783673,Davidson,Nashville,8/20/2015 6:34:00 PM,2,0,0,36.158650,-86.793960,15TH AVN,,,,0.00,,,HYNES ST,,,,0.00,Y,Four-Way, ,Intersection-Related,None,,,         ,Tien,Nguyen,Clear,Angle,no,no,no,no,no,False
100936767,METROPOLITAN NASHVILLE POLICE DEPT,20150783087,Davidson,Nashville,8/20/2015 3:20:00 PM,2,0,0,36.184910,-86.609850,ANDREW JACKSON PKWY,,,,516.00,Feet,North,OLD HICKORY BLVD,,,,0.00,N,Not at Intersection,N,Non-Junction,None,,,         ,Codey,Mullins,Clear,Front to Rear,no,no,no,no,no,False
100936769,METROPOLITAN NASHVILLE POLICE DEPT,20150783523,Davidson,Nashville,8/20/2015 5:25:00 PM,2,1,0,36.234320,-86.811730,-- UNKNOWN RAMP/ROAD --,,,,0.00,,,STATE HWY 155,,,,0.00,Y,OTHER,N,Entrance/Exit Ramp Related,None,,,         ,Robert,Erickson,Clear,Front to Rear,no,no,no,no,no,False
100936771,METROPOLITAN NASHVILLE POLICE DEPT,20150783024,Davidson,Nashville,8/20/2015 2:59:00 PM,2,0,0,36.107260,-86.719650,I 24,,,,0.00,,,,,,,53.90,N,Not at Intersection,N,Non-Junction,None,,,         ,Jessie,Meadows,Clear,Front to Rear,no,no,no,no,no,False
100936772,METROPOLITAN NASHVILLE POLICE DEPT,20150782987,Davidson,Nashville,8/20/2015 3:59:00 PM,3,0,0,36.145650,-86.764660,2ND AVS,,,,34.00,Feet,South,CHESTNUT ST,,,,0.00,N,Not at Intersection,N,Non-Junction,None,,,         ,Jessie,Meadows,Clear,Angle,no,no,no,no,yes,False
100936773,METROPOLITAN NASHVILLE POLICE DEPT,20150783346,Davidson,Nashville,8/20/2015 5:23:00 PM,2,0,0,36.110310,-86.719690,BRILEY PKWYS,,,,31.00,Feet,West,BRILEY PKWY S ENT RAMP,,,,0.00,N,Not at Intersection, ,Non-Junction,None,,,         ,Jessie,Meadows,Clear,"Sideswipe, Same Direction",no,no,no,no,no,False
100936774,METROPOLITAN NASHVILLE POLICE DEPT,20150783564,Davidson,Nashville,8/20/2015 6:11:00 PM,1,0,0,36.108830,-86.709060,CURREY RD,,,,121.00,Feet,North,FINLEY DR,,,,0.00,N,Not at Intersection,N,Non-Junction,None,,,         ,Jessie,Meadows,Clear,Not Collision with Motor Vehicle in Transport,no,no,no,no,no,False
100936776,METROPOLITAN NASHVILLE POLICE DEPT,20150783695,Davidson,Nashville,8/20/2015 7:27:00 PM,2,0,0,36.162000,-86.664100,STATE HWY 255,,,,389.00,Feet,South,COLONIAL CIR,,,,0.00,N,Not at Intersection, ,,None,,,         ,Timothy,Mead,,,no,no,no,no,no,False
100936778,METROPOLITAN NASHVILLE POLICE DEPT,20150771615,Davidson,Nashville,8/17/2015 2:20:00 PM,2,0,0,36.173680,-86.605450,RAMP,,,,0.00,,,STATE HWY 265,,,,0.00,Y,Four-Way, ,Intersection,None,,,         ,Jason,Smith,Cloudy,Front to Rear,no,no,no,no,no,False
100936785,METROPOLITAN NASHVILLE POLICE DEPT,20150783793,Davidson,Nashville,8/20/2015 7:18:00 PM,2,0,0,36.115920,-86.798620,BATTLEFIELD DR,,,,0.00,,,BELMONT BLVD,,,,0.00,Y,Four-Way,N,Intersection-Related,None,,,         ,Tien,Nguyen,Clear,Angle,no,no,no,no,no,False
100936788,METROPOLITAN NASHVILLE POLICE DEPT,20150783714,Davidson,Nashville,8/20/2015 6:38:00 PM,2,0,0,36.192140,-86.739720,DOUGLAS AV,,,,0.00,,,CHAPEL AV,,,,0.00,Y,Four-Way, ,Intersection,None,,,         ,Rachael,Sacco,Clear,Angle,no,no,no,no,no,False
100936794,BERRY HILL POLICE DEPT,15-3286,Davidson,Berry Hill,8/19/2015 12:00:00 AM,2,0,0,36.123480,-86.765650,BRANSFORD AV,,,,0.00,,,FESSEY PARK RD,,,,0.00,Y,T-Intersection, ,Intersection,None,,,         ,John,Gleixner,Rain,Angle,no,no,no,no,no,False
100936798,BERRY HILL POLICE DEPT,15-3310,Davidson,Berry Hill,8/20/2015 6:48:00 PM,2,0,0,36.126080,-86.769070,CRAIGHEAD ST,,,,440.00,Feet,East,OCEANSIDE DR,,,,0.00,N,Not at Intersection, ,Non-Junction,None,,,         ,Greg,Colson,Clear,Angle,no,no,no,no,no,False
100936801,METROPOLITAN NASHVILLE POLICE DEPT,20150783183,Davidson,Nashville,8/20/2015 3:40:00 PM,2,0,0,36.117040,-86.802060,STOKES LN,,,,1.00,Feet,East,BRIGHTWOOD AV,,,,0.00,N,Not at Intersection,N,Non-Junction,None,,,         ,William,Taylor,Clear,Angle,no,no,no,no,no,False
100936805,METROPOLITAN NASHVILLE POLICE DEPT,20150783690,Davidson,Nashville,8/20/2015 5:20:00 PM,2,0,0,36.154180,-86.835110,I 40,,,,0.00,,,,,,,205.20,N,Not at Intersection, ,Non-Junction,None,,,         ,Mark,Hatt,Clear,Front to Rear,no,no,no,no,no,False
100936818,METROPOLITAN NASHVILLE POLICE DEPT,20150766885,Davidson,Madison,8/15/2015 5:00:00 PM,2,0,0,36.263060,-86.681610,STATE HWY 45,,,,213.00,Feet,West,RIO VISTA DR,,,,0.00,N,Not at Intersection, ,Non-Junction,None,,,         ,Carlos,Urrutia,Cloudy,Front to Rear,no,no,no,no,no,False
100936820,METROPOLITAN NASHVILLE POLICE DEPT,20150783700,Davidson,Nashville,8/20/2015 5:20:00 PM,2,1,0,36.112620,-86.811060,US HWY 431,,,,495.00,Feet,South,STATE HWY 155,,,,0.00,N,Not at Intersection,N,Non-Junction,None,,,         ,Zachary,Ronan,Clear,Front to Rear,no,no,no,no,yes,False
100936822,METROPOLITAN NASHVILLE POLICE DEPT,20150784077,Davidson,Nashville,8/20/2015 8:34:00 PM,2,0,0,36.247450,-86.720690,GALLATIN PKES,,,,223.00,Feet,South,DUE WEST AVW,,,,0.00,N,Not at Intersection, ,Non-Junction,None,,,         ,Samuel,Miller,Clear,"Sideswipe, Opposite Direction",no,no,no,no,yes,False
100936837,METROPOLITAN NASHVILLE POLICE DEPT,20150783739,Davidson,Nashville,8/20/2015 7:03:00 PM,2,0,0,36.164910,-86.778160,3RD AVE N,,,,0.00,,,BANK ALY,,,,0.00,Y,T-Intersection,N,Non-Junction,None,,,         ,Michael,Douglas,Clear,Front to Rear,no,no,no,no,yes,False
100936841,METROPOLITAN NASHVILLE POLICE DEPT,20150784099,Davidson,Nashville,8/20/2015 8:42:00 PM,3,2,0,36.045370,-86.713260,NOLENSVILLE PKE,,,,0.00,,,OLD HICKORY BLVD,,,,0.00,Y,T-Intersection,N,Non-Junction,None,,,         ,Mekisha,Page,Clear,Front to Rear,no,no,no,no,yes,False
100936843,METROPOLITAN NASHVILLE POLICE DEPT,20150783843,Davidson,Nashville,8/20/2015 7:30:00 PM,2,3,0,36.183690,-86.808020,CLAY ST,,,,0.00,,,12TH AVE N,,,,0.00,Y,T-Intersection,N,Non-Junction,None,,,         ,Christopher,Littles,Clear,Angle,no,no,no,no,no,False
100936849,METROPOLITAN NASHVILLE POLICE DEPT,20150784033,Davidson,Nashville,8/20/2015 9:01:00 PM,2,0,0,0.000000,0.000000,30TH ST,,,,150.00,Feet,North,ELLIOTT DR,,,,0.00,N,Not at Intersection, ,,None,,,         ,Timothy,Mead,,,no,no,no,no,no,False
100936851,METROPOLITAN NASHVILLE POLICE DEPT,20150780371,Davidson,Nashville,8/19/2015 8:31:00 PM,2,0,0,36.151300,-86.751420,I 40,,,,0.00,,,,,,,211.50,N,Not at Intersection, ,Non-Junction,None,,,         ,Felipe,Pereira,Rain,"Sideswipe, Same Direction",no,no,no,no,no,False
100936852,METROPOLITAN NASHVILLE POLICE DEPT,20150783230,Davidson,Nashville,8/20/2015 4:04:00 PM,2,0,0,36.079030,-86.727920,STATE HWY 255,,,,254.00,Feet,West,RAMP,,,,0.00,N,Not at Intersection,N,Non-Junction,None,,,         ,Eric,Burford,Clear,Angle,no,no,no,no,no,False
100936863,METROPOLITAN NASHVILLE POLICE DEPT,20150783134,Davidson,Antioch,8/20/2015 3:30:00 PM,2,0,0,36.053420,-86.617790,MURFREESBORO RD,,,,2.57,Miles,North,WALDRON RD,,,,0.00,N,Not at Intersection, ,Non-Junction,None,,,         ,Kevin,Keating,Clear,Front to Rear,no,no,no,no,no,False
100936864,METROPOLITAN NASHVILLE POLICE DEPT,20150783291,Davidson,Nashville,8/20/2015 4:23:00 PM,1,1,0,36.142530,-86.800060,21ST AVS,,,,100.00,Feet,South,MEDICAL CENTER DR,,,,0.00,N,Not at Intersection,N,Non-Junction,None,,,         ,Charles,Griffin,Clear,Not Collision with Motor Vehicle in Transport,yes,no,no,no,no,Campus
100936865,METROPOLITAN NASHVILLE POLICE DEPT,20150784432,Davidson,Nashville,8/20/2015 10:32:00 PM,3,0,0,36.155510,-86.796560,CHURCH ST,,,,220.00,Feet,West,17TH AVN,,,,0.00,N,Not at Intersection,N,Non-Junction,None,,,         ,Tien,Nguyen,Clear,Front to Rear,no,no,no,no,no,False
100936883,METROPOLITAN NASHVILLE POLICE DEPT,20150784677,Davidson,Nashville,8/20/2015 11:22:00 PM,2,0,0,36.041670,-86.605470,US HWY 41,,,,172.00,Feet,South,RAMP,,,,0.00,N,Not at Intersection,N,Non-Junction,None,,,         ,Steven,Williams,Clear,Front to Rear,no,no,no,no,no,False
100936889,METROPOLITAN NASHVILLE POLICE DEPT,20150783170,Davidson,Nashville,8/20/2015 2:30:00 PM,2,0,0,36.091420,-86.651400,MURFREESBORO PKE,,,,73.00,Feet,North,BRITISH WOODS DR,,,,0.00,N,Not at Intersection,N,Non-Junction,None,,,         ,Jared,Jenkins,Clear,Angle,no,no,no,no,no,False
100936901,METROPOLITAN NASHVILLE POLICE DEPT,20150784504,Davidson,Nashville,8/20/2015 11:00:00 PM,1,1,0,36.139760,-86.760820,OLD RADNOR CAR LINE RD,,,,0.00,,,US HWY 31 ALT,,,,0.00,Y,T-Intersection,N,Non-Junction,None,,,         ,Charles,Wingo,Clear,Not Collision with Motor Vehicle in Transport,no,no,no,no,no,False
100936925,METROPOLITAN NASHVILLE POLICE DEPT,20150781619,Davidson,Nashville,8/20/2015 5:39:00 AM,3,0,0,36.045420,-86.713170,US HWY 31 ALT,,,,0.00,,,STATE HWY 254,,,,0.00,Y,Four-Way,Y,Intersection,None,,,         ,Erik,Dabbs,Rain,Angle,no,no,no,no,no,False
100936935,METROPOLITAN NASHVILLE POLICE DEPT,20150781596,Davidson,Nashville,8/20/2015 5:10:00 AM,2,0,0,36.160820,-86.793680,EXIT 209,,,,0.00,,,I 40,,,,0.00,Y,T-Intersection, ,,Construction Zone,,,         ,James,Jarvis,,,no,no,no,no,no,False
100936955,METROPOLITAN NASHVILLE POLICE DEPT,20150782864,Davidson,Nashville,8/20/2015 2:31:00 PM,2,0,0,36.163200,-86.761930,I 24,,,,0.00,,,,,,,49.25,N,Not at Intersection, ,Non-Junction,None,,,         ,Joshua,Hollins,Clear,Front to Rear,no,no,no,no,no,False
100936960,METROPOLITAN NASHVILLE POLICE DEPT,20150779172,Davidson,Nashville,8/19/2015 1:50:00 PM,2,0,0,36.041630,-86.747590,STATE HWY 254,,,,130.00,Feet,East,BRENTWOOD MEADOWS CIR,,,,0.00,N,Not at Intersection,N,Non-Junction,None,,,         ,Marc,Haugen,Cloudy,Front to Rear,no,no,no,no,no,False
100936967,METROPOLITAN NASHVILLE POLICE DEPT,20150785500,Davidson,Nashville,8/21/2015 12:00:00 AM,2,0,0,36.182410,-86.836070,BRIARWICK DR,,,,279.00,Feet,South,HINKLE DR,,,,0.00,N,Not at Intersection, ,Non-Junction,None,,,         ,Ernie,Wilson,Clear,Front to Rear,no,no,no,no,yes,False
100936977,METROPOLITAN NASHVILLE POLICE DEPT,20150785440,Davidson,Nashville,8/21/2015 7:43:00 AM,2,0,0,36.234630,-86.766230,I 65,,,,0.00,,,,,,,89.40,N,Not at Intersection, ,Non-Junction,Work Zone,,,         ,Andrew,Ivey,Clear,"Sideswipe, Same Direction",no,no,no,no,no,False
100936978,METROPOLITAN NASHVILLE POLICE DEPT,2015-0782732,Davidson,Nashville,8/20/2015 1:00:00 PM,1,0,0,36.180130,-86.717800,EASTLAND AV,,,,323.00,Feet,South,PRESTON DR,,,,0.00,N,Not at Intersection, ,Non-Junction,None,,,         ,Coleman,Womack,Clear,Not Collision with Motor Vehicle in Transport,no,no,no,no,no,False
100936985,METROPOLITAN NASHVILLE POLICE DEPT,20150785622,Davidson,Nashville,8/21/2015 8:00:00 AM,2,0,0,36.253320,-86.716860,MADISON SQ,,,,40.00,Feet,North,GALLATIN PKES,,,,0.00,N,Not at Intersection, ,Non-Junction,None,,,         ,Jordan,Lowry,Clear,Front to Rear,no,no,no,no,no,False
100936990,METROPOLITAN NASHVILLE POLICE DEPT,20150785550,Davidson,Nashville,8/21/2015 7:30:00 AM,2,0,0,36.188000,-86.629620,LEBANON PKE,,,,120.00,Feet,West,HICKORY HILL LN,,,,0.00,N,Not at Intersection, ,Non-Junction,None,,,         ,Jonathan,Seidl,Clear,Angle,no,no,no,no,no,False
100936996,METROPOLITAN NASHVILLE POLICE DEPT,2015-0785744,Davidson,Nashville,8/21/2015 8:40:00 AM,1,0,0,36.064240,-86.917160,OLD HICKORY BLVD,,,,38.00,Feet,South,S HIGHLANDS DR,,,,0.00,N,Not at Intersection,N,Non-Junction,None,,,         ,Curtis,Rich,Cloudy,Not Collision with Motor Vehicle in Transport,no,no,no,no,no,False
100937005,METROPOLITAN NASHVILLE POLICE DEPT,20150785699,Davidson,Nashville,8/21/2015 8:10:00 AM,1,1,0,36.029740,-86.650270,CANE RIDGE RD,,,,534.00,Feet,West,OLD FRANKLIN RD,,,,0.00,N,Not at Intersection,N,Non-Junction,None,,,         ,Julius,Gallon,Clear,Not Collision with Motor Vehicle in Transport,no,no,no,no,no,False
100937009,METROPOLITAN NASHVILLE POLICE DEPT,20150785755,Davidson,Nashville,8/21/2015 9:32:00 AM,2,0,0,36.197470,-86.776220,I 65,,,,0.00,,,,,,,86.70,N,Not at Intersection, ,Non-Junction,None,,,         ,Richard,Olive,Clear,Front to Rear,no,no,no,no,no,False
100937010,METROPOLITAN NASHVILLE POLICE DEPT,20150785618,Davidson,Nashville,8/21/2015 8:00:00 AM,2,2,0,36.231630,-86.747590,US HWY 31E,,,,325.00,Feet,North,BROADMOOR DR,,,,0.00,N,Not at Intersection,N,Non-Junction,None,,,         ,Eric,Westbrook,,Angle,no,no,no,no,no,False
100937013,METROPOLITAN NASHVILLE POLICE DEPT,20150759592,Davidson,Nashville,8/13/2015 10:53:00 AM,2,1,0,36.129980,-86.665180,DONELSON PKE,,,,313.00,Feet,North,DONELSON PKEN,,,,0.00,N,Not at Intersection,N,Entrance/Exit Ramp Related,None,,,         ,Terry,Denton,Clear,Angle,no,no,no,no,no,False
100937015,METROPOLITAN NASHVILLE POLICE DEPT,20150785705,Davidson,Nashville,8/21/2015 8:28:00 AM,2,0,0,36.121960,-86.760430,I 440,,,,0.00,,,,,,,5.75,N,Not at Intersection, ,,None,,,         ,Nathan,Kemp,,,no,no,no,no,no,False
100937016,METROPOLITAN NASHVILLE POLICE DEPT,20150785766,Davidson,Nashville,8/21/2015 8:55:00 AM,2,0,0,36.139460,-86.820180,MURPHY RD,,,,75.00,Feet,West,PARK DR,,,,0.00,N,Not at Intersection, ,Non-Junction,None,,,         ,Nathan,Kemp,Clear,"Sideswipe, Same Direction",no,no,no,no,no,False
100937045,METROPOLITAN NASHVILLE POLICE DEPT,20150785722,Davidson,Antioch,8/21/2015 8:00:00 AM,2,0,0,36.010270,-86.608320,BRIDGESTONE PKWY,,,,0.63,Miles,East,FIRESTONE PKWY,,,,0.00,N,Not at Intersection, ,Non-Junction,None,,,         ,Jose,Salazar,Clear,Front to Rear,no,no,no,yes,yes,False
100937048,METROPOLITAN NASHVILLE POLICE DEPT,20150785922,Davidson,Nashville,8/21/2015 9:46:00 AM,2,1,0,36.159960,-86.760450,I 24,,,,0.00,,,,,,,49.45,N,Not at Intersection,N,Non-Junction,None,,,         ,Joshua,Hollins,Clear,Front to Rear,no,no,no,no,no,False
100937050,METROPOLITAN NASHVILLE POLICE DEPT,20150782935,Davidson,Nashville,8/20/2015 2:00:00 PM,2,0,0,36.153890,-86.784260,11TH AVS,,,,100.00,Feet,South,LAUREL ST,,,,0.00,N,Not at Intersection,N,Non-Junction,None,,,         ,Catherine,Poole,Clear,"Sideswipe, Same Direction",no,no,no,no,yes,False
100937051,METROPOLITAN NASHVILLE POLICE DEPT,20150785593,Davidson,Nashville,8/21/2015 7:47:00 AM,1,1,0,36.063440,-86.701750,PACKARD DR,,,,60.00,Feet,West,CREEKSIDE DR,,,,0.00,N,Not at Intersection,N,Non-Junction,None,,,         ,Brian,Lamb,Clear,Not Collision with Motor Vehicle in Transport,yes,no,no,no,no,False
100937054,METROPOLITAN NASHVILLE POLICE DEPT,20150785965,Davidson,Nashville,8/21/2015 10:55:00 AM,2,0,0,36.168890,-86.766370,I 24,,,,0.00,,,,,,,48.75,N,Not at Intersection, ,Non-Junction,None,,,         ,Michael,Johnson,Clear,Front to Rear,no,no,no,no,yes,False
100937058,METROPOLITAN NASHVILLE POLICE DEPT,20150786077,Davidson,Nashville,8/21/2015 10:54:00 AM,2,0,0,36.147670,-86.806300,24TH AVS,,,,100.00,Feet,North,WEST END AV,,,,0.00,N,Not at Intersection, ,Non-Junction,None,,,         ,Nathan,Kemp,Clear,Front to Rear,no,no,no,no,no,Campus
100937064,METROPOLITAN NASHVILLE POLICE DEPT,20150782914,Davidson,Nashville,8/20/2015 1:30:00 PM,2,0,0,36.176730,-86.772310,SPRING ST,,,,0.00,,,I24 W EXT RAMP,,,,0.00,Y,OTHER,N,Entrance/Exit Ramp Related,None,,,         ,Dontaveous,Eubanks,Clear,Angle,no,no,no,no,no,False
100937096,METROPOLITAN NASHVILLE POLICE DEPT,20150786292,Davidson,Nashville,8/21/2015 12:06:00 PM,2,0,0,36.151730,-86.803660,ELLISTON PL,,,,22.00,Feet,East,22ND AVN,,,,0.00,N,Not at Intersection, ,Non-Junction,None,,,         ,Nathan,Kemp,Clear,Angle,no,no,no,no,no,Campus
100937101,METROPOLITAN NASHVILLE POLICE DEPT,20150786162,Davidson,Nashville,8/21/2015 10:55:00 AM,2,0,0,36.147980,-86.692870,BRILEY PKWYS,,,,103.00,Feet,East,BRILEY PKWY S EXT RAMP,,,,0.00,N,Not at Intersection,Y,Entrance/Exit Ramp Related,None,,,         ,Larry,Benz,Clear,Angle,no,no,no,no,yes,False
100937102,METROPOLITAN NASHVILLE POLICE DEPT,20150786014,Davidson,Nashville,8/21/2015 10:33:00 AM,2,1,0,36.166600,-86.763790,I24 W ENT RAMP,,,,0.00,Feet,East,I 24,,,,0.00,N,Not at Intersection,N,Entrance/Exit Ramp Related,None,,,         ,Sean,Wuethrich,Clear,Front to Rear,no,no,no,no,no,False
100937109,METROPOLITAN NASHVILLE POLICE DEPT,20150786022,Davidson,Nashville,8/21/2015 10:30:00 AM,2,0,0,36.187570,-86.798460,ROSA L PARKS BLVD,,,,125.00,Feet,South,DOMINICAN DR,,,,0.00,N,Not at Intersection,N,Non-Junction,None,,,         ,Joseph,Cadden,Clear,"Sideswipe, Same Direction",no,no,no,no,yes,False
100937111,WILLIAMSON CO SHERIFFS OFFICE,158950,Davidson,Nashville,8/21/2015 10:40:00 AM,2,0,0,36.026100,-86.878970,US HWY 431,,,,25.00,Feet,East,SUNNY SIDE DR,,,,0.00,N,Not at Intersection,N,Non-Junction,None,,,         ,Justin,Jones,Clear,Front to Rear,no,no,no,no,no,False
100937125,METROPOLITAN NASHVILLE POLICE DEPT,20150782638,Davidson,Nashville,8/21/2015 12:33:00 PM,2,0,0,36.144340,-86.794250,17TH AVS,,,,308.00,Feet,North,EDGEHILL AV,,,,0.00,N,Not at Intersection, ,,None,,,         ,Paul,Joyner,,,no,no,no,no,no,Campus
100937129,METROPOLITAN NASHVILLE POLICE DEPT,20150786000,Davidson,Nashville,8/21/2015 10:33:00 AM,1,0,0,36.191710,-86.772180,RICHARDSON AV,,,,200.00,Feet,East,DICKERSON PKE,,,,0.00,N,Not at Intersection, ,,None,,,         ,Jeremy,Stricklin,,,no,no,no,no,no,False
100937132,VANDERBILT UNIVERSITY POLICE,15-0785931,Davidson,Nashville,8/21/2015 9:40:00 AM,2,0,0,36.145000,-86.806480,VANDERBILT PL,,,,50.00,Feet,East,25TH AVS,,,,0.00,N,Not at Intersection, ,Non-Junction,None,,,         ,Allan,Sullivan,Clear,Rear to Side,no,no,no,no,no,Campus
100937138,METROPOLITAN NASHVILLE POLICE DEPT,2015-0786460,Davidson,Nashville,8/21/2015 1:22:00 PM,2,0,0,36.149260,-86.857910,WHITE BRIDGE PKE,,,,307.00,Feet,North,LENOX AV,,,,0.00,N,Not at Intersection, ,Non-Junction,None,,,         ,Curtis,Rich,Cloudy,Angle,no,no,no,no,no,False
100937141,METROPOLITAN NASHVILLE POLICE DEPT,20150786282,Davidson,Nashville,8/21/2015 11:35:00 AM,2,0,0,36.256190,-86.714390,NEELYS BEND RD,,,,0.00,,,GALLATIN PKES,,,,0.00,Y,T-Intersection, ,Intersection,None,,,         ,Jordan,Lowry,Clear,Front to Rear,no,no,no,no,no,False
100937145,METROPOLITAN NASHVILLE POLICE DEPT,20150780098,Davidson,Nashville,8/19/2015 7:00:00 PM,2,1,0,36.214850,-86.597660,ANDREW JACKSON PKWY,,,,0.00,,,RAMP,,,,0.00,Y,Four-Way,N,Intersection,None,,,         ,Darryl,Williams,Clear,Front to Rear,no,no,no,no,no,False
100937147,METROPOLITAN NASHVILLE POLICE DEPT,20150786362,Davidson,Antioch,8/21/2015 12:30:00 PM,2,0,0,36.022160,-86.628970,I 24,,,,0.00,,,,,,,61.85,N,Not at Intersection, ,,None,,,         ,Jose,Salazar,,,no,no,no,no,no,False
100937154,METROPOLITAN NASHVILLE POLICE DEPT,20150786436,Davidson,Goodlettsville,8/21/2015 1:00:00 PM,2,1,0,36.285950,-86.705790,GALLATIN PKEN,,,,0.00,,,SHAKESPEARE AV,,,,0.00,Y,T-Intersection,N,Intersection,None,,,         ,Andrew,Ivey,Clear,Angle,no,no,no,no,no,False
100937159,METROPOLITAN NASHVILLE POLICE DEPT,20150785651,Davidson,Nashville,8/21/2015 8:03:00 AM,2,0,0,36.068080,-86.687980,I 24,,,,0.00,,,,,,,57.10,N,Not at Intersection,N,Non-Junction,None,,,         ,Carey,Steel,Clear,Front to Rear,no,no,no,no,no,False