master_record_number,agency,agency_tracking_number,county,city,collision_date,vehicles_involved,number_injured,number_dead,latitude,longitude,roadway_name,roadway_suffix,roadway_number,roadway_local_id,distance_from_reference,miles-feet_indicator,direction_from_reference,intersection_road_name,intersection_road_name_suffix,intersection_road_number,intersection_local_id,mile_marker,intersection_indicator,intersect_type,interchange_related_indicator,relation_to_junction,work_zone_type,construction_maintenance_zone,construction_maintenance_zone_location,fatal_case_number,officer_first_name,officer_last_name,weather_condition(s),manner_of_crash,pedestrian,bicycle,scooter,parking,hitrun,mou
100937164,METROPOLITAN NASHVILLE POLICE DEPT,2015-0786569,Davidson,Nashville,8/21/2015 2:00:00 PM,2,0,0,36.126150,-86.845990,HARDING PKE,,,,190.00,Feet,East,KENNER AV,,,,0.00,N,Not at Intersection, ,Non-Junction,None,,,         ,Curtis,Rich,Cloudy,Angle,no,no,no,no,no,False
100937180,METROPOLITAN NASHVILLE POLICE DEPT,20150786657,Davidson,Nashville,8/21/2015 2:47:00 PM,2,0,0,36.154700,-86.779790,8TH AVS,,,,0.00,,,PALMER PL,,,,0.00,Y,Roundabout, ,Non-Junction,None,,,         ,Blaze,Williams,Clear,Front to Rear,no,no,no,no,no,False
100937193,METROPOLITAN NASHVILLE POLICE DEPT,15-0786547,Davidson,Nashville,8/21/2015 1:35:00 PM,2,0,0,36.171780,-86.768090,JAMES ROBERTSON PKWY,,,,62.00,Feet,West,I24 W EXT RAMP,,,,0.00,N,Not at Intersection, ,Entrance/Exit Ramp Related,None,,,         ,Frank,Campbell,Cloudy,"Sideswipe, Same Direction",no,no,no,no,no,False
100937207,METROPOLITAN NASHVILLE POLICE DEPT,20150786794,Davidson,Nashville,8/21/2015 3:17:00 PM,2,0,0,36.150690,-86.767950,LAFAYETTE ST,,,,0.00,,,2ND AVS,,,,0.00,Y,Four-Way, ,Non-Junction,None,,,         ,Blaze,Williams,Clear,"Sideswipe, Same Direction",no,no,no,no,no,False
100937210,METROPOLITAN NASHVILLE POLICE DEPT,20150786741,Davidson,Nashville,8/21/2015 3:16:00 PM,1,1,0,36.169060,-86.682400,LEBANON PKE,,,,0.00,,,FAIRWAY DR,,,,0.00,Y,Four-Way,N,Intersection,None,,,         ,Tyler,Conrads,Clear,Not Collision with Motor Vehicle in Transport,yes,no,no,no,no,False
100937216,METROPOLITAN NASHVILLE POLICE DEPT,20150786673,Davidson,Nashville,8/21/2015 2:00:00 PM,2,0,0,36.103350,-86.816090,HILLSBORO PKE,,,,0.00,,,WARFIELD DR,,,,0.00,Y,T-Intersection,N,Intersection,None,,,         ,Clyde,Stambaugh,Clear,"Sideswipe, Same Direction",no,no,no,no,yes,False
100937218,METROPOLITAN NASHVILLE POLICE DEPT,20150786777,Davidson,Madison,8/21/2015 3:20:00 PM,1,0,0,36.268940,-86.706460,WILEY ST,,,,328.00,Feet,South,GARNER AV,,,,0.00,N,Not at Intersection, ,,None,,,         ,Nathan,Dungan,,,no,no,no,no,no,False
100937237,METROPOLITAN NASHVILLE POLICE DEPT,20150786873,Davidson,Nashville,8/21/2015 3:45:00 PM,2,0,0,36.173200,-86.648560,LEBANON PKE,,,,317.00,Feet,West,YMCA CNCTR,,,,0.00,N,Not at Intersection, ,,None,,,         ,Austin,Childress,,,no,no,no,no,no,False
100937239,METROPOLITAN NASHVILLE POLICE DEPT,20150786891,Davidson,Antioch,8/21/2015 12:00:00 AM,2,0,0,36.086790,-86.648600,UNA ANTIOCH PIKE,,,,0.00,,,NASHBORO BLVD,,,,0.00,Y,Four-Way, ,Intersection,None,,,         ,Larry,Preuett,Clear,Angle,no,no,no,no,no,False
100937243,METROPOLITAN NASHVILLE POLICE DEPT,20150786689,Davidson,Nashville,8/21/2015 2:55:00 PM,2,0,0,36.153510,-86.682760,MCGAVOCK PIKE,,,,145.00,Feet,North,RAMP,,,,0.00,N,Not at Intersection, ,,None,,,         ,Bryan,Byrnes,,,no,no,no,no,no,False
100937247,METROPOLITAN NASHVILLE POLICE DEPT,20150786691,Davidson,Nashville,8/21/2015 2:58:00 PM,4,1,0,36.148360,-86.777070,I 40,,,,0.00,,,,,,,210.00,N,Not at Intersection,N,Non-Junction,None,,,         ,MIchael,Mihajlov,Clear,Front to Rear,no,no,no,no,no,False
100937252,METROPOLITAN NASHVILLE POLICE DEPT,20150786945,Davidson,Old Hickory,8/21/2015 3:08:00 PM,2,0,0,36.263090,-86.675460,STATE RT 45,,,,1132.00,Feet,East,EAGAN CIR,,,,0.00,N,Not at Intersection, ,,Maintenance Zone,,,         ,Shawn,Taylor,,,no,no,no,no,no,False
100937254,METROPOLITAN NASHVILLE POLICE DEPT,20150786882,Davidson,Nashville,8/21/2015 3:50:00 PM,1,1,0,36.141540,-86.715120,I 40,,,,0.00,,,,,,,213.90,N,Not at Intersection,Y,Non-Junction,None,,,         ,Bryan,Byrnes,Clear,Not Collision with Motor Vehicle in Transport,no,no,no,no,no,False
100937257,METROPOLITAN NASHVILLE POLICE DEPT,2015-0786138,Davidson,Nashville,8/21/2015 11:15:00 AM,2,2,0,36.126340,-86.845680,US HWY 70S,,,,320.00,Feet,East,KENNER AVE N,,,,0.00,N,Not at Intersection,N,Non-Junction,None,,,         ,Walter,Gray II,Clear,Angle,no,no,no,no,no,False
100937258,METROPOLITAN NASHVILLE POLICE DEPT,2015-0786482,Davidson,Nashville,8/21/2015 1:29:00 PM,2,0,0,36.105940,-86.813780,US HWY 431,,,,50.00,Feet,North,ABBOTT MARTIN RD,,,,0.00,N,Not at Intersection, ,Non-Junction,None,,,         ,Walter,Gray II,Clear,"Sideswipe, Same Direction",no,no,no,no,no,False
100937265,METROPOLITAN NASHVILLE POLICE DEPT,2015-0786763,Davidson,Nashville,8/21/2015 3:00:00 PM,2,0,0,36.147440,-86.808490,25TH AVN,,,,0.00,,,ELLISTON PL,,,,0.00,Y,Y-Intersection, ,Intersection,None,,,         ,Austin,Kendrick,Clear,"Sideswipe, Same Direction",no,no,no,no,no,Campus
100937273,METROPOLITAN NASHVILLE POLICE DEPT,20150786939,Davidson,Nashville,8/21/2015 4:00:00 PM,2,0,0,36.126700,-86.711090,MURFREESBORO PKE,,,,0.00,,,THOMPSON PL,,,,0.00,Y,Four-Way,N,Intersection-Related,None,,,         ,Jarret,Sonnenberg,Clear,Front to Rear,no,no,no,no,no,False
100937280,METROPOLITAN NASHVILLE POLICE DEPT,20150787210,Davidson,Nashville,8/21/2015 5:29:00 PM,1,0,0,36.165350,-86.613530,I 40,,,,0.00,,,,,,,220.10,N,Not at Intersection, ,,None,,,         ,Shawn,Taylor,,,no,no,no,no,no,False
100937283,METROPOLITAN NASHVILLE POLICE DEPT,20150787115,Davidson,Nashville,8/21/2015 5:20:00 PM,2,0,0,36.157380,-86.792700,15TH AVN,,,,0.00,,,CHURCH ST,,,,0.00,Y,Four-Way, ,Intersection,None,,,         ,Michael,Collazo,Clear,Angle,no,no,no,no,no,False
100937290,METROPOLITAN NASHVILLE POLICE DEPT,20150786759,Davidson,Nashville,8/21/2015 3:18:00 PM,2,0,0,36.096550,-86.763260,I 65,,,,0.00,,,,,,,78.80,N,Not at Intersection, ,Non-Junction,None,,,         ,Jacob,Crouch,Clear,"Sideswipe, Same Direction",no,no,no,no,no,False
100937293,METROPOLITAN NASHVILLE POLICE DEPT,20150787121,Davidson,Nashville,8/21/2015 4:45:00 PM,2,1,0,36.143030,-86.666650,DONELSON PKE,,,,268.00,Feet,North,I40 W ENT RAMP,,,,0.00,N,Not at Intersection,N,Non-Junction,None,,,         ,Austin,Childress,Clear,Angle,no,no,no,no,no,False
100937297,METROPOLITAN NASHVILLE POLICE DEPT,20150787193,Davidson,Nashville,8/21/2015 5:21:00 PM,2,0,0,36.233110,-86.821100,BRILEY PKWY E EXT RAMP,,,,0.00,,,BRILEY PKWYE,,,,0.00,Y,OTHER, ,Entrance/Exit Ramp Related,None,,,         ,Robert,Erickson,Clear,Front to Rear,no,no,no,no,no,False
100937301,METROPOLITAN NASHVILLE POLICE DEPT,20150786734,Davidson,Not in City Limit,8/21/2015 2:47:00 PM,2,0,0,36.108620,-87.013380,OLD CHARLOTTE PIKE,,,,1106.00,Feet,East,SEARS RD,,,,0.00,N,Not at Intersection,N,Non-Junction,None,,,         ,John,Thomas,Clear,"Sideswipe, Opposite Direction",no,no,no,no,yes,False
100937302,METROPOLITAN NASHVILLE POLICE DEPT,2015-0786840,Davidson,Nashville,8/21/2015 3:38:00 PM,2,1,0,36.074030,-86.923240,US HWY 70S,,,,18.00,Feet,East,OLD HARDING PIKE,,,,0.00,N,Not at Intersection,N,Non-Junction,None,,,         ,Walter,Gray II,Clear,Angle,no,no,no,no,no,False
100937303,METROPOLITAN NASHVILLE POLICE DEPT,2015-0787013,Davidson,Nashville,8/21/2015 4:33:00 PM,2,2,0,36.131310,-86.834660,US HWY 70S,,,,41.00,Feet,West,MAYFAIR RD,,,,0.00,N,Not at Intersection,N,Non-Junction,None,,,         ,Walter,Gray II,Clear,Front to Rear,no,no,no,no,no,False
100937308,METROPOLITAN NASHVILLE POLICE DEPT,20150787119,Davidson,Nashville,8/21/2015 5:00:00 PM,2,1,0,36.121660,-86.759340,I 440,,,,0.00,,,,,,,5.80,N,Not at Intersection,N,Non-Junction,None,,,         ,Christopher,Davis,Clear,Front to Rear,no,no,no,no,no,False
100937309,METROPOLITAN NASHVILLE POLICE DEPT,20150787141,Davidson,Nashville,8/21/2015 5:00:00 PM,2,0,0,36.154990,-86.627130,I40 E EXT RAMP,,,,0.00,,,I 40,,,,0.00,Y,T-Intersection, ,Entrance/Exit Ramp Related,None,,,         ,George,Krukowski,Clear,Front to Rear,no,no,no,no,no,False
100937312,METROPOLITAN NASHVILLE POLICE DEPT,20150786648,Davidson,Goodlettsville,8/21/2015 2:38:00 PM,2,0,0,36.303890,-86.690150,US HWY 31E,,,,456.00,Feet,West,LIBERTY LN,,,,0.00,N,Not at Intersection, ,Non-Junction,None,,,         ,Samuel,Miller,Clear,Angle,no,no,no,no,yes,False
100937313,METROPOLITAN NASHVILLE POLICE DEPT,20150786824,Davidson,Not in City Limit,8/21/2015 3:26:00 PM,2,0,0,36.269490,-86.755580,US HWY 31W,,,,100.00,Feet,North,STATE HWY 45,,,,0.00,N,Not at Intersection, ,Non-Junction,None,,,         ,Samuel,Miller,Clear,Front to Rear,no,no,no,no,yes,False
100937314,METROPOLITAN NASHVILLE POLICE DEPT,20150787082,Davidson,Not in City Limit,8/21/2015 4:31:00 PM,2,0,0,36.278240,-86.772070,STATE HWY 45,,,,40.00,Feet,West,DALEMERE DR,,,,0.00,N,Not at Intersection,Y,Non-Junction,None,,,         ,Samuel,Miller,Clear,Front to Rear,no,no,no,no,no,False
100937315,METROPOLITAN NASHVILLE POLICE DEPT,20150787312,Davidson,Not in City Limit,8/21/2015 5:27:00 PM,2,0,0,36.284450,-86.788800,FALLING LEAF LN,,,,52.00,Feet,East,SUMMERTIME DR,,,,0.00,N,Not at Intersection, ,Non-Junction,None,,,         ,Samuel,Miller,Clear,Angle,no,no,no,no,no,False
100937328,METROPOLITAN NASHVILLE POLICE DEPT,20150786769,Davidson,Nashville,8/21/2015 3:24:00 PM,2,1,0,36.148890,-86.746190,I 40,,,,0.00,,,,,,,211.85,N,Not at Intersection,N,Non-Junction,None,,,         ,Felipe,Pereira,Clear,"Sideswipe, Same Direction",no,no,no,no,no,False
100937329,METROPOLITAN NASHVILLE POLICE DEPT,20150786908,Davidson,Nashville,8/21/2015 3:45:00 PM,3,0,0,36.145800,-86.741690,I 40,,,,0.00,,,,,,,212.20,N,Not at Intersection,N,Non-Junction,None,,,         ,Felipe,Pereira,Clear,Front to Rear,no,no,no,no,no,False
100937331,METROPOLITAN NASHVILLE POLICE DEPT,20150787305,Davidson,Nashville,8/21/2015 6:00:00 PM,2,0,0,36.156620,-86.759680,I24 W ENT RAMP,,,,0.00,Feet,East,I 24,,,,0.00,N,Not at Intersection, ,Entrance/Exit Ramp Related,None,,,         ,Kimberly,Brown,Clear,Front to Rear,no,no,no,no,no,False
100937332,METROPOLITAN NASHVILLE POLICE DEPT,20150787290,Davidson,Nashville,8/21/2015 6:00:00 PM,2,0,0,36.170830,-86.746800,SHELBY AV,,,,0.00,,,S 14TH ST,,,,0.00,Y,Four-Way, ,,None,,,         ,Whitney,Arnold,,,no,no,no,no,no,False
100937338,METROPOLITAN NASHVILLE POLICE DEPT,20150787055,Davidson,Nashville,8/21/2015 4:38:00 PM,2,0,0,36.254410,-86.715790,US HWY 31E,,,,272.00,Feet,South,MADISON SQ,,,,0.00,N,Not at Intersection, ,Non-Junction,None,,,         ,Daniel,Caruth,Clear,Angle,no,no,no,no,yes,False
100937339,METROPOLITAN NASHVILLE POLICE DEPT,20150787241,Davidson,Nashville,8/21/2015 5:45:00 PM,2,1,0,36.149300,-86.666270,STATE HWY 255,,,,187.00,Feet,North,ELM HILL PIKE,,,,0.00,N,Not at Intersection,N,Non-Junction,None,,,         ,Jiyayi,Suleyman,Clear,Front to Rear,no,no,no,no,no,False
100937342,METROPOLITAN NASHVILLE POLICE DEPT,20150787454,Davidson,Nashville,8/21/2015 5:56:00 PM,2,0,0,36.121920,-86.760030,I 440,,,,0.00,,,,,,,5.80,N,Not at Intersection, ,Non-Junction,None,,,         ,Brenton,Adcox,Clear,Front to Rear,no,no,no,no,no,False
100937356,METROPOLITAN NASHVILLE POLICE DEPT,20150787452,Davidson,Nashville,8/21/2015 4:50:00 PM,2,0,0,36.088710,-86.651070,RANSOM PL,,,,82.00,Feet,West,CAPITAL FUNDS CT,,,,0.00,N,Not at Intersection,N,Non-Junction,None,,,         ,Rickie,Corman,Clear,Rear to Rear,no,no,no,yes,yes,False
100937357,METROPOLITAN NASHVILLE POLICE DEPT,20150787502,Davidson,Nashville,8/21/2015 7:08:00 PM,2,0,0,36.112990,-86.811010,US HWY 431,,,,359.00,Feet,South,STATE HWY 155,,,,0.00,N,Not at Intersection, ,Non-Junction,None,,,         ,Jacob,Crouch,Clear,Angle,no,no,no,no,no,False
100937363,METROPOLITAN NASHVILLE POLICE DEPT,20150787137,Davidson,Nashville,8/21/2015 3:14:00 PM,2,1,0,36.071880,-86.757170,FIELDCREST DR,,,,0.00,,,MAYWOOD DR,,,,0.00,Y,Four-Way,N,Non-Junction,None,,,         ,Ricki,Armstrong,Clear,"Sideswipe, Opposite Direction",no,no,no,no,no,False
100937365,METROPOLITAN NASHVILLE POLICE DEPT,20150775949,Davidson,Nashville,8/18/2015 5:43:00 PM,2,0,0,36.168310,-86.760330,SHELBY AV,,,,0.00,,,S 6TH ST,,,,0.00,Y,T-Intersection, ,Intersection,None,,,         ,Whitney,Arnold,Clear,Front to Rear,no,no,no,no,no,False
100937371,METROPOLITAN NASHVILLE POLICE DEPT,20150787506,Davidson,Nashville,8/21/2015 7:13:00 PM,2,0,0,36.150760,-86.865360,I 40,,,,0.00,,,,,,,203.50,N,Not at Intersection, ,,None,,,         ,Brandon,Rardin,,,no,no,no,no,no,False
100937372,METROPOLITAN NASHVILLE POLICE DEPT,20150787787,Davidson,Nashville,8/21/2015 8:44:00 PM,2,0,0,36.201820,-86.776600,I 65,,,,0.00,,,,,,,87.00,N,Not at Intersection,N,Non-Junction,None,,,         ,Tyler,Conrads,Clear,"Sideswipe, Same Direction",no,no,no,no,yes,False
100937376,METROPOLITAN NASHVILLE POLICE DEPT,20150787276,Davidson,Nashville,8/21/2015 5:56:00 PM,4,0,0,36.176640,-86.771010,SPRING ST,,,,0.00,,,DICKERSON PKE,,,,0.00,Y,T-Intersection,N,Intersection,None,,,         ,Jarred,Ruhlman,Clear,Angle,no,no,no,no,yes,False
100937378,METROPOLITAN NASHVILLE POLICE DEPT,20150775271,Davidson,Nashville,8/18/2015 2:15:00 PM,2,0,0,36.242540,-86.736580,WORTH ST,,,,0.00,,,BRIARVILLE RD,,,,0.00,Y,Four-Way, ,Intersection,None,,,         ,Nathan,Dungan,Cloudy,Angle,no,no,no,no,no,False
100937380,METROPOLITAN NASHVILLE POLICE DEPT,20150787400,Davidson,Antioch,8/21/2015 6:18:00 PM,2,0,0,0.000000,0.000000,,,I24 EAS,,100.00,Feet,North,,,,,53.60,N,Not at Intersection, ,Non-Junction,None,,,         ,Josh,Baney,Clear,"Sideswipe, Same Direction",no,no,no,no,no,False
100937381,METROPOLITAN NASHVILLE POLICE DEPT,20150786703,Davidson,Nashville,8/21/2015 2:55:00 PM,2,1,0,36.077930,-86.723670,WALLACE RD,,,,636.00,Feet,East,NOLENSVILLE PKE,,,,0.00,N,Not at Intersection,N,Non-Junction,None,,,         ,Jessie,Meadows,Clear,Front to Rear,no,no,no,no,yes,False
100937382,METROPOLITAN NASHVILLE POLICE DEPT,20150786796,Davidson,Nashville,8/21/2015 3:53:00 PM,2,0,0,36.069970,-86.685630,HAYWOOD LN,,,,0.00,Feet,East,BAKERTOWN RD,,,,0.00,N,Not at Intersection, ,Non-Junction,None,,,         ,Jessie,Meadows,Clear,Front to Rear,no,no,no,no,no,False
100937383,METROPOLITAN NASHVILLE POLICE DEPT,20150786984,Davidson,Nashville,8/21/2015 4:55:00 PM,3,0,0,36.104390,-86.716380,I 24,,,,0.00,,,,,,,54.20,N,Not at Intersection, ,Non-Junction,None,,,         ,Jessie,Meadows,Clear,Front to Rear,no,no,no,no,no,False
100937384,METROPOLITAN NASHVILLE POLICE DEPT,20150787189,Davidson,Antioch,8/21/2015 5:53:00 PM,2,0,0,36.009930,-86.612310,HEIL QUAKER BLVD,,,,0.00,Feet,East,BRIDGESTONE PKWY,,,,0.00,N,Not at Intersection, ,Entrance/Exit Ramp Related,None,,,         ,Jessie,Meadows,Clear,Front to Rear,no,no,no,no,no,False
100937385,METROPOLITAN NASHVILLE POLICE DEPT,20150787289,Davidson,Antioch,8/21/2015 6:18:00 PM,2,1,0,36.025470,-86.587420,MURFREESBORO RD,,,,437.00,Feet,North,WALDRON RD,,,,0.00,N,Not at Intersection,N,Non-Junction,None,,,         ,Jessie,Meadows,Clear,Front to Rear,no,no,no,no,no,False
100937386,METROPOLITAN NASHVILLE POLICE DEPT,20150787445,Davidson,Nashville,8/21/2015 7:10:00 PM,2,0,0,36.044480,-86.661540,CANE RIDGE RD,,,,46.00,Feet,North,TARGET DR,,,,0.00,N,Not at Intersection,N,Non-Junction,None,,,         ,Jessie,Meadows,Clear,Front to Rear,no,no,no,no,no,False
100937388,GOODLETTSVILLE POLICE DEPT,15-31757,Davidson,Goodlettsville,8/21/2015 6:35:00 PM,1,0,0,36.319320,-86.702680,I 65,,,,0.00,,,,,,,96.65,N,Not at Intersection,N,Non-Junction,None,,,         ,Jason,Ayers,Clear,Not Collision with Motor Vehicle in Transport,no,no,no,no,no,False
100937394,METROPOLITAN NASHVILLE POLICE DEPT,2015-0769347,Davidson,Nashville,8/14/2015 7:15:00 PM,2,0,0,36.123850,-86.826550,WOODLAWN DR,,,,0.00,,,BOWLING AVE,,,,0.00,Y,Four-Way,N,Intersection,None,,,         ,Alex,Lampley,Clear,HeadOn,no,no,no,no,no,False
100937398,METROPOLITAN NASHVILLE POLICE DEPT,20150787499,Davidson,Nashville,8/21/2015 6:51:00 PM,2,0,0,36.045800,-86.674660,STATE HWY 254,,,,95.00,Feet,West,BLUE HOLE RD,,,,0.00,N,Not at Intersection, ,Non-Junction,None,,,         ,Ryan,Hampton,Clear,Front to Rear,no,no,no,no,yes,False
100937403,METROPOLITAN NASHVILLE POLICE DEPT,20150787135,Davidson,Nashville,8/21/2015 5:10:00 PM,2,0,0,36.199750,-86.620670,OLD HICKORY BLVD,,,,95.00,Feet,North,LEBANON PKE WB EXT RAMP,,,,0.00,N,Not at Intersection, ,,None,,,         ,Khalid,Abbady,,,no,no,no,no,no,False
100937405,METROPOLITAN NASHVILLE POLICE DEPT,20150787849,Davidson,Nashville,8/21/2015 9:01:00 PM,2,0,0,36.162550,-86.592830,GLEN COVE TRL,,,,439.00,Feet,North,BELL RD,,,,0.00,N,Not at Intersection, ,,None,,,         ,Brandon,Vance,,,no,no,no,no,no,False
100937409,METROPOLITAN NASHVILLE POLICE DEPT,20150787740,Davidson,Nashville,8/21/2015 8:34:00 PM,2,0,0,36.066710,-86.717970,US HWY 31 ALT,,,,12.00,Feet,North,NORTHCREST DR,,,,0.00,N,Not at Intersection,N,Unknown,None,,,         ,Megan,Lamon,Clear,Angle,no,no,no,no,no,False
100937411,METROPOLITAN NASHVILLE POLICE DEPT,20150787689,Davidson,Nashville,8/21/2015 7:52:00 PM,2,0,0,36.153570,-86.788410,14TH AVS,,,,0.00,,,DEMONBREUN ST,,,,0.00,Y,Four-Way,N,Intersection,None,,,         ,Maria,Cortez,Clear,Angle,no,no,no,no,yes,False
100937418,METROPOLITAN NASHVILLE POLICE DEPT,20150787927,Davidson,Nashville,8/21/2015 9:50:00 PM,2,0,0,36.045450,-86.647600,CROSSINGS BLVD,,,,91.00,Feet,West,MT VIEW RD,,,,0.00,N,Not at Intersection,N,Non-Junction,None,,,         ,Jessie,Meadows,Clear,Front to Rear,no,no,no,no,no,False
100937419,METROPOLITAN NASHVILLE POLICE DEPT,20150787661,Davidson,Antioch,8/21/2015 12:00:00 AM,1,0,0,36.047350,-86.590500,PIN HOOK RD,,,,50.00,Feet,West,PIN OAK DR,,,,0.00,N,Not at Intersection,N,Non-Junction,None,,,         ,Larry,Preuett,Clear,Not Collision with Motor Vehicle in Transport,no,no,no,no,yes,False
100937421,METROPOLITAN NASHVILLE POLICE DEPT,20150787424,Davidson,Nashville,8/21/2015 4:45:00 PM,2,0,0,36.127130,-86.753270,NOLENSVILLE PKE,,,,97.00,Feet,North,VIVELLE AV,,,,0.00,N,Not at Intersection, ,Non-Junction,None,,,         ,Jarret,Sonnenberg,Clear,"Sideswipe, Same Direction",no,no,no,no,no,False
100937422,METROPOLITAN NASHVILLE POLICE DEPT,20150787010,Davidson,Nashville,8/21/2015 4:26:00 PM,2,0,0,36.061700,-86.740300,EDMONDSON PKE,,,,0.00,,,ELLINGTON AG CENTER PVTDR,,,,0.00,Y,OTHER, ,Non-Junction,None,,,         ,Ricki,Armstrong,Clear,"Sideswipe, Same Direction",no,no,no,no,yes,False
100937430,METROPOLITAN NASHVILLE POLICE DEPT,20150787967,Davidson,Nashville,8/21/2015 9:25:00 PM,2,0,0,36.110920,-86.745200,STATE HWY 155,,,,0.00,,,US HWY 31 ALT,,,,0.00,Y,Four-Way, ,Non-Junction,None,,,         ,Jacob,Crouch,Clear,Front to Rear,no,no,no,no,no,False
100937431,METROPOLITAN NASHVILLE POLICE DEPT,20150784505,Davidson,Nashville,8/20/2015 11:15:00 PM,2,0,0,36.167530,-86.778780,JAMES ROBERTSON PKWY,,,,56.00,Feet,West,2ND AVN,,,,0.00,N,Not at Intersection, ,Non-Junction,None,,,         ,Brian,Smith,Clear,"Sideswipe, Same Direction",no,no,no,no,no,False
100937433,METROPOLITAN NASHVILLE POLICE DEPT,20150787963,Davidson,Nashville,8/21/2015 9:40:00 PM,2,0,0,36.215430,-86.592890,US HWY 70,,,,0.00,,,,,,,0.00,,,N,Non-Junction,None,,,         ,Codey,Mullins,Clear,Unknown,no,no,no,yes,yes,False
100937434,METROPOLITAN NASHVILLE POLICE DEPT,20150786850,Davidson,Nashville,8/21/2015 3:25:00 PM,2,0,0,36.185960,-86.798190,I65 S EXT RAMP,,,,0.00,,,I 65,,,,0.00,Y,OTHER, ,Non-Junction,None,,,         ,Michael,Brooks,Clear,Front to Rear,no,no,no,no,no,False
100937435,METROPOLITAN NASHVILLE POLICE DEPT,20150788008,Davidson,Nashville,8/21/2015 9:14:00 PM,2,0,0,36.207150,-86.780780,W TRINITY LN,,,,0.00,,,,,,,0.00,,,N,Non-Junction,None,,,         ,Michael,Brooks,Clear,Front to Rear,no,no,no,no,yes,False
100937438,METROPOLITAN NASHVILLE POLICE DEPT,20150787486,Davidson,Nashville,8/21/2015 7:08:00 PM,1,1,0,0.000000,0.000000,GALLATIN PKE S,,,,40.00,Feet,South,DUE WEST AVE EAST,,,,0.00,N,Not at Intersection,N,Non-Junction,None,,,         ,Kenneth,Thomas,Clear,Not Collision with Motor Vehicle in Transport,no,yes,no,no,yes,False
100937439,METROPOLITAN NASHVILLE POLICE DEPT,20150776054,Davidson,Nashville,8/18/2015 5:51:00 PM,2,0,0,36.172590,-86.765200,S 5TH ST,,,,100.00,Feet,South,SPRING ST,,,,0.00,N,Not at Intersection, ,Non-Junction,None,,,         ,Whitney,Arnold,Clear,Angle,no,no,no,no,no,False
100937448,METROPOLITAN NASHVILLE POLICE DEPT,20150787391,Davidson,Nashville,8/21/2015 6:30:00 PM,2,0,0,36.040520,-86.780070,OLD HICKORY BLVD,,,,245.00,Feet,West,FRANKLIN PIKE CIR,,,,0.00,N,Not at Intersection, ,Non-Junction,None,,,         ,Eric,Burford,Clear,"Sideswipe, Same Direction",no,no,no,no,no,False
100937454,METROPOLITAN NASHVILLE POLICE DEPT,2015-0785419,Davidson,Not in City Limit,8/21/2015 5:55:00 AM,1,0,0,36.302510,-86.857830,US HWY 431,,,,880.00,Feet,North,BEAR HOLLOW RD,,,,0.00,N,Not at Intersection,N,Non-Junction,None,,,         ,Matthew,Lachance,Clear,Not Collision with Motor Vehicle in Transport,no,no,no,no,no,False
100937455,METROPOLITAN NASHVILLE POLICE DEPT,20150788071,Davidson,Nashville,8/21/2015 10:41:00 PM,2,0,0,36.172730,-86.765200,S 5TH ST,,,,50.00,Feet,South,MAIN ST,,,,0.00,N,Not at Intersection,N,Non-Junction,None,,,         ,Christopher,Dameron,Clear,Front to Rear,no,no,no,no,yes,False
100937481,METROPOLITAN NASHVILLE POLICE DEPT,20150784327,Davidson,Nashville,8/20/2015 9:45:00 PM,1,2,0,36.215740,-86.588360,BIG HORN DR,,,,133.00,Feet,North,LEBANON PKE,,,,0.00,N,Not at Intersection,N,Non-Junction,None,,,         ,Darryl,Williams,Clear,Not Collision with Motor Vehicle in Transport,no,no,no,no,yes,False
100937497,METROPOLITAN NASHVILLE POLICE DEPT,20150785286,Davidson,Nashville,8/21/2015 4:30:00 AM,1,0,0,36.186870,-86.802890,DOMINICAN DR,,,,130.00,Feet,West,DELTA AVE,,,,0.00,N,Not at Intersection,N,Non-Junction,None,,,         ,Nicholas,Carter,Clear,Not Collision with Motor Vehicle in Transport,no,no,no,no,yes,False
100937508,METROPOLITAN NASHVILLE POLICE DEPT,20150788677,Davidson,Nashville,8/22/2015 2:15:00 AM,1,1,0,36.147630,-86.768450,US HWY 31 ALT,,,,0.00,,,CAMERON ST,,,,0.00,Y,T-Intersection,N,Intersection-Related,None,,,         ,Michael,Baron,Clear,Not Collision with Motor Vehicle in Transport,no,no,no,no,no,False
100937525,METROPOLITAN NASHVILLE POLICE DEPT,20150788443,Davidson,Nashville,8/21/2015 9:10:00 PM,2,0,0,36.203750,-86.777140,BRICK CHURCH PKE,,,,25.00,Feet,North,ARTIC AV,,,,0.00,N,Not at Intersection,N,Non-Junction,None,,,         ,Matthew,Lachance,Clear,Front to Rear,no,no,no,no,no,False
100937528,METROPOLITAN NASHVILLE POLICE DEPT,20150788732,Davidson,Nashville,8/22/2015 12:00:00 AM,1,0,0,36.180410,-86.819480,BUCHANAN ST,,,,0.00,Feet,,26TH AVE N,,,,0.00,Y,Four-Way,N,Intersection-Related,None,,,         ,Charles,Duke,Clear,Not Collision with Motor Vehicle in Transport,no,no,no,no,yes,False