master_record_number,agency,agency_tracking_number,county,city,collision_date,vehicles_involved,number_injured,number_dead,latitude,longitude,roadway_name,roadway_suffix,roadway_number,roadway_local_id,distance_from_reference,miles-feet_indicator,direction_from_reference,intersection_road_name,intersection_road_name_suffix,intersection_road_number,intersection_local_id,mile_marker,intersection_indicator,intersect_type,interchange_related_indicator,relation_to_junction,work_zone_type,construction_maintenance_zone,construction_maintenance_zone_location,fatal_case_number,officer_first_name,officer_last_name,weather_condition(s),manner_of_crash,pedestrian,bicycle,scooter,parking,hitrun,mou
100938921,METROPOLITAN NASHVILLE POLICE DEPT,20150787922,Davidson,Goodlettsville,8/21/2015 9:15:00 PM,1,1,0,36.331880,-86.733480,BRICK CHURCH PKE,,,,70.00,Feet,West,HITT LN,,,,0.00,N,Not at Intersection,N,Non-Junction,None,,,         ,Nathan,Dungan,Clear,Not Collision with Motor Vehicle in Transport,no,no,no,no,no,False
100938935,METROPOLITAN NASHVILLE POLICE DEPT,20150796017,Davidson,Nashville,8/24/2015 8:40:00 PM,2,1,0,36.140820,-86.663630,I40 E EXT RAMP,,,,0.00,Feet,East,I 40,,,,0.00,N,Not at Intersection,Y,Entrance/Exit Ramp Related,None,,,         ,Bryan,Byrnes,Clear,Front to Rear,no,no,no,no,yes,False
100938937,METROPOLITAN NASHVILLE POLICE DEPT,20150795195,Davidson,Goodlettsville,8/24/2015 6:20:00 PM,2,1,0,36.357510,-86.724820,SPRINGFIELD HWY,,,,18.00,Feet,North,WILLIAMSON RD,,,,0.00,N,Not at Intersection,N,Non-Junction,None,,,         ,Nathan,Dungan,Clear,"Sideswipe, Opposite Direction",no,no,no,no,no,False
100938939,METROPOLITAN NASHVILLE POLICE DEPT,20150795996,Davidson,Antioch,8/24/2015 7:15:00 PM,2,0,0,36.042850,-86.606540,US HWY 41,,,,0.00,,,STATE HWY 171,,,,0.00,Y,Four-Way, ,Non-Junction,None,,,         ,Ian,Lynch,Clear,HeadOn,no,no,no,no,no,False
100938951,METROPOLITAN NASHVILLE POLICE DEPT,20150796041,Davidson,Nashville,8/24/2015 8:45:00 PM,2,0,0,36.130290,-86.899940,CHARLOTTE PKE,,,,0.00,,,I40 W EXT RAMP,,,,0.00,Y,Y-Intersection, ,Non-Junction,None,,,         ,Tamara,Zurawski,Clear,Front to Rear,no,no,no,no,no,False
100938952,METROPOLITAN NASHVILLE POLICE DEPT,20150796098,Davidson,Nashville,8/24/2015 8:46:00 PM,2,1,0,36.118570,-86.913610,I 40,,,,0.00,,,,,,,199.90,N,Not at Intersection,N,Non-Junction,None,,,         ,Brandon,Pedigo,Clear,Front to Rear,no,no,no,no,yes,False
100938953,METROPOLITAN NASHVILLE POLICE DEPT,20150796083,Davidson,Nashville,8/24/2015 9:10:00 PM,3,1,0,36.113950,-86.810880,WOODMONT BLVD,,,,0.00,,,HILLSBORO PKE,,,,0.00,Y,Four-Way,N,Intersection-Related,None,,,         ,Tien,Nguyen,Clear,Front to Rear,no,no,no,no,no,False
100938955,METROPOLITAN NASHVILLE POLICE DEPT,20150791415,Davidson,Nashville,8/23/2015 12:00:00 AM,2,1,0,36.221360,-86.767360,PINE RIDGE DR,,,,70.00,Feet,West,SHADETREE CT,,,,0.00,N,Not at Intersection,N,Non-Junction,None,,,         ,Ashley,Arnold,Clear,Front to Rear,no,no,no,no,no,False
100938956,METROPOLITAN NASHVILLE POLICE DEPT,20150786974,Davidson,Goodlettsville,8/21/2015 4:05:00 PM,2,0,0,36.292380,-86.733730,W CAMPBELL RD,,,,0.00,,,DICKERSON PKES,,,,0.00,Y,Four-Way,N,Intersection,None,,,         ,Nathan,Dungan,Clear,Angle,no,no,no,no,no,False
100938960,METROPOLITAN NASHVILLE POLICE DEPT,20150795797,Davidson,Nashville,8/24/2015 6:10:00 PM,2,0,0,36.158350,-86.705730,US HWY 70,,,,0.00,,,WILOWEN DR,,,,0.00,Y,T-Intersection, ,Intersection,None,,,         ,Felipe,Pereira,Clear,Angle,no,no,no,no,no,False
100938961,METROPOLITAN NASHVILLE POLICE DEPT,20150795570,Davidson,Antioch,8/24/2015 4:10:00 PM,2,0,0,36.021170,-86.655540,SKINNER DR,,,,227.00,Feet,North,CANEX DR,,,,0.00,N,Not at Intersection, ,"Driveway, Alley Access, etc",None,,,         ,Jason,Door,Clear,Not Collision with Motor Vehicle in Transport,no,no,no,yes,no,False
100938966,METROPOLITAN NASHVILLE POLICE DEPT,20150795212,Davidson,Nashville,8/24/2015 3:32:00 PM,2,0,0,36.192320,-86.829050,CLARKSVILLE PKE,,,,0.00,,,CLIFF DR,,,,0.00,Y,OTHER,N,Non-Junction,None,,,         ,James,Wray,Clear,Front to Rear,no,no,no,no,yes,False
100938975,METROPOLITAN NASHVILLE POLICE DEPT,20150795542,Davidson,Nashville,8/24/2015 4:45:00 PM,2,0,0,36.111180,-86.749170,STATE HWY 155,,,,85.00,Feet,West,LANDERS AVE,,,,0.00,N,Not at Intersection, ,Non-Junction,None,,,         ,Jacob,Crouch,Clear,Angle,no,no,no,no,no,False
100938976,METROPOLITAN NASHVILLE POLICE DEPT,20150792508,Davidson,Nashville,8/23/2015 5:35:00 PM,3,0,0,36.098810,-86.677170,STATE HWY 255,,,,161.00,Feet,North,OLD EZELL RD,,,,0.00,N,Not at Intersection,N,Non-Junction,None,,,         ,Jarret,Sonnenberg,Clear,Front to Rear,no,no,no,no,yes,False
100938977,METROPOLITAN NASHVILLE POLICE DEPT,20150792961,Davidson,Nashville,8/23/2015 9:45:00 PM,2,0,0,36.125580,-86.688870,AIR FREIGHT BLVD,,,,1043.00,Feet,North,VULTEE BLVD,,,,0.00,N,Not at Intersection,N,Non-Junction,None,,,         ,Colby,Mathis,Clear,Front to Rear,no,no,no,yes,yes,False
100938981,METROPOLITAN NASHVILLE POLICE DEPT,20150796019,Davidson,Nashville,8/24/2015 8:46:00 PM,2,1,0,36.121690,-86.910570,I 40,,,,0.00,,,,,,,200.20,N,Not at Intersection,N,Non-Junction,None,,,         ,Jeremy,Huffine,Clear,Front to Rear,no,no,no,no,no,False
100938982,METROPOLITAN NASHVILLE POLICE DEPT,20150796000,Davidson,Nashville,8/24/2015 6:00:00 PM,2,0,0,36.075320,-86.717370,FLORA MAXWELL RD,,,,44.00,Feet,South,HOPEDALE DR,,,,0.00,N,Not at Intersection,N,Non-Junction,None,,,         ,Jessie,Meadows,Clear,Front to Rear,no,no,no,no,yes,False
100938984,METROPOLITAN NASHVILLE POLICE DEPT,20150795701,Davidson,Nashville,8/24/2015 6:20:00 PM,2,0,0,36.109700,-86.766510,POWELL AVE,,,,341.00,Feet,South,BRANSFORD AVE,,,,0.00,N,Not at Intersection,N,Non-Junction,None,,,         ,Jacob,Crouch,Clear,"Sideswipe, Same Direction",no,no,no,no,no,False
100938988,METROPOLITAN NASHVILLE POLICE DEPT,20150795582,Davidson,Nashville,8/24/2015 5:43:00 PM,2,1,0,36.153110,-86.764720,I 40,,,,0.00,,,,,,,210.70,N,Not at Intersection,N,Non-Junction,None,,,         ,Leslie,Hale,Clear,Front to Rear,no,no,no,no,no,False
100938990,METROPOLITAN NASHVILLE POLICE DEPT,20150795662,Davidson,Antioch,8/24/2015 6:06:00 PM,2,4,0,36.025470,-86.587420,MURFREESBORO,PIKE,SR1,,0.00,,,,,,,0.00,,,N,Intersection,None,,,         ,Kevin,Keating,Clear,Front to Rear,no,no,no,no,yes,False
100939003,METROPOLITAN NASHVILLE POLICE DEPT,20150796295,Davidson,Nashville,8/24/2015 10:45:00 PM,1,0,0,36.188190,-86.726600,GREENWOOD AVE,,,,3.00,Feet,West,RIVERSIDE DR,,,,0.00,N,Not at Intersection,N,Non-Junction,None,,,         ,Douglas,Smith,Clear,Not Collision with Motor Vehicle in Transport,no,no,no,no,no,False
100939018,METROPOLITAN NASHVILLE POLICE DEPT,20150796570,Davidson,Nashville,8/25/2015 12:00:00 AM,2,0,0,36.157710,-86.771470,1ST AVS,,,,62.00,Feet,South,HERMITAGE AV,,,,0.00,N,Not at Intersection,N,Non-Junction,None,,,         ,Brian,Smith,Clear,"Sideswipe, Same Direction",no,no,no,no,yes,False
100939028,METROPOLITAN NASHVILLE POLICE DEPT,2015-0794015,Davidson,Nashville,8/24/2015 7:22:00 AM,2,0,0,36.147090,-86.662160,ELM HILL PKE,,,,0.00,,,AIRPORT CENTER DR,,,,0.00,Y,T-Intersection,N,Intersection,None,,,         ,Jeb,Johnston,Clear,Angle,no,no,no,no,no,False
100939039,METROPOLITAN NASHVILLE POLICE DEPT,20150796466,Davidson,Nashville,8/24/2015 11:50:00 PM,2,0,0,36.077330,-86.725120,WALLACE RD,,,,155.00,Feet,East,US HWY 31 ALT,,,,0.00,N,Not at Intersection,N,Non-Junction,None,,,         ,Jessica,Johnson,Clear,Angle,no,no,no,no,no,False
100939042,METROPOLITAN NASHVILLE POLICE DEPT,20150776077,Davidson,Nashville,8/18/2015 6:28:00 PM,2,0,0,36.080730,-86.726700,NOLENSVILLE PKE,,,,424.00,Feet,North,HARDING PL,,,,0.00,N,Not at Intersection, ,Non-Junction,None,,,         ,Miguel,Garcia,Clear,Front to Rear,no,no,no,no,no,False
100939053,METROPOLITAN NASHVILLE POLICE DEPT,20150789580,Davidson,Nashville,8/22/2015 2:05:00 PM,2,2,0,36.050370,-86.648190,BELL RD,,,,402.00,Feet,West,MT VIEW RD,,,,0.00,N,Not at Intersection,N,Non-Junction,None,,,         ,Julius,Gallon,Clear,Front to Rear,no,no,no,no,no,False
100939056,THP District 3 - Nashville,315042889,Davidson,Not in City Limit,8/19/2015 11:48:00 AM,2,0,0,36.040210,-86.650470,I 24,,,,0.00,,,,,,,60.00,N,Not at Intersection, ,Non-Junction,None,,,         ,Alexander,Campbell,Clear,"Sideswipe, Same Direction",no,no,no,no,yes,False
100939063,METROPOLITAN NASHVILLE POLICE DEPT,20150783132,Davidson,Nashville,8/20/2015 3:25:00 PM,2,0,0,36.037650,-86.786510,FRANKLIN PKE,,,,50.00,Feet,North,OLD HICKORY BLVD,,,,0.00,N,Not at Intersection, ,Non-Junction,None,,,         ,Miguel,Garcia,Clear,Front to Rear,no,no,no,no,no,False
100939066,METROPOLITAN NASHVILLE POLICE DEPT,20150794887,Davidson,Nashville,8/24/2015 1:28:00 PM,2,1,0,36.195470,-86.742900,GALLATIN AV,,,,186.00,Feet,North,CHESTER AV,,,,0.00,N,Not at Intersection,N,"Driveway, Alley Access, etc",None,,,         ,Dontaveous,Eubanks,Clear,Angle,no,no,no,no,no,False
100939068,METROPOLITAN NASHVILLE POLICE DEPT,20150797229,Davidson,Nashville,8/25/2015 6:00:00 AM,2,0,0,36.037800,-86.794610,STATE HWY 254,,,,0.00,,,BRENTWOOD BLVD,,,,0.00,Y,Four-Way, ,,None,,,         ,Alan,Digruttolo,,,no,no,no,no,no,False
100939071,METROPOLITAN NASHVILLE POLICE DEPT,2015-0797339,Davidson,Nashville,8/25/2015 7:00:00 AM,3,1,0,0.000000,0.000000,HIGHWAY 70,,SR70,,0.00,,,OLD CHARLOTTE PIKE,,,,0.00,Y,T-Intersection,N,Intersection,None,,,         ,Curtis,Rich,Clear,Angle,no,no,no,no,no,False
100939073,METROPOLITAN NASHVILLE POLICE DEPT,20150786296,Davidson,Nashville,8/21/2015 12:00:00 PM,2,1,0,36.216390,-86.623400,OLD HICKORY BLVD,,,,143.00,Feet,South,2ND ST,,,,0.00,N,Not at Intersection,N,Non-Junction,None,,,         ,Carey,Steel,Clear,Front to Rear,no,no,no,no,no,False
100939087,METROPOLITAN NASHVILLE POLICE DEPT,20150797428,Davidson,Nashville,8/25/2015 7:15:00 AM,2,0,0,36.214170,-86.872370,BRILEY PKWYS,,,,325.00,Feet,North,BRILEY PKWYN,,,,0.00,N,Not at Intersection, ,Non-Junction,None,,,         ,Clint,Gilleland,Clear,Front to Rear,no,no,no,no,no,False
100939090,METROPOLITAN NASHVILLE POLICE DEPT,20150797456,Davidson,Nashville,8/25/2015 7:34:00 AM,2,1,0,36.225420,-86.863820,BRILEY PKWYW,,,,766.00,Feet,East,BRILEY PKWYE,,,,0.00,N,Not at Intersection,N,Non-Junction,None,,,         ,Michael,Parman,Clear,Front to Rear,no,no,no,no,no,False
100939091,METROPOLITAN NASHVILLE POLICE DEPT,20150797287,Davidson,Nashville,8/25/2015 6:23:00 AM,2,0,0,36.037970,-86.784510,EXIT 74B,,,,0.00,,,STATE HWY 254,,,,0.00,Y,T-Intersection, ,,None,,,         ,Alan,Digruttolo,,,no,no,no,no,no,False
100939093,METROPOLITAN NASHVILLE POLICE DEPT,2015-0797425,Davidson,Nashville,8/25/2015 7:23:00 AM,2,0,0,36.114380,-86.706710,STATE HWY 155,,,,503.00,Feet,East,GLENPARK DR,,,,0.00,N,Not at Intersection, ,Non-Junction,None,,,         ,Brandon,Wood,Clear,Front to Rear,no,no,no,no,no,False
100939096,METROPOLITAN NASHVILLE POLICE DEPT,20150797373,Davidson,Nashville,8/25/2015 7:16:00 AM,3,0,0,36.083420,-86.704340,LINBAR DR,,,,419.00,Feet,East,LARGO DR,,,,0.00,N,Not at Intersection, ,Non-Junction,None,,,         ,Kevin,Caperton,Clear,Front to Rear,no,no,no,no,yes,False
100939105,METROPOLITAN NASHVILLE POLICE DEPT,20150791855,Davidson,Nashville,8/23/2015 11:44:00 AM,2,0,0,36.081070,-86.758140,STATE HWY 255,,,,70.00,Feet,East,TROUSDALE DR,,,,0.00,N,Not at Intersection, ,Non-Junction,None,,,         ,Tony,Folad,Cloudy,Angle,no,no,no,no,no,False
100939107,GOODLETTSVILLE POLICE DEPT,15-32212,Davidson,Goodlettsville,8/25/2015 6:47:00 AM,2,0,0,36.306840,-86.694510,CONFERENCE DR,,,,0.00,,,SR386 EXI RAMP 1,,,,0.00,Y,Four-Way,Y,Entrance/Exit Ramp Related,None,,,         ,Joseph,Waldron,Clear,Angle,no,no,no,no,no,False
100939108,METROPOLITAN NASHVILLE POLICE DEPT,20150797481,Davidson,Nashville,8/25/2015 7:50:00 AM,2,1,0,36.186260,-86.630130,CENTRAL PKE,,,,398.00,Feet,South,LEBANON PKE,,,,0.00,N,Not at Intersection,N,Non-Junction,None,,,         ,Anthony,Venable,Clear,Angle,no,no,no,no,no,False
100939115,METROPOLITAN NASHVILLE POLICE DEPT,20150794529,Davidson,Nashville,8/24/2015 10:55:00 AM,2,1,0,36.192850,-86.829900,CLARKSVILLE PKE,,,,315.00,Feet,West,CLIFF DR,,,,0.00,N,Not at Intersection,N,Non-Junction,None,,,         ,Steven,Spillers,Clear,"Sideswipe, Opposite Direction",no,no,no,no,no,False
100939116,METROPOLITAN NASHVILLE POLICE DEPT,20150797442,Davidson,Antioch,8/25/2015 7:36:00 AM,2,0,0,36.025540,-86.587240,MURFREESBORO RD,,,,1.23,Miles,South,MURFREESBORO PKE,,,,0.00,N,Not at Intersection, ,,None,,,         ,Kenneth,Alexandrow,,,no,no,no,no,no,False
100939120,METROPOLITAN NASHVILLE POLICE DEPT,20150770936,Davidson,Madison,8/17/2015 9:48:00 AM,2,1,0,36.261640,-86.677890,SANHURST DR,,,,0.00,,,E OLD HICKORY BLVD,,,,0.00,Y,OTHER,N,Non-Junction,None,,,         ,David,Boone,Rain,Angle,no,no,no,no,no,False
100939125,METROPOLITAN NASHVILLE POLICE DEPT,2015-0797649,Davidson,Nashville,8/25/2015 8:55:00 AM,2,0,0,36.169490,-86.861720,LINDER INDUSTRIAL DR,,,,126.00,Feet,East,CENTENNIAL BLVD,,,,0.00,N,Not at Intersection, ,,None,,,         ,Curtis,Rich,,,no,no,no,no,no,False
100939132,METROPOLITAN NASHVILLE POLICE DEPT,20150797520,Davidson,Nashville,8/25/2015 8:02:00 AM,2,0,0,36.188260,-86.800290,ATHENS WAY,,,,261.00,Feet,North,DOMINICAN DR,,,,0.00,N,Not at Intersection,N,Non-Junction,None,,,         ,Noah,Melton,Clear,"Sideswipe, Same Direction",no,no,no,no,no,False
100939135,METROPOLITAN NASHVILLE POLICE DEPT,20150797378,Davidson,Nashville,8/25/2015 7:00:00 AM,2,0,0,36.044830,-86.670180,BELL RD,,,,0.00,,,,,,,0.00,,, ,Non-Junction,None,,,         ,Julius,Gallon,Clear,Front to Rear,no,no,no,no,no,False
100939136,METROPOLITAN NASHVILLE POLICE DEPT,20150797357,Davidson,Nashville,8/25/2015 7:02:00 AM,2,0,0,36.140870,-86.728310,I 40,,,,0.00,,,,,,,213.20,N,Not at Intersection, ,Non-Junction,None,,,         ,James,Curtis,Clear,Front to Rear,no,no,no,no,no,False
100939141,METROPOLITAN NASHVILLE POLICE DEPT,20150797578,Davidson,Nashville,8/25/2015 8:27:00 AM,2,1,0,36.086600,-86.771960,STATE HWY 255,,,,0.00,,,US HWY 31,,,,0.00,Y,Four-Way,N,Intersection,None,,,         ,Reuben,Hewit,Clear,"Sideswipe, Opposite Direction",no,no,no,no,no,False
100939154,METROPOLITAN NASHVILLE POLICE DEPT,20150795027,Davidson,Nashville,8/24/2015 2:11:00 PM,2,0,0,36.143140,-86.666650,DONELSON PKE,,,,310.00,Feet,North,I40 W ENT RAMP,,,,0.00,N,Not at Intersection,N,Non-Junction,None,,,         ,James,Curtis,Clear,Angle,no,no,no,no,no,False
100939155,METROPOLITAN NASHVILLE POLICE DEPT,20150794768,Davidson,Nashville,8/24/2015 12:42:00 PM,2,0,0,36.188480,-86.775380,I 24,,,,0.00,,,,,,,47.00,N,Not at Intersection, ,Non-Junction,None,,,         ,Michael,McCord,Clear,Not Collision with Motor Vehicle in Transport,no,no,no,no,no,False
100939158,METROPOLITAN NASHVILLE POLICE DEPT,2015-0797506,Davidson,Nashville,8/25/2015 8:00:00 AM,2,0,0,36.228280,-86.857440,BRILEY PKWYW,,,,2211.00,Feet,West,BRILEY PKWYE,,,,0.00,N,Not at Intersection, ,Non-Junction,None,,,         ,William,Caillouette,Clear,"Sideswipe, Same Direction",no,no,no,no,no,False
100939167,METROPOLITAN NASHVILLE POLICE DEPT,2015-0797335,Davidson,Nashville,8/25/2015 6:53:00 AM,2,0,0,36.078940,-86.650880,OAK FOREST DR,,,,42.00,Feet,East,FIELDOAK CT,,,,0.00,N,Not at Intersection, ,Non-Junction,None,,,         ,William,Whitworth,Clear,HeadOn,no,no,no,no,no,False
100939170,BERRY HILL POLICE DEPT,15-3297,Davidson,Berry Hill,8/20/2015 8:28:00 AM,2,2,0,36.120230,-86.768400,BERRY RD,,,,117.00,Feet,East,GREYSTONE RD,,,,0.00,N,Not at Intersection,N,"Driveway, Alley Access, etc",None,,,         ,Ronnie,Hill,Cloudy,Angle,no,no,no,no,no,False
100939171,BERRY HILL POLICE DEPT,15-3365,Davidson,Berry Hill,8/24/2015 12:50:00 PM,2,2,0,36.119710,-86.770710,BERRY RD,,,,72.00,Feet,West,FESSEY PARK RD,,,,0.00,N,Not at Intersection,Y,"Driveway, Alley Access, etc",None,,,         ,Ronnie,Hill,Clear,Angle,no,no,no,no,no,False
100939172,BERRY HILL POLICE DEPT,15-3363,Davidson,Nashville,8/24/2015 8:46:00 AM,2,0,0,36.111310,-86.767200,POWELL AV,,,,133.00,Feet,North,OLD POWELL AV,,,,0.00,N,Not at Intersection, ,Non-Junction,None,,,         ,Ronnie,Hill,Clear,Front to Rear,no,no,no,no,no,False
100939174,METROPOLITAN NASHVILLE POLICE DEPT,20150794095,Davidson,Nashville,8/24/2015 8:14:00 AM,3,1,0,36.133230,-86.801310,PORTLAND AV,,,,0.00,,,MAGNOLIA BLVD,,,,0.00,Y,T-Intersection,N,Non-Junction,None,,,         ,Joshua,Dickall,Clear,Angle,no,no,no,no,no,False
100939188,METROPOLITAN NASHVILLE POLICE DEPT,20150797701,Davidson,Nashville,8/25/2015 8:30:00 AM,2,0,0,36.153960,-86.818220,28TH AVN,,,,0.00,,,CHARLOTTE AV,,,,0.00,Y,OTHER,N,OtherLocation,None,,,         ,Gregory,Lindstrom,Clear,Angle,no,no,no,yes,yes,False
100939192,METROPOLITAN NASHVILLE POLICE DEPT,2015-0797471,Davidson,Nashville,8/25/2015 7:25:00 AM,2,0,0,0.000000,0.000000,HOBSON,PIKE,,,0.00,,,OLE NOTTINGHAM,RD,,,0.00,Y,T-Intersection, ,Non-Junction,None,,,         ,John,Neely,Clear,Rear to Rear,no,no,no,no,no,False
100939193,METROPOLITAN NASHVILLE POLICE DEPT,20150746702,Davidson,Nashville,8/9/2015 12:00:00 AM,2,0,0,36.068420,-86.707770,HAYWOOD LN,,,,221.00,Feet,East,HAYWOOD CTN,,,,0.00,N,Not at Intersection, ,Non-Junction,None,,,         ,Brent,Hedgcoth,Clear,Front to Rear,no,no,no,no,no,False
100939201,METROPOLITAN NASHVILLE POLICE DEPT,20150797823,Davidson,Nashville,8/25/2015 10:00:00 AM,2,0,0,36.150480,-86.770350,4TH AVS,,,,0.00,,,I40 E EXT RAMP,,,,0.00,Y,Four-Way, ,Intersection,None,,,         ,Todd,Watson,Clear,Front to Rear,no,no,no,no,no,False
100939202,METROPOLITAN NASHVILLE POLICE DEPT,20150797920,Davidson,Nashville,8/25/2015 7:55:00 AM,3,0,0,36.078210,-86.725910,NOLENSVILLE PKE,,,,419.00,Feet,North,WALLACE RD,,,,0.00,N,Not at Intersection,N,Non-Junction,None,,,         ,Steven,Snitzer,Clear,Front to Rear,no,no,no,no,no,False
100939212,METROPOLITAN NASHVILLE POLICE DEPT,2015-0797709,Davidson,Nashville,8/25/2015 9:14:00 AM,2,1,0,36.152310,-86.766560,I 40,,,,0.00,,,,,,,210.60,N,Not at Intersection,N,Non-Junction,None,,,         ,Daniel,Massey,Clear,"Sideswipe, Same Direction",no,no,no,no,no,False
100939215,METROPOLITAN NASHVILLE POLICE DEPT,20150744062,Davidson,Nashville,8/8/2015 1:19:00 PM,3,0,0,36.212180,-86.775560,I 65,,,,0.00,,,,,,,87.75,N,Not at Intersection,Y,Non-Junction,Construction Zone,Work On Shoulder Or Median,Advanced Warning Area,         ,Martin,Gonzalez,Clear,Front to Rear,no,no,no,no,no,False
100939224,METROPOLITAN NASHVILLE POLICE DEPT,20150794170,Davidson,Nashville,8/24/2015 7:50:00 AM,2,0,0,36.054360,-86.618830,MURFREESBORO,PIKE,US41,,0.00,,,MT. VIEW,RD,US,,0.00,Y,Four-Way,N,Non-Junction,None,,,         ,Anthony,McClain,Clear,Front to Rear,no,no,no,no,yes,False
100939236,METROPOLITAN NASHVILLE POLICE DEPT,20150797998,Davidson,Nashville,8/25/2015 10:45:00 AM,2,0,0,36.151380,-86.768260,2ND AVS,,,,0.00,,,I40 E ENT RAMP,,,,0.00,Y,Four-Way, ,Intersection-Related,None,,,         ,Catherine,Poole,Clear,Angle,no,no,no,no,no,False
100939253,METROPOLITAN NASHVILLE POLICE DEPT,20150798291,Davidson,Nashville,8/25/2015 12:20:00 PM,2,0,0,36.163710,-86.778950,4TH AVE N,,,,0.00,,,CHURCH ST,,,,0.00,Y,T-Intersection, ,,None,,,         ,Johnny,Crumby Jr.,,,no,no,no,no,no,False
100939257,GOODLETTSVILLE POLICE DEPT,15-32255,Davidson,Goodlettsville,8/25/2015 11:39:00 AM,2,0,0,36.307890,-86.704130,RIVERGATE PKWY,,,,0.00,,,I 65,,,,0.00,Y,T-Intersection,Y,Entrance/Exit Ramp Related,None,,,         ,Benny,Alexander,Clear,Angle,no,no,no,no,no,False
100939274,METROPOLITAN NASHVILLE POLICE DEPT,2015-0797488,Davidson,Nashville,8/25/2015 7:55:00 AM,2,0,0,36.155070,-86.764230,HERMITAGE AV,,,,275.00,Feet,West,ANTHES DR,,,,0.00,N,Not at Intersection, ,Non-Junction,None,,,         ,Allen,Bates,Clear,Front to Rear,no,no,no,no,no,False
100939276,METROPOLITAN NASHVILLE POLICE DEPT,20150798002,Davidson,Nashville,8/25/2015 10:46:00 AM,2,0,0,36.151760,-86.768630,2ND AVS,,,,0.00,,,I40 W EXT RAMP,,,,0.00,Y,Four-Way, ,Intersection-Related,None,,,         ,Catherine,Poole,Clear,Front to Rear,no,no,no,no,no,False
100939277,METROPOLITAN NASHVILLE POLICE DEPT,20150797989,Davidson,Nashville,8/25/2015 10:33:00 AM,2,0,0,36.152170,-86.791920,DIVISION ST,,,,0.00,,,16TH AVS,,,,0.00,Y,Traffic Circle, ,,None,,,         ,Randal,Owsley,,,no,no,no,no,no,False
100939286,METROPOLITAN NASHVILLE POLICE DEPT,20150796273,Davidson,Nashville,8/24/2015 10:19:00 PM,2,2,0,36.043290,-86.640760,MT VIEW RD,,,,12.00,Feet,East,BABY RUTH LN,,,,0.00,N,Not at Intersection,N,Non-Junction,None,,,         ,Jessie,Meadows,Clear,Angle,no,no,no,no,no,False
100939292,METROPOLITAN NASHVILLE POLICE DEPT,20150798402,Davidson,Nashville,8/25/2015 1:00:00 PM,2,0,0,36.220790,-86.774730,I 65,,,,0.00,,,,,,,88.35,N,Not at Intersection, ,Entrance/Exit Ramp Related,Construction Zone,,,         ,Michael,McCord,Clear,"Sideswipe, Same Direction",no,no,no,no,yes,False
100939293,METROPOLITAN NASHVILLE POLICE DEPT,2015-0798537,Davidson,Nashville,8/25/2015 12:00:00 AM,2,0,0,36.130800,-86.905610,CHARLOTTE PKE PVTDR,,,,0.00,,,,,,,0.00,,, ,Non-Junction,None,,,         ,Curtis,Rich,Clear,Angle,no,no,no,yes,yes,False
100939295,METROPOLITAN NASHVILLE POLICE DEPT,2015-0798062,Davidson,Nashville,8/25/2015 10:55:00 AM,2,0,0,36.162400,-86.778080,4TH AVE N,,,,0.00,,,COMMERCE ST,,,,0.00,Y,OTHER, ,Non-Junction,None,,,         ,Dale,Tomlin,Clear,"Sideswipe, Same Direction",no,no,no,no,no,False
100939299,METROPOLITAN NASHVILLE POLICE DEPT,20150798411,Davidson,Nashville,8/25/2015 1:00:00 PM,2,0,0,36.188290,-86.742890,N 14TH ST,,,,30.00,Feet,South,SHARPE AVE,,,,0.00,N,Not at Intersection, ,Non-Junction,None,,,         ,Erik,Nash,Clear,Angle,no,no,no,no,no,False
100939300,METROPOLITAN NASHVILLE POLICE DEPT,20150795221,Davidson,Nashville,8/24/2015 3:30:00 PM,2,0,0,36.204190,-86.870140,STATE HWY 155,,,,654.00,Feet,South,EXIT 24,,,,0.00,N,Not at Intersection, ,Non-Junction,None,,,         ,Daniel,Kordie,Clear,Front to Rear,no,no,no,no,no,False
100939306,METROPOLITAN NASHVILLE POLICE DEPT,20150798376,Davidson,Nashville,8/25/2015 12:51:00 PM,2,0,0,36.044860,-86.670430,BELL RD,,,,0.00,,,HICKORY PARK DR,,,,0.00,Y,T-Intersection, ,Non-Junction,None,,,         ,Julius,Gallon,Clear,Front to Rear,no,no,no,no,no,False
100939315,METROPOLITAN NASHVILLE POLICE DEPT,20150798438,Davidson,Nashville,8/25/2015 1:19:00 PM,2,1,0,36.174910,-86.792430,ROSA L PARKS BLVD,,,,148.00,Feet,South,MONROE ST,,,,0.00,N,Not at Intersection,N,Non-Junction,None,,,         ,Charles,Ward,Clear,Front to Rear,no,no,no,no,no,False
100939333,METROPOLITAN NASHVILLE POLICE DEPT,20150798608,Davidson,Nashville,8/25/2015 2:15:00 PM,1,0,0,36.151590,-86.852100,CHARLOTTE AV,,,,0.00,,,MORROW RD,,,,0.00,Y,T-Intersection,N,Intersection-Related,None,,,         ,Douglas,Sykes,Clear,Not Collision with Motor Vehicle in Transport,no,no,no,no,no,False
100939337,METROPOLITAN NASHVILLE POLICE DEPT,20150797652,Davidson,Nashville,8/25/2015 8:51:00 AM,2,0,0,36.135750,-86.800990,ACKLEN AV,,,,0.00,,,21ST AVS,,,,0.00,Y,Four-Way, ,Intersection-Related,None,,,         ,Joshua,Dickall,Clear,"Sideswipe, Same Direction",no,no,no,no,no,Campus