master_record_number,agency,agency_tracking_number,county,city,collision_date,vehicles_involved,number_injured,number_dead,latitude,longitude,roadway_name,roadway_suffix,roadway_number,roadway_local_id,distance_from_reference,miles-feet_indicator,direction_from_reference,intersection_road_name,intersection_road_name_suffix,intersection_road_number,intersection_local_id,mile_marker,intersection_indicator,intersect_type,interchange_related_indicator,relation_to_junction,work_zone_type,construction_maintenance_zone,construction_maintenance_zone_location,fatal_case_number,officer_first_name,officer_last_name,weather_condition(s),manner_of_crash,pedestrian,bicycle,scooter,parking,hitrun,mou
100939806,METROPOLITAN NASHVILLE POLICE DEPT,20150802032,Davidson,Nashville,8/26/2015 12:00:00 PM,2,0,0,36.106170,-86.672550,RAMP,,,,0.00,Feet,East,US HWY 41,,,,0.00,N,Not at Intersection, ,Entrance/Exit Ramp Related,None,,,         ,Brian,Ewing,Clear,Front to Rear,no,no,no,no,no,False
100939820,METROPOLITAN NASHVILLE POLICE DEPT,20150801604,Davidson,Old Hickory,8/26/2015 8:03:00 AM,2,0,0,36.257380,-86.656060,ROBINSON RD,RD,,ROBINSON RD,0.00,,,MARTINGALE DR,DR,,MARTINGALE DR,0.00,Y,Four-Way, ,Intersection-Related,None,,,         ,Craig,Carlson,Clear,Front to Rear,no,no,no,no,no,False
100939821,METROPOLITAN NASHVILLE POLICE DEPT,20150801991,Davidson,Nashville,8/26/2015 11:59:00 AM,2,0,0,36.215100,-86.596210,LEBANON PKE,,,,429.00,Feet,East,ANDREW JACKSON PKWY,,,,0.00,N,Not at Intersection, ,Non-Junction,None,,,         ,Craig,Carlson,Clear,HeadOn,no,no,no,no,no,False
100939825,METROPOLITAN NASHVILLE POLICE DEPT,20150802175,Davidson,Nashville,8/26/2015 1:09:00 PM,2,0,0,36.080370,-86.685700,ANTIOCH PKE,,,,0.00,,,FRANKLIN LIMESTONE RD,,,,0.00,Y,Four-Way, ,Intersection,None,,,         ,Brian,Penny,Clear,Front to Rear,no,no,no,no,no,False
100939829,METROPOLITAN NASHVILLE POLICE DEPT,20150802226,Davidson,Nashville,8/26/2015 12:05:00 PM,3,0,0,36.139690,-86.727520,I24 W ENT RAMP,,,,0.00,,,I 40,,,,0.00,Y,Y-Intersection,N,Non-Junction,None,,,         ,Wesley,Feinstein,Clear,Front to Rear,no,no,no,no,yes,False
100939830,METROPOLITAN NASHVILLE POLICE DEPT,20150802054,Davidson,Nashville,8/26/2015 12:24:00 PM,2,0,0,0.000000,0.000000,CHIMNEYTOP,DR,,,0.00,,,CHIMNEYTOP,DR,,,0.00,Y,T-Intersection,N,Intersection,None,,,         ,Randall,Combs,Clear,Front to Rear,no,no,no,yes,no,False
100939861,METROPOLITAN NASHVILLE POLICE DEPT,20150802437,Davidson,Nashville,8/26/2015 2:52:00 PM,2,1,0,36.034400,-86.743560,EDMONDSON PKE,,,,0.00,,,FRONTIER LN,,,,0.00,Y,Four-Way,N,Intersection-Related,None,,,         ,Tien,Nguyen,Clear,Front to Rear,no,no,no,no,no,False
100939865,METROPOLITAN NASHVILLE POLICE DEPT,2015-0802449,Davidson,Nashville,8/26/2015 2:55:00 PM,2,0,0,36.086910,-86.777510,BATTERY LN,,,,100.00,Feet,East,CHURCHWOOD DR,,,,0.00,N,Not at Intersection,N,Non-Junction,None,,,         ,William,King,Clear,Front to Rear,no,no,no,no,no,False
100939885,METROPOLITAN NASHVILLE POLICE DEPT,20150802444,Davidson,Nashville,8/26/2015 2:50:00 PM,3,1,0,36.214610,-86.604660,LEBANON PKE,,,,0.00,,,SHUTE LN,,,,0.00,Y,Y-Intersection,N,Intersection,None,,,         ,James,DeSantis,Clear,Angle,no,no,no,no,no,False
100939894,METROPOLITAN NASHVILLE POLICE DEPT,20150802629,Davidson,Nashville,8/26/2015 3:41:00 PM,3,0,0,36.148630,-86.781570,I 40,,,,0.00,,,,,,,209.75,N,Not at Intersection,N,Entrance/Exit Ramp Related,None,,,         ,Tien,Nguyen,Clear,Front to Rear,no,no,no,no,yes,False
100939898,METROPOLITAN NASHVILLE POLICE DEPT,20150802464,Davidson,Nashville,8/26/2015 2:42:00 PM,2,0,0,36.220950,-86.774700,I 65,,,,0.00,,,,,,,88.35,N,Not at Intersection, ,Entrance/Exit Ramp Related,Construction Zone,,,         ,Victor,Alexander,Clear,"Sideswipe, Same Direction",no,no,no,no,no,False
100939920,METROPOLITAN NASHVILLE POLICE DEPT,20150802808,Davidson,Nashville,8/26/2015 4:43:00 PM,2,1,0,36.137330,-86.798140,WEDGEWOOD AV,,,,0.00,,,19TH AVS,,,,0.00,Y,Four-Way,N,Entrance/Exit Ramp Related,None,,,         ,Tien,Nguyen,Clear,Front to Rear,no,no,no,no,no,Campus
100939921,METROPOLITAN NASHVILLE POLICE DEPT,20150802632,Davidson,Nashville,8/26/2015 3:30:00 PM,2,0,0,36.168000,-86.821400,JOHN A MERRITT BLVD,,,,0.00,,,29TH AVN,,,,0.00,Y,OTHER, ,Intersection-Related,None,,,         ,Jeanine,Sarno,Clear,Front to Rear,no,no,no,no,no,False
100939923,METROPOLITAN NASHVILLE POLICE DEPT,20150802759,Davidson,Nashville,8/26/2015 4:12:00 PM,2,0,0,36.153450,-86.795110,WEST END AV,,,,242.00,Feet,West,17TH AVN,,,,0.00,N,Not at Intersection,N,Non-Junction,None,,,         ,Maria,Cortez,Clear,Angle,no,no,no,yes,yes,False
100939928,METROPOLITAN NASHVILLE POLICE DEPT,20150802828,Davidson,Nashville,8/26/2015 4:38:00 PM,2,0,0,36.233460,-86.819260,BRILEY PKWYW,,,,60.00,Feet,West,BRILEY PKWY W ENT RAMP,,,,0.00,N,Not at Intersection, ,Non-Junction,None,,,         ,Nathaniel,Clemons,Clear,"Sideswipe, Same Direction",no,no,no,no,no,False
100939929,METROPOLITAN NASHVILLE POLICE DEPT,20150802709,Davidson,Madison,8/26/2015 4:00:00 PM,2,0,0,36.263110,-86.712360,OLD HICKORY BLVDW,,,,150.00,Feet,West,GALLATIN PKEN,,,,0.00,N,Not at Intersection,N,"Driveway, Alley Access, etc",None,,,         ,Nathan,Dungan,Clear,Angle,no,no,no,no,no,False
100939932,METROPOLITAN NASHVILLE POLICE DEPT,20150802964,Davidson,Nashville,8/26/2015 5:36:00 PM,2,0,0,36.083840,-86.763930,I65 S EXT RAMP,,,,0.00,Feet,East,I 65,,,,0.00,N,Not at Intersection, ,Non-Junction,None,,,         ,Tien,Nguyen,Clear,Front to Rear,no,no,no,no,no,False
100939939,METROPOLITAN NASHVILLE POLICE DEPT,20150802825,Davidson,Nashville,8/26/2015 4:45:00 PM,2,0,0,36.160710,-86.781740,7TH AVN,,,,15.00,Feet,South,COMMERCE ST,,,,0.00,N,Not at Intersection, ,,None,,,         ,Tyler,Hutton,,,no,no,no,no,no,False
100939942,METROPOLITAN NASHVILLE POLICE DEPT,20150802636,Davidson,Nashville,8/26/2015 3:50:00 PM,4,1,0,36.070130,-86.634260,MURFREESBORO PKE,,,,851.00,Feet,South,BELL RD,,,,0.00,N,Not at Intersection,N,Non-Junction,None,,,         ,William,Durham,Clear,Front to Rear,no,no,no,no,no,False
100939948,VANDERBILT UNIVERSITY POLICE,15-00802786,Davidson,Nashville,8/26/2015 12:00:00 AM,2,0,0,36.142670,-86.806560,HIGHLAND AV,,,,0.00,,,25TH AVS,,,,0.00,Y,OTHER, ,Non-Junction,None,,,         ,Cedric,Edwards,Clear,Other,no,no,no,yes,no,Campus
100939949,METROPOLITAN NASHVILLE POLICE DEPT,20150802790,Davidson,Nashville,8/26/2015 4:38:00 PM,3,1,0,36.211250,-86.838870,CLARKSVILLE PKE,,,,93.00,Feet,North,NORTHSIDE STATION PVTDR,,,,0.00,N,Not at Intersection,N,Non-Junction,None,,,         ,Brandon,Evans,Clear,Front to Rear,no,no,no,no,no,False
100939954,METROPOLITAN NASHVILLE POLICE DEPT,2015-0801238,Davidson,Nashville,8/26/2015 6:43:00 AM,2,1,0,36.221890,-86.597550,ANDREW JACKSON PKWY,,,,0.00,,,DONELSON TRC,,,,0.00,Y,T-Intersection,N,Intersection,None,,,         ,Jeb,Johnston,Clear,HeadOn,no,no,no,no,no,False
100939955,METROPOLITAN NASHVILLE POLICE DEPT,2015-0803018,Davidson,Nashville,8/26/2015 12:00:00 AM,1,0,0,0.000000,0.000000,AMERICAN,RD,,604,500.00,Feet,East,ANNEX,AVE,,,0.00,N,Not at Intersection,N,Non-Junction,None,,,         ,Christopher,Clark,Unknown,Not Collision with Motor Vehicle in Transport,no,no,no,yes,yes,False
100939958,METROPOLITAN NASHVILLE POLICE DEPT,20150802954,Davidson,Nashville,8/26/2015 5:30:00 PM,2,0,0,36.211570,-86.838770,US HWY 41 ALT,,,,212.00,Feet,North,FAIRVIEW DR,,,,0.00,N,Not at Intersection, ,Non-Junction,Work Zone,,,         ,Joshua,Carter,Clear,"Sideswipe, Same Direction",no,no,no,no,no,False
100939959,METROPOLITAN NASHVILLE POLICE DEPT,2015-0802904,Davidson,Nashville,8/26/2015 5:15:00 PM,2,2,0,36.031960,-86.762840,CLOVERLAND DR,,,,0.00,,,CLOVERLAND PL,,,,0.00,Y,T-Intersection,N,Intersection,None,,,         ,William,King,Clear,Angle,no,no,no,no,no,False
100939963,METROPOLITAN NASHVILLE POLICE DEPT,20150802965,Davidson,Nashville,8/26/2015 5:27:00 PM,2,0,0,36.215100,-86.596140,LEBANON PKE,,,,449.00,Feet,East,ANDREW JACKSON PKWY,,,,0.00,N,Not at Intersection, ,Non-Junction,None,,,         ,Darryl,Williams,Clear,Front to Rear,no,no,no,no,no,False
100939966,METROPOLITAN NASHVILLE POLICE DEPT,20150803056,Davidson,Nashville,8/26/2015 6:06:00 PM,2,0,0,36.141590,-86.672020,I 40,,,,570.00,Feet,West,-- UNKNOWN RAMP/ROAD --,,,,0.00,N,Not at Intersection, ,Non-Junction,None,,,         ,Michael,Apsey,Clear,"Sideswipe, Same Direction",no,no,no,no,no,False
100939967,METROPOLITAN NASHVILLE POLICE DEPT,20150802976,Davidson,Nashville,8/26/2015 5:33:00 PM,2,0,0,36.074630,-86.919470,BELLEVUE VALLEY PLAZA PVTDR,,,,107.00,Feet,South,HIGHWAY 70S,,,,0.00,N,Not at Intersection, ,Non-Junction,None,,,         ,Tyler,Reese,Clear,"Sideswipe, Same Direction",no,no,no,no,no,False
100939969,METROPOLITAN NASHVILLE POLICE DEPT,2015-0801416,Davidson,Not in City Limit,8/26/2015 7:17:00 AM,3,0,0,36.263440,-86.675460,STATE RT 45,,,,0.00,,,OLD HICKORY BLVD,,,,0.00,Y,OTHER, ,Unknown,Construction Zone,,,         ,Jeb,Johnston,Clear,Front to Rear,no,no,no,no,no,False
100939975,METROPOLITAN NASHVILLE POLICE DEPT,20150803134,Davidson,Nashville,8/26/2015 6:15:00 PM,2,0,0,36.106210,-86.673060,MURFREESBORO PKE,,,,0.00,,,DONELSON PKE,,,,0.00,Y,Four-Way,N,Intersection-Related,None,,,         ,Thomas,Barnes,Clear,Angle,no,no,no,no,no,False
100939982,METROPOLITAN NASHVILLE POLICE DEPT,2015-0802642,Davidson,Nashville,8/26/2015 3:52:00 PM,2,1,0,36.158560,-86.787530,11TH AVE N,,,,0.00,,,GRUNDY ST,,,,0.00,Y,T-Intersection,N,Intersection,None,,,         ,Michael,Schlegel,Clear,Angle,no,no,no,no,no,False
100939983,METROPOLITAN NASHVILLE POLICE DEPT,20150802897,Davidson,Nashville,8/26/2015 5:09:00 PM,2,0,0,36.149690,-86.779180,8TH AVS,,,,0.00,,,DIVISION ST,,,,0.00,Y,Four-Way,N,Intersection,None,,,         ,Michael,Douglas,Clear,Front to Rear,no,no,no,no,no,False
100939986,METROPOLITAN NASHVILLE POLICE DEPT,20150802831,Davidson,Nashville,8/26/2015 4:35:00 PM,2,0,0,36.201390,-86.783960,KASSIA ST,,,,18.00,Feet,North,CROSS ST,,,,0.00,N,Not at Intersection, ,Non-Junction,None,,,         ,Victor,Alexander,Clear,"Sideswipe, Opposite Direction",no,no,no,no,no,False
100939991,METROPOLITAN NASHVILLE POLICE DEPT,20150802990,Davidson,Nashville,8/26/2015 5:50:00 PM,2,2,0,36.108560,-86.788300,GRAYBAR LN,,,,0.00,,,LEALAND LN,,,,0.00,Y,Four-Way,N,Intersection,None,,,         ,Clyde,Stambaugh,Clear,Angle,no,no,no,no,no,False
100939992,METROPOLITAN NASHVILLE POLICE DEPT,20150802539,Davidson,Nashville,8/26/2015 3:22:00 PM,2,0,0,36.149320,-86.773550,I 40,,,,0.00,,,,,,,210.20,N,Not at Intersection, ,Non-Junction,None,,,         ,Clyde,Stambaugh,Clear,Front to Rear,no,no,no,no,no,False
100939997,METROPOLITAN NASHVILLE POLICE DEPT,20150802499,Davidson,Nashville,8/26/2015 2:55:00 PM,2,3,0,36.089210,-86.650070,MURFREESBORO PKE,,,,53.00,Feet,North,RANSOM PL,,,,0.00,N,Not at Intersection,N,Non-Junction,None,,,         ,Jessie,Meadows,Clear,Angle,no,no,no,no,no,False
100939998,METROPOLITAN NASHVILLE POLICE DEPT,20150803296,Davidson,Nashville,8/26/2015 7:53:00 PM,1,1,0,36.107420,-86.719660,I24 W EXT RAMP,,,,0.00,Feet,East,I 24,,,,0.00,N,Not at Intersection,N,Non-Junction,None,,,         ,Jacob,Masteller,Clear,Not Collision with Motor Vehicle in Transport,no,no,no,no,no,False
100940005,METROPOLITAN NASHVILLE POLICE DEPT,20150802706,Davidson,Nashville,8/26/2015 4:07:00 PM,2,0,0,36.157860,-86.791450,US HWY 70,,,,50.00,Feet,South,CHURCH ST,,,,0.00,N,Not at Intersection,N,Non-Junction,None,,,         ,Clyde,Stambaugh,Clear,"Sideswipe, Same Direction",no,no,no,no,no,False
100940009,METROPOLITAN NASHVILLE POLICE DEPT,20150802920,Davidson,Nashville,8/26/2015 5:19:00 PM,2,0,0,36.153000,-86.799660,HAYES ST,,,,0.00,,,,,,,0.00,,, ,OtherLocation,None,,,         ,Clyde,Stambaugh,Clear,Other,no,no,no,yes,no,False
100940014,METROPOLITAN NASHVILLE POLICE DEPT,20150803022,Davidson,Antioch,8/26/2015 6:21:00 PM,2,0,0,36.025470,-86.587420,MURFREESBORO RD,,,,437.00,Feet,North,WALDRON RD,,,,0.00,N,Not at Intersection, ,Non-Junction,None,,,         ,Jessie,Meadows,Clear,Front to Rear,no,no,no,no,no,False
100940020,METROPOLITAN NASHVILLE POLICE DEPT,20150802982,Davidson,Antioch,8/26/2015 6:06:00 PM,2,0,0,36.025470,-86.587420,MURFREESBORO RD,,,,437.00,Feet,North,WALDRON RD,,,,0.00,N,Not at Intersection,N,Non-Junction,None,,,         ,Jessie,Meadows,Clear,Front to Rear,no,no,no,no,yes,False
100940027,METROPOLITAN NASHVILLE POLICE DEPT,20150802963,Davidson,Nashville,8/26/2015 5:30:00 PM,3,0,0,36.044850,-86.663110,BELL RD,,,,468.00,Feet,West,CANE RIDGE RD,,,,0.00,N,Not at Intersection,N,Non-Junction,None,,,         ,Oscar,Gomez,Clear,Front to Rear,no,no,no,no,no,False
100940034,METROPOLITAN NASHVILLE POLICE DEPT,20150802575,Davidson,Nashville,8/26/2015 3:30:00 PM,2,0,0,36.130400,-86.715860,MURFREESBORO PKE,,,,474.00,Feet,West,MILLWOOD DR,,,,0.00,N,Not at Intersection,N,Non-Junction,None,,,         ,Timothy,Mead,Clear,Angle,no,no,no,no,no,False
100940035,METROPOLITAN NASHVILLE POLICE DEPT,20150802856,Davidson,Nashville,8/26/2015 4:50:00 PM,2,0,0,36.140870,-86.817430,WEST END AV,,,,0.00,,,ACKLEN PARK DR,,,,0.00,Y,T-Intersection,N,Intersection,None,,,         ,Eric,Harvey,Clear,Front to Rear,no,no,no,no,no,False
100940036,METROPOLITAN NASHVILLE POLICE DEPT,20150803388,Davidson,Nashville,8/26/2015 8:32:00 PM,2,2,0,36.218150,-86.803480,WHITES CREEK PKE,,,,0.00,,,MOORMANS ARM RD,,,,0.00,Y,Four-Way,Y,Intersection,None,,,         ,Robert,Erickson,Clear,Angle,no,no,no,no,no,False
100940040,METROPOLITAN NASHVILLE POLICE DEPT,20150803197,Davidson,Antioch,8/26/2015 7:05:00 AM,2,0,0,36.026210,-86.578160,W NIR SHREIBMAN BLVD,,,,250.00,Feet,West,MADISON SQUARE BLVD,,,,0.00,N,Not at Intersection,N,Non-Junction,None,,,         ,William,Durham,Clear,"Sideswipe, Same Direction",no,no,no,yes,yes,False
100940041,METROPOLITAN NASHVILLE POLICE DEPT,2015-0803508,Davidson,Nashville,8/26/2015 9:11:00 PM,2,0,0,36.152390,-86.836610,CHARLOTTE AV,,,,132.00,Feet,East,42ND AVN,,,,0.00,N,Not at Intersection, ,Non-Junction,None,,,         ,Christopher,Clark,Clear,Front to Rear,no,no,no,no,no,False
100940047,METROPOLITAN NASHVILLE POLICE DEPT,20150803381,Davidson,Nashville,8/26/2015 8:28:00 PM,3,3,0,36.052200,-86.743090,HUNTINGTON PKWY,,,,0.00,,,EDMONDSON PKE,,,,0.00,Y,Four-Way,N,Intersection-Related,None,,,         ,Tien,Nguyen,Clear,Front to Rear,no,no,no,no,no,False
100940050,METROPOLITAN NASHVILLE POLICE DEPT,20150802478,Davidson,Nashville,8/26/2015 4:57:00 PM,2,1,0,36.045320,-86.628320,MT VIEW RD,,,,29.00,Feet,East,ASHEFORD TRC,,,,0.00,N,Not at Intersection,N,Non-Junction,None,,,         ,Jessie,Meadows,Clear,"Sideswipe, Same Direction",no,no,no,no,no,False
100940077,METROPOLITAN NASHVILLE POLICE DEPT,20150802722,Davidson,Antioch,8/26/2015 4:08:00 PM,2,0,0,36.049840,-86.562440,HURRICANE CREEK BOAT RMP,,,,0.00,Feet,East,STONES RIVER RD,,,,0.00,N,Not at Intersection,N,Non-Junction,None,,,         ,Kevin,Keating,Clear,Front to Rear,no,no,no,no,no,False
100940078,METROPOLITAN NASHVILLE POLICE DEPT,20150803136,Davidson,Antioch,8/26/2015 6:33:00 PM,1,0,0,36.010990,-86.685540,SANTEELAH WAY,,,,35.00,Feet,South,STECOAH ST,,,,0.00,N,Not at Intersection,N,Non-Junction,None,,,         ,Kevin,Keating,Clear,Not Collision with Motor Vehicle in Transport,no,no,no,no,no,False
100940081,METROPOLITAN NASHVILLE POLICE DEPT,20150803396,Davidson,Nashville,8/26/2015 10:23:00 PM,2,0,0,36.044880,-86.663730,BELL RD,,,,651.00,Feet,West,CANE RIDGE RD,,,,0.00,N,Not at Intersection,N,Non-Junction,None,,,         ,Jessie,Meadows,Clear,Front to Rear,no,no,no,no,yes,False
100940083,METROPOLITAN NASHVILLE POLICE DEPT,20150802805,Davidson,Nashville,8/26/2015 4:09:00 PM,2,0,0,36.145740,-86.753920,TREVECCA UNIVERSITY PVTDR,,,,88.00,Feet,South,EXPRESSWAY PARK DR,,,,0.00,N,Not at Intersection, ,OtherLocation,None,,,         ,Paul,Goebel,Clear,Front to Rear,no,no,no,no,no,False
100940085,METROPOLITAN NASHVILLE POLICE DEPT,20150803640,Davidson,Nashville,8/26/2015 10:39:00 PM,3,0,0,36.151140,-86.666560,DONELSON PKE,,,,157.00,Feet,North,ALLEN RD,,,,0.00,N,Not at Intersection, ,Non-Junction,None,,,         ,Thomas,Barnes,Clear,Front to Rear,no,no,no,no,no,False
100940087,METROPOLITAN NASHVILLE POLICE DEPT,20150803721,Davidson,Nashville,8/26/2015 10:20:00 PM,2,0,0,36.130000,-86.838690,US HWY 70S,,,,0.00,,,MONTGOMERY BELL AVE,,,,0.00,Y,Four-Way,Y,Intersection,None,,,         ,Robert,Buckman,Clear,Angle,no,no,no,no,yes,False
100940103,METROPOLITAN NASHVILLE POLICE DEPT,20150803920,Davidson,Nashville,8/26/2015 11:45:00 PM,2,0,0,36.090610,-86.627580,SMITH SPRINGS RD,,,,335.00,Feet,West,BELL RD,,,,0.00,N,Not at Intersection,N,Non-Junction,None,,,         ,Alyson,Cook,Clear,Front to Rear,no,no,no,no,no,False
100940114,METROPOLITAN NASHVILLE POLICE DEPT,20150803733,Davidson,Nashville,8/26/2015 9:07:00 PM,2,0,0,36.016460,-86.619960,STATE HWY 171,,,,145.00,Feet,South,FIRESTONE PKWY,,,,0.00,N,Not at Intersection,N,Non-Junction,None,,,         ,David,Moser,Clear,"Sideswipe, Same Direction",no,no,no,no,yes,False
100940115,METROPOLITAN NASHVILLE POLICE DEPT,20150801152,Davidson,Nashville,8/26/2015 5:52:00 AM,2,0,0,36.103620,-86.666480,OLD MURFREESBORO PKE,,,,0.00,,,FAIRCLOTH LN,,,,0.00,Y,OTHER,N,Intersection,None,,,         ,Bridget,Griepentrog,Clear,Angle,no,no,no,no,no,False
100940119,METROPOLITAN NASHVILLE POLICE DEPT,20150804439,Davidson,Nashville,8/27/2015 2:31:00 AM,1,0,0,36.144990,-86.740380,I 40,,,,0.00,,,,,,,212.30,N,Not at Intersection,N,Non-Junction,None,,,         ,Evan,Hibschman,Clear,Not Collision with Motor Vehicle in Transport,no,no,no,no,no,False
100940141,METROPOLITAN NASHVILLE POLICE DEPT,20150804642,Davidson,Nashville,8/27/2015 4:30:00 AM,1,0,0,36.201140,-86.868860,BRILEY PKWYS,,,,1834.00,Feet,South,BRILEY PKWYN,,,,0.00,N,Not at Intersection,N,Non-Junction,None,,,         ,Eric,Mumaw,Clear,Not Collision with Motor Vehicle in Transport,no,no,no,no,no,False
100940158,METROPOLITAN NASHVILLE POLICE DEPT,20150802253,Davidson,Nashville,8/26/2015 1:32:00 PM,4,2,0,36.070760,-86.769720,I 65,,,,0.00,,,,,,,77.00,N,Not at Intersection,N,Non-Junction,None,,,         ,Nathan,Kemp,Clear,"Sideswipe, Same Direction",no,no,no,no,yes,False
100940170,METROPOLITAN NASHVILLE POLICE DEPT,2015-0804927,Davidson,Not in City Limit,8/27/2015 6:55:00 AM,2,0,0,36.077440,-87.002160,I 40,,,,0.00,,,,,,,193.50,N,Not at Intersection,N,Non-Junction,None,,,         ,Curtis,Rich,Clear,Angle,no,no,no,no,yes,False
100940179,METROPOLITAN NASHVILLE POLICE DEPT,2015-0802359,Davidson,Nashville,8/26/2015 2:20:00 PM,2,0,0,36.075060,-86.724920,NOLENSVILLE PKE,,,,0.00,,,FLORA MAXWELL RD,,,,0.00,Y,T-Intersection, ,Intersection-Related,None,,,         ,Todd,Watson,Clear,"Sideswipe, Same Direction",no,no,no,no,no,False
100940183,METROPOLITAN NASHVILLE POLICE DEPT,2015-0805061,Davidson,Not in City Limit,8/27/2015 7:44:00 AM,2,0,0,36.082290,-87.009080,NEWSOM STATION RD,,,,0.00,,,LEXINGTON POINT DR,,,,0.00,Y,T-Intersection, ,Intersection,None,,,         ,Curtis,Rich,Clear,Front to Rear,no,no,no,no,no,False
100940193,METROPOLITAN NASHVILLE POLICE DEPT,20150805011,Davidson,Nashville,8/27/2015 7:00:00 AM,2,0,0,36.152200,-86.842220,CHARLOTTE AV,,,,0.00,,,46TH AVN,,,,0.00,Y,Four-Way, ,,None,,,         ,Corteze,Armstrong,,,no,no,no,no,no,False
100940196,METROPOLITAN NASHVILLE POLICE DEPT,20150805024,Davidson,Nashville,8/27/2015 7:36:00 AM,2,0,0,36.136610,-86.822100,I440 E EXT RAMP,,,,0.00,,,I 440,,,,0.00,Y,T-Intersection, ,Entrance/Exit Ramp Related,None,,,         ,Darrell,Osment,Clear,Front to Rear,no,no,no,no,no,False
100940200,METROPOLITAN NASHVILLE POLICE DEPT,20150804995,Davidson,Nashville,8/27/2015 7:10:00 AM,2,1,0,36.116000,-86.725280,I 24,,,,0.00,,,,,,,53.20,N,Not at Intersection,N,Non-Junction,None,,,         ,Ian,Hammond,Clear,Front to Rear,no,no,no,no,yes,False
100940209,BERRY HILL POLICE DEPT,15-3395,Davidson,Nashville,8/26/2015 1:05:00 PM,3,0,0,36.111730,-86.760940,THOMPSON LN,,,,588.00,Feet,East,E IRIS DR,,,,0.00,N,Not at Intersection, ,Non-Junction,None,,,         ,John,Gleixner,Clear,Front to Rear,no,no,no,no,no,False
100940227,METROPOLITAN NASHVILLE POLICE DEPT,2015-0805222,Davidson,Nashville,8/27/2015 9:00:00 AM,2,0,0,36.124540,-86.847230,WOODMONT BLVD,,,,199.00,Feet,South,HARDING PKE,,,,0.00,N,Not at Intersection, ,Non-Junction,None,,,         ,Curtis,Rich,Clear,Angle,no,no,no,no,no,False
100940234,METROPOLITAN NASHVILLE POLICE DEPT,2015-0802159,Davidson,Nashville,8/26/2015 1:00:00 PM,3,0,0,36.150210,-86.784470,I 40,,,,0.00,,,,,,,209.55,N,Not at Intersection, ,Entrance/Exit Ramp Related,None,,,         ,Daniel,Massey,Clear,Front to Rear,no,no,no,no,no,False
100940238,METROPOLITAN NASHVILLE POLICE DEPT,20150805241,Davidson,Nashville,8/27/2015 8:05:00 AM,2,0,0,36.182520,-86.797680,ROSA L PARKS BLVD,,,,0.00,Feet,East,I65 N EXT RAMP,,,,0.00,N,Not at Intersection, ,,None,,,         ,Joshua,Baker,,,no,no,no,no,no,False
100940239,METROPOLITAN NASHVILLE POLICE DEPT,2015082326,Davidson,Nashville,8/26/2015 2:00:00 PM,2,0,0,36.157370,-86.789980,I40 W EXT RAMP,,,,0.00,,,I 40,,,,0.00,Y,Y-Intersection, ,Non-Junction,None,,,         ,Michael,Johnson,Clear,Front to Rear,no,no,no,no,no,False
100940241,METROPOLITAN NASHVILLE POLICE DEPT,20150805372,Davidson,Nashville,8/27/2015 9:34:00 AM,2,0,0,36.037710,-86.784820,OLD HICKORY BLVD,,,,0.00,,,I65 S EXT RAMP,,,,0.00,Y,Y-Intersection, ,Intersection,None,,,         ,Nathan,Kemp,Clear,"Sideswipe, Same Direction",no,no,no,no,no,False
100940265,METROPOLITAN NASHVILLE POLICE DEPT,20150805237,Davidson,Nashville,8/27/2015 8:05:00 AM,2,0,0,36.183120,-86.798350,I65 N EXT RAMP,,,,0.00,,,I 65,,,,0.00,Y,Y-Intersection, ,,None,,,         ,Joseph,Cadden,,,no,no,no,no,no,False
100940271,METROPOLITAN NASHVILLE POLICE DEPT,20150805294,Davidson,Nashville,8/27/2015 9:30:00 AM,2,0,0,36.155650,-86.789720,I40 E ENT RAMP,,,,0.00,,,I40 E EXT RAMP,,,,0.00,Y,Four-Way, ,,None,,,         ,Trent,Craig,,,no,no,no,no,no,False
100940277,METROPOLITAN NASHVILLE POLICE DEPT,20150801423,Davidson,Nashville,8/26/2015 8:00:00 AM,2,1,0,36.188810,-86.822020,ROSA L PARKS BLVD,,,,316.00,Feet,East,CLARKSVILLE PKE,,,,0.00,N,Not at Intersection,N,Non-Junction,None,,,         ,Joseph,Cadden,Clear,Front to Rear,no,no,no,no,no,False
100940283,METROPOLITAN NASHVILLE POLICE DEPT,2015-0805307,Davidson,Nashville,8/27/2015 9:20:00 AM,2,0,0,36.136760,-86.883520,SUMMERLY DR,,,,0.00,,,CHARLOTTE PKE,,,,0.00,Y,OTHER, ,Non-Junction,None,,,         ,George,Spencer,Clear,Angle,no,no,no,yes,yes,False
100940286,VANDERBILT UNIVERSITY POLICE,15-0805159,Davidson,Nashville,8/27/2015 7:50:00 AM,2,0,0,36.145800,-86.804920,24TH AVS,,,,0.00,,,VANDERBILT PL,,,,0.00,Y,OTHER,N,Non-Junction,None,,,         ,Sean,Hughes,Clear,Rear to Side,no,no,no,no,no,Campus
100940289,METROPOLITAN NASHVILLE POLICE DEPT,20150805205,Davidson,Nashville,8/27/2015 8:39:00 AM,1,1,0,36.226840,-86.860990,BRILEY PKWYW,,,,1746.00,Feet,East,BRILEY PKWYE,,,,0.00,N,Not at Intersection,N,Non-Junction,None,,,         ,Justin,Fox,Clear,Not Collision with Motor Vehicle in Transport,no,no,no,no,no,False