master_record_number,agency,agency_tracking_number,county,city,collision_date,vehicles_involved,number_injured,number_dead,latitude,longitude,roadway_name,roadway_suffix,roadway_number,roadway_local_id,distance_from_reference,miles-feet_indicator,direction_from_reference,intersection_road_name,intersection_road_name_suffix,intersection_road_number,intersection_local_id,mile_marker,intersection_indicator,intersect_type,interchange_related_indicator,relation_to_junction,work_zone_type,construction_maintenance_zone,construction_maintenance_zone_location,fatal_case_number,officer_first_name,officer_last_name,weather_condition(s),manner_of_crash,pedestrian,bicycle,scooter,parking,hitrun,mou
100943089,METROPOLITAN NASHVILLE POLICE DEPT,20150821606,Davidson,Nashville,9/1/2015 6:08:00 PM,2,0,0,36.179730,-86.786370,2ND AVN,,,,0.00,,,TAYLOR ST,,,,0.00,Y,Four-Way, ,Intersection,None,,,         ,Jeffrey,Livingston,Clear,Angle,no,no,no,no,no,False
100943092,METROPOLITAN NASHVILLE POLICE DEPT,20150821245,Davidson,Nashville,9/1/2015 3:17:00 PM,2,0,0,36.203580,-86.738510,GALLATIN PKE,,,,12.00,Feet,North,E TRINITY LN,,,,0.00,N,Not at Intersection,N,Non-Junction,None,,,         ,Anthony,Cavis,Clear,HeadOn,no,no,no,no,yes,False
100943105,METROPOLITAN NASHVILLE POLICE DEPT,20150821570,Davidson,Nashville,9/1/2015 5:50:00 PM,2,1,0,36.090920,-86.626600,OLD SMITH SPRINGS RD,,,,217.00,Feet,North,SMITH SPRINGS RD,,,,0.00,N,Not at Intersection,N,Non-Junction,None,,,         ,George,Krukowski,Cloudy,Front to Rear,no,no,no,no,no,False
100943110,METROPOLITAN NASHVILLE POLICE DEPT,20150821760,Davidson,Nashville,9/1/2015 7:09:00 PM,2,0,0,36.149940,-86.771730,I40 E EXT RAMP,,,,0.00,Feet,East,I 40,,,,0.00,N,Not at Intersection, ,Non-Junction,None,,,         ,Tien,Nguyen,Clear,Front to Rear,no,no,no,no,no,False
100943111,METROPOLITAN NASHVILLE POLICE DEPT,20150821365,Davidson,Nashville,8/29/2015 6:50:00 PM,2,0,0,36.128350,-86.788440,12TH AVS,,,,0.00,,,,,,,0.00,,,N,Non-Junction,None,,,         ,Clyde,Stambaugh,Clear,"Sideswipe, Same Direction",no,no,no,yes,yes,False
100943112,THP District 3 - Nashville,315044398,Davidson,Nashville,8/28/2015 3:10:00 PM,2,0,0,36.169880,-86.672870,OLD LEBANON PKE,,,,67.00,Feet,East,LEBANON PKE,,,,0.00,N,Not at Intersection, ,Non-Junction,None,,,         ,Caleb,Cooper,Clear,Angle,no,no,no,no,no,False
100943153,METROPOLITAN NASHVILLE POLICE DEPT,2015-0821129,Davidson,Nashville,9/1/2015 3:45:00 PM,2,0,0,36.170650,-86.599720,I40 W EXT RAMP,,,,0.00,Feet,East,I 40,,,,0.00,N,Not at Intersection, ,,None,,,         ,Bradley,McIntyre,,,no,no,no,no,no,False
100943165,METROPOLITAN NASHVILLE POLICE DEPT,20150822050,Davidson,Nashville,9/1/2015 8:30:00 PM,2,0,0,36.150340,-86.795970,DIVISION ST,,,,0.00,,,19TH AVS,,,,0.00,Y,T-Intersection,N,Intersection-Related,None,,,         ,Tien,Nguyen,Clear,Angle,no,no,no,no,no,False
100943182,METROPOLITAN NASHVILLE POLICE DEPT,2015-0822015,Davidson,Not in City Limit,9/1/2015 8:16:00 PM,2,0,0,36.034760,-86.972080,HIGHWAY 100,,,,175.00,Feet,West,WESTHAVEN DR,,,,0.00,N,Not at Intersection, ,,None,,,         ,Michael,Rogers,,,no,no,no,no,no,False
100943187,METROPOLITAN NASHVILLE POLICE DEPT,2015-0821601,Davidson,Nashville,9/1/2015 6:00:00 PM,2,0,0,36.186120,-86.633860,LEBANON PKE,,,,289.00,Feet,North,STONES RIVER GRNWY,,,,0.00,N,Not at Intersection, ,,None,,,         ,Bradley,McIntyre,,,no,no,no,no,no,False
100943192,METROPOLITAN NASHVILLE POLICE DEPT,20150821503,Davidson,Nashville,9/1/2015 5:40:00 PM,2,0,0,36.148240,-86.745500,I 40,,,,0.00,,,,,,,211.90,N,Not at Intersection,N,Non-Junction,None,,,         ,Felipe,Pereira,Clear,"Sideswipe, Same Direction",no,no,no,no,no,False
100943195,METROPOLITAN NASHVILLE POLICE DEPT,20150821981,Davidson,Nashville,9/1/2015 7:48:00 PM,2,0,0,36.098530,-86.728270,MCCALL ST,,,,0.00,,,COLBY DR,,,,0.00,Y,OTHER,N,Non-Junction,None,,,         ,Paul,Goebel,Clear,"Sideswipe, Opposite Direction",no,no,no,no,no,False
100943196,METROPOLITAN NASHVILLE POLICE DEPT,20150822329,Davidson,Nashville,9/1/2015 10:00:00 PM,2,0,0,36.204690,-86.750920,ELLINGTON PKWY S EXT RAMP,,,,0.00,,,E TRINITY LN,,,,0.00,Y,T-Intersection, ,Intersection,None,,,         ,Charles,Wakefield,Clear,Front to Rear,no,no,no,no,no,False
100943218,METROPOLITAN NASHVILLE POLICE DEPT,20150821649,Davidson,Nashville,9/1/2015 6:00:00 PM,2,0,0,36.070340,-86.684540,ANTIOCH PKE,,,,20.00,Feet,North,HAYWOOD LN,,,,0.00,N,Not at Intersection, ,Non-Junction,None,,,         ,Oscar,Gomez,Clear,Angle,no,no,no,no,no,False
100943224,METROPOLITAN NASHVILLE POLICE DEPT,20150821146,Davidson,Nashville,9/1/2015 1:34:00 PM,2,0,0,36.175320,-86.792520,MONROE ST,,,,46.00,Feet,East,ROSA L PARKS BLVD,,,,0.00,N,Not at Intersection, ,Non-Junction,None,,,         ,Michael,Brooks,Cloudy,Angle,no,no,no,no,no,False
100943225,METROPOLITAN NASHVILLE POLICE DEPT,20150821430,Davidson,Nashville,9/1/2015 3:38:00 PM,2,0,0,36.172850,-86.793130,JEFFERSON ST,,,,226.00,Feet,West,9TH AVN,,,,0.00,N,Not at Intersection, ,Non-Junction,None,,,         ,Michael,Brooks,Cloudy,Angle,no,no,no,no,no,False
100943227,METROPOLITAN NASHVILLE POLICE DEPT,20150822361,Davidson,Nashville,9/1/2015 12:00:00 AM,3,1,0,36.045740,-86.674350,BELL RD,,,,0.00,,,BLUE HOLE RD,,,,0.00,Y,Four-Way,Y,Intersection,None,,,         ,Larry,Preuett,Clear,Front to Rear,no,no,no,no,no,False
100943234,METROPOLITAN NASHVILLE POLICE DEPT,20150822645,Davidson,Nashville,9/1/2015 10:26:00 PM,2,0,0,36.154930,-86.626940,STEWARTS FERRY PKE,,,,58.00,Feet,East,I40 E EXT RAMP,,,,0.00,N,Not at Intersection, ,Entrance/Exit Ramp Related,None,,,         ,Trevin,Tolbert,Clear,Front to Rear,no,no,no,no,no,False
100943248,METROPOLITAN NASHVILLE POLICE DEPT,20150822744,Davidson,Nashville,9/2/2015 1:07:00 AM,2,0,0,36.096850,-86.708590,I 24,,,,0.00,,,,,,,54.80,N,Not at Intersection,N,Non-Junction,None,,,         ,Kurt,Lewton,Clear,Angle,no,no,no,no,yes,False
100943270,METROPOLITAN NASHVILLE POLICE DEPT,2015-0813929,Davidson,Nashville,9/2/2015 2:13:00 AM,2,0,0,36.046420,-86.663400,CANE RIDGE RD,,,,863.00,Feet,North,STATE HWY 254,,,,0.00,N,Not at Intersection,N,OtherLocation,None,,,         ,Nicholas,Truan,Clear,Front to Rear,no,no,no,no,no,False
100943271,METROPOLITAN NASHVILLE POLICE DEPT,2015-0820753,Davidson,Nashville,9/1/2015 1:40:00 PM,2,1,0,36.104590,-86.819600,HILLSBORO CIR,,,,165.00,Feet,South,BANDYWOOD DR,,,,0.00,N,Not at Intersection,N,Non-Junction,None,,,         ,Curtis,Rich,Cloudy,HeadOn,no,no,no,no,no,False
100943276,METROPOLITAN NASHVILLE POLICE DEPT,2015-0820809,Davidson,Nashville,9/1/2015 1:58:00 PM,2,0,0,36.163130,-86.761940,I 24,,,,0.00,,,,,,,49.25,N,Not at Intersection, ,Non-Junction,None,,,         ,William,Whitworth,Clear,"Sideswipe, Same Direction",no,no,no,no,no,False
100943279,METROPOLITAN NASHVILLE POLICE DEPT,20150823253,Davidson,Nashville,9/2/2015 5:55:00 AM,2,0,0,36.116020,-86.725040,I 24,,,,0.00,,,,,,,53.20,N,Not at Intersection,N,Non-Junction,None,,,         ,Thomas,Burns,Clear,"Sideswipe, Same Direction",no,no,no,no,no,False
100943285,METROPOLITAN NASHVILLE POLICE DEPT,20150823345,Davidson,Nashville,9/2/2015 6:16:00 AM,1,0,0,36.086460,-86.698690,HARDING PL,,,,0.00,,,I 24,,,,0.00,Y,OTHER,Y,Crossover-Related,None,,,         ,Randall,Combs,Clear,Not Collision with Motor Vehicle in Transport,no,no,no,no,no,False
100943297,METROPOLITAN NASHVILLE POLICE DEPT,2015-0821583,Davidson,Nashville,9/1/2015 5:55:00 PM,2,0,0,36.060900,-86.915250,HIGHWAY 100,,,,272.00,Feet,East,OLD HICKORY BLVD,,,,0.00,N,Not at Intersection, ,Non-Junction,None,,,         ,Walter,Gray II,Cloudy,Front to Rear,no,no,no,no,no,False
100943298,METROPOLITAN NASHVILLE POLICE DEPT,20150822389,Davidson,Not in City Limit,9/1/2015 8:30:00 PM,2,0,0,36.348370,-86.791800,GREER RD,,,,0.00,,,IVEY POINT RD,,,,0.00,Y,Y-Intersection,N,OtherLocation,None,,,         ,Craig,Amabile,Clear,Other,no,no,no,no,yes,False
100943323,METROPOLITAN NASHVILLE POLICE DEPT,2015-823489,Davidson,Nashville,9/2/2015 7:42:00 AM,2,0,0,0.000000,0.000000,,,I40 W,,1.00,Feet,,,,,,214.80,N,Not at Intersection,N,Non-Junction,None,,,         ,Brandon,Wood,Clear,Front to Rear,no,no,no,no,no,False
100943324,METROPOLITAN NASHVILLE POLICE DEPT,20150823413,Davidson,Not in City Limit,9/2/2015 7:08:00 AM,2,2,0,36.012380,-86.703610,NOLENSVILLE PKE,,,,0.00,,,HOLT RD,,,,0.00,Y,T-Intersection,N,Intersection,None,,,         ,Kenneth,Alexandrow,Clear,Angle,no,no,no,no,no,False
100943328,METROPOLITAN NASHVILLE POLICE DEPT,20150823562,Davidson,Nashville,9/2/2015 7:46:00 AM,2,1,0,36.230470,-86.759090,DICKERSON PKE,,,,297.00,Feet,South,OAK VALLEY DR,,,,0.00,N,Not at Intersection,N,Non-Junction,None,,,         ,Dontaveous,Eubanks,Clear,Front to Rear,no,no,no,no,no,False
100943335,GOODLETTSVILLE POLICE DEPT,15-33208,Davidson,Goodlettsville,9/2/2015 8:57:00 AM,2,0,0,36.325790,-86.702170,E CEDAR ST,,,,272.00,Feet,North,STATE HWY 174,,,,0.00,N,Not at Intersection, ,Non-Junction,None,,,         ,Benny,Alexander,Cloudy,"Sideswipe, Opposite Direction",no,no,no,no,no,False
100943336,METROPOLITAN NASHVILLE POLICE DEPT,2015-0817497,Davidson,Nashville,8/31/2015 1:30:00 PM,1,0,0,36.170120,-86.817170,26TH AVN,,,,0.00,,,W HEIMAN ST,,,,0.00,Y,T-Intersection,N,Non-Junction,None,,,         ,Darryl,Morton,Clear,Not Collision with Motor Vehicle in Transport,no,no,no,no,yes,False
100943339,METROPOLITAN NASHVILLE POLICE DEPT,20150820512,Davidson,Nashville,9/1/2015 11:55:00 AM,2,1,0,36.074120,-86.663260,PEBBLE CREEK DR,,,,0.00,,,UNA ANTIOCH PKE,,,,0.00,Y,Four-Way,N,Intersection,None,,,         ,Todd,Watson,Clear,Front to Rear,no,no,no,no,no,False
100943343,METROPOLITAN NASHVILLE POLICE DEPT,20150823630,Davidson,Nashville,9/2/2015 8:10:00 AM,2,0,0,36.069080,-86.682230,RICHARDS RD,,,,307.00,Feet,West,CUMMINGS PARK DR,,,,0.00,N,Not at Intersection, ,Non-Junction,None,,,         ,James,Grady,Clear,Angle,no,no,no,no,no,False
100943347,METROPOLITAN NASHVILLE POLICE DEPT,2015-0820083,Davidson,Nashville,9/1/2015 8:55:00 AM,2,0,0,36.169050,-86.787140,7TH AVN,,,,0.00,,,HARRISON ST,,,,0.00,Y,T-Intersection,N,Non-Junction,None,,,         ,Darryl,Morton,Clear,"Sideswipe, Same Direction",no,no,no,no,yes,False
100943354,METROPOLITAN NASHVILLE POLICE DEPT,20150823585,Davidson,Nashville,9/2/2015 8:09:00 AM,2,0,0,36.125320,-86.733760,I 440,,,,0.00,,,,,,,7.20,N,Not at Intersection, ,Non-Junction,None,,,         ,Megan,Arnett,Clear,Front to Rear,no,no,no,no,no,False
100943362,METROPOLITAN NASHVILLE POLICE DEPT,20150823714,Davidson,Nashville,9/2/2015 8:55:00 AM,2,1,0,36.137330,-86.798140,WEDGEWOOD AV,,,,0.00,,,19TH AVS,,,,0.00,Y,Four-Way,N,Intersection-Related,None,,,         ,Nathan,Kemp,Clear,Angle,no,no,no,no,no,Campus
100943363,METROPOLITAN NASHVILLE POLICE DEPT,20150823858,Davidson,Nashville,9/2/2015 9:44:00 AM,2,2,0,36.125980,-86.804950,21ST AVS,,,,48.00,Feet,North,SWEETBRIAR AV,,,,0.00,N,Not at Intersection,N,Non-Junction,None,,,         ,Nathan,Kemp,Clear,Angle,no,no,no,no,no,False
100943366,METROPOLITAN NASHVILLE POLICE DEPT,2015-0823807,Davidson,Not in City Limit,9/2/2015 9:29:00 AM,2,0,0,36.029330,-87.000960,OLD HARDING PKE,,,,0.00,,,HIGHWAY 100,,,,0.00,Y,T-Intersection, ,Intersection,None,,,         ,Curtis,Rich,Cloudy,Angle,no,no,no,no,no,False
100943385,THP District 9 - Administrative,315044870,Davidson,Nashville,8/31/2015 5:42:00 PM,2,0,0,36.132650,-86.727160,I 24,,,,0.00,,,,,,,52.00,N,Not at Intersection, ,Non-Junction,None,,,         ,Brian,Carmouche,Clear,Front to Rear,no,no,no,no,no,False
100943390,METROPOLITAN NASHVILLE POLICE DEPT,2015-0823899,Davidson,Nashville,9/2/2015 9:30:00 AM,2,0,0,36.135750,-86.800990,21ST AVS,,,,0.00,,,ACKLEN AV,,,,0.00,Y,OTHER, ,,None,,,         ,Emily,Davies,,,no,no,no,no,no,Campus
100943394,METROPOLITAN NASHVILLE POLICE DEPT,20150823478,Davidson,Goodlettsville,9/2/2015 12:00:00 AM,3,3,0,36.305090,-86.688420,GALLATIN PKEN,,,,212.00,Feet,East,LIBERTY LN,,,,0.00,N,Not at Intersection,N,Non-Junction,None,,,         ,Michael,Wolterbeek,Cloudy,Other,no,no,no,no,no,False
100943395,METROPOLITAN NASHVILLE POLICE DEPT,20150823778,Davidson,Nashville,9/2/2015 9:15:00 AM,2,0,0,36.229490,-86.725100,GALLATIN PKE,,,,138.00,Feet,North,BROADMOOR DR,,,,0.00,N,Not at Intersection,N,Non-Junction,None,,,         ,Erik,Nash,Clear,"Sideswipe, Opposite Direction",no,no,no,no,yes,False
100943399,METROPOLITAN NASHVILLE POLICE DEPT,2015-0816606,Davidson,Nashville,8/31/2015 7:25:00 AM,2,0,0,36.230720,-86.747650,ELLINGTON PKWYS,,,,23.00,Feet,North,BROADMOOR DR,,,,0.00,N,Not at Intersection,Y,Non-Junction,None,,,         ,Coleman,Womack,Fog,Front to Rear,no,no,no,no,no,False
100943402,METROPOLITAN NASHVILLE POLICE DEPT,20150823995,Davidson,Nashville,9/2/2015 10:15:00 AM,2,0,0,36.231550,-86.770270,I 65,,,,0.00,,,,,,,89.10,N,Not at Intersection, ,Non-Junction,Construction Zone,,,         ,Melvin,Brown III,Clear,"Sideswipe, Same Direction",no,no,no,no,no,False
100943407,METROPOLITAN NASHVILLE POLICE DEPT,2015-0823782,Davidson,Nashville,9/2/2015 8:30:00 AM,2,0,0,36.137300,-86.821250,WEST END AV,,,,0.00,,,I440 W ENT RAMP,,,,0.00,Y,OTHER, ,,None,,,         ,Emily,Davies,,,no,no,no,no,no,False
100943408,METROPOLITAN NASHVILLE POLICE DEPT,2015-0824008,Davidson,Nashville,9/2/2015 10:32:00 AM,2,0,0,36.088680,-86.888790,CANA CIR,,,,99.00,Feet,East,MT CARMEL PL,,,,0.00,N,Not at Intersection, ,Non-Junction,None,,,         ,Walter,Gray II,Cloudy,"Sideswipe, Same Direction",no,no,no,no,no,False
100943415,METROPOLITAN NASHVILLE POLICE DEPT,20150823447,Davidson,Nashville,9/2/2015 7:20:00 AM,3,1,0,36.141750,-86.741180,MURFREESBORO PKE,,,,199.00,Feet,West,FOSTER AV,,,,0.00,N,Not at Intersection,N,Non-Junction,None,,,         ,Todd,Watson,Unknown,Front to Rear,no,no,no,no,no,False
100943416,METROPOLITAN NASHVILLE POLICE DEPT,20150824058,Davidson,Nashville,9/2/2015 9:40:00 AM,2,1,0,36.160910,-86.793320,I40 E EXT RAMP,,,,0.00,,,I 40,,,,0.00,Y,Four-Way,Y,Intersection-Related,None,,,         ,Michael,Johnson,Cloudy,Front to Rear,no,no,no,no,yes,False
100943426,METROPOLITAN NASHVILLE POLICE DEPT,20150824245,Davidson,Nashville,9/2/2015 11:45:00 AM,2,0,0,36.152820,-86.683410,MCGAVOCK PKE,,,,0.00,,,ELM HILL PKE,,,,0.00,Y,Four-Way, ,Intersection,None,,,         ,Johnathan,Carlisle,Cloudy,HeadOn,no,no,no,no,no,False
100943429,METROPOLITAN NASHVILLE POLICE DEPT,20150823592,Davidson,Goodlettsville,9/2/2015 12:00:00 AM,2,1,0,36.304820,-86.688810,GALLATIN PKEN,,,,63.00,Feet,East,LIBERTY LN,,,,0.00,N,Not at Intersection,N,Non-Junction,None,,,         ,Michael,Wolterbeek,Cloudy,Front to Rear,no,no,no,no,no,False
100943431,METROPOLITAN NASHVILLE POLICE DEPT,20150823934,Davidson,Nashville,9/2/2015 10:10:00 AM,2,1,0,36.092010,-86.735540,NOLENSVILLE PKE,,,,257.00,Feet,North,YELTON CT,,,,0.00,N,Not at Intersection,N,Non-Junction,None,,,         ,Randall,Smith,Clear,Front to Rear,no,no,no,no,no,False
100943434,METROPOLITAN NASHVILLE POLICE DEPT,20150823420,Davidson,Nashville,9/2/2015 7:50:00 AM,2,0,0,36.148380,-86.745350,I40 W ENT RAMP,,,,0.00,,,I 40,,,,0.00,Y,OTHER, ,Entrance/Exit Ramp Related,None,,,         ,Jason,Smith,Clear,Angle,no,no,no,no,no,False
100943443,METROPOLITAN NASHVILLE POLICE DEPT,20150820860,Davidson,Nashville,9/1/2015 2:15:00 PM,2,0,0,36.159460,-86.774600,3RD AVE S,,,,45.00,Feet,South,DEMONBREUN ST,,,,0.00,N,Not at Intersection, ,Non-Junction,None,,,         ,Catherine,Poole,Clear,"Sideswipe, Opposite Direction",no,no,no,no,no,False
100943459,METROPOLITAN NASHVILLE POLICE DEPT,20150823988,Davidson,Madison,9/2/2015 10:34:00 AM,2,1,0,0.000000,0.000000,GALLATIN PIKE,,SR31,,0.00,,,ALTA LOMA ROAD,,SR31,,0.00,Y,Four-Way,N,Intersection,None,,,         ,Faye,Denson,Clear,Angle,no,no,no,no,no,False
100943465,METROPOLITAN NASHVILLE POLICE DEPT,20150819869,Davidson,Nashville,9/1/2015 7:38:00 AM,1,1,0,36.149450,-86.791970,MUSIC CIRS,,,,16.00,Feet,East,MUSIC SQE,,,,0.00,N,Not at Intersection,N,Non-Junction,None,,,         ,Paul,Joyner,Clear,Not Collision with Motor Vehicle in Transport,yes,no,no,no,no,False
100943469,METROPOLITAN NASHVILLE POLICE DEPT,20150820520,Davidson,Nashville,9/1/2015 12:00:00 PM,2,2,0,36.167940,-86.806020,DR D B TODD JR BLVD,,,,108.00,Feet,North,MEHARRY BLVD,,,,0.00,N,Not at Intersection,N,Non-Junction,None,,,         ,Steven,Spillers,Clear,Front to Rear,no,no,no,no,no,False
100943488,METROPOLITAN NASHVILLE POLICE DEPT,2015-0824402,Davidson,Nashville,9/2/2015 12:55:00 PM,2,0,0,36.161890,-86.775170,2ND AVS,,,,0.00,,,BROADWAY,,,,0.00,Y,OTHER, ,Non-Junction,None,,,         ,Dale,Tomlin,Clear,"Sideswipe, Same Direction",no,no,no,no,no,False
100943490,METROPOLITAN NASHVILLE POLICE DEPT,20150824374,Davidson,Nashville,9/2/2015 1:10:00 PM,2,0,0,36.161580,-86.783890,CHURCH ST,,,,0.00,,,ROSA L PARKS AV,,,,0.00,Y,Five Point Or More, ,Intersection,None,,,         ,Johnny,Crumby Jr.,Clear,"Sideswipe, Same Direction",no,no,no,no,no,False
100943495,METROPOLITAN NASHVILLE POLICE DEPT,20150824338,Davidson,Nashville,9/2/2015 12:45:00 PM,2,0,0,36.152350,-86.769010,2ND AVS,,,,0.00,,,LINDSLEY AV,,,,0.00,Y,T-Intersection, ,Non-Junction,None,,,         ,Michael,Johnson,Clear,Angle,no,no,no,no,no,False
100943497,METROPOLITAN NASHVILLE POLICE DEPT,15-0824197,Davidson,Nashville,9/2/2015 11:45:00 AM,2,1,0,36.154630,-86.779160,8TH AVS,,,,0.00,,,LAFAYETTE ST,,,,0.00,Y,Roundabout,N,OtherLocation,None,,,         ,Frank,Campbell,Clear,Angle,no,no,no,no,no,False
100943502,METROPOLITAN NASHVILLE POLICE DEPT,20150824442,Davidson,Nashville,9/2/2015 12:15:00 PM,2,0,0,36.142130,-86.742340,MURFREESBORO PKE,,,,196.00,Feet,West,CLEVELAND AV,,,,0.00,N,Not at Intersection, ,Non-Junction,None,,,         ,Todd,Watson,Clear,"Sideswipe, Same Direction",no,no,no,no,no,False
100943518,METROPOLITAN NASHVILLE POLICE DEPT,20150810751,Davidson,Nashville,8/28/2015 8:34:00 PM,1,0,0,36.162610,-86.808330,HERMAN ST,,,,25.00,Feet,West,21ST AVE N,,,,0.00,N,Not at Intersection,N,Non-Junction,None,,,         ,Joshua,Hausman,Clear,Not Collision with Motor Vehicle in Transport,no,no,no,no,no,False
100943527,METROPOLITAN NASHVILLE POLICE DEPT,20150824646,Davidson,Nashville,9/2/2015 2:16:00 PM,2,0,0,36.117960,-86.796880,BELMONT BLVD,,,,211.00,Feet,North,GALE LN,,,,0.00,N,Not at Intersection,N,Non-Junction,None,,,         ,Tien,Nguyen,Clear,Angle,no,no,no,no,no,False
100943531,METROPOLITAN NASHVILLE POLICE DEPT,20150824639,Davidson,Nashville,9/2/2015 2:41:00 PM,1,1,0,36.235620,-86.709000,BRILEY PKWYE,,,,400.00,Feet,East,PENNINGTON BEND RD,,,,0.00,N,Not at Intersection,N,Non-Junction,None,,,         ,Tyler,Conrads,Clear,Not Collision with Motor Vehicle in Transport,no,no,no,no,no,False
100943532,METROPOLITAN NASHVILLE POLICE DEPT,20150821659,Davidson,Not in City Limit,9/1/2015 7:47:00 PM,3,2,0,36.275790,-86.735250,I 65,,,,0.00,,,,,,,93.00,N,Not at Intersection,N,Non-Junction,None,,,         ,Bradley,Campbell,Clear,Front to Rear,no,no,no,no,no,False
100943539,METROPOLITAN NASHVILLE POLICE DEPT,20150812307,Davidson,Nashville,8/29/2015 12:00:00 PM,2,0,0,36.229110,-86.725140,GALLATIN PKE,,,,0.00,,,BROADMOOR DR,,,,0.00,Y,T-Intersection,N,Intersection-Related,None,,,         ,Steven,Carrick,Cloudy,Front to Rear,no,no,no,no,yes,False
100943540,METROPOLITAN NASHVILLE POLICE DEPT,20150824733,Davidson,Nashville,9/2/2015 2:30:00 PM,2,0,0,36.169240,-86.680950,LEBANON PKE,,,,314.00,Feet,West,MCGAVOCK PKE,,,,0.00,N,Not at Intersection, ,,None,,,         ,Bradley,McIntyre,,,no,no,no,no,no,False
100943544,METROPOLITAN NASHVILLE POLICE DEPT,20150824699,Davidson,Nashville,9/2/2015 2:59:00 PM,2,0,0,36.151330,-86.768370,I40 E EXT RAMP,,,,0.00,,,I 40,,,,0.00,Y,Four-Way,N,Intersection,None,,,         ,MIchael,Mihajlov,Clear,Angle,no,no,no,no,no,False
100943551,METROPOLITAN NASHVILLE POLICE DEPT,20150824631,Davidson,Nashville,9/2/2015 2:35:00 PM,2,1,0,36.221600,-86.773700,I 65,,,,0.00,,,,,,,88.40,N,Not at Intersection,N,Non-Junction,Construction Zone,Work On Shoulder Or Median,Activity Area,         ,John,Anderson,Clear,Front to Rear,no,no,no,no,no,False
100943557,METROPOLITAN NASHVILLE POLICE DEPT,20150824284,Davidson,Nashville,9/2/2015 11:40:00 AM,2,0,0,36.191020,-86.798950,VANTAGE WAY,,,,0.00,,,ROSA L PARKS BLVD,,,,0.00,Y,Four-Way, ,Intersection,None,,,         ,Joseph,Cadden,Clear,"Sideswipe, Same Direction",no,no,no,no,no,False
100943565,METROPOLITAN NASHVILLE POLICE DEPT,20150824725,Davidson,Nashville,9/2/2015 3:07:00 PM,2,0,0,36.199520,-86.619360,LEBANON PKE WB EXT RAMP,,,,0.00,Feet,East,LEBANON PKE,,,,0.00,N,Not at Intersection, ,,None,,,         ,David,Stanley,,,no,no,no,no,no,False
100943568,METROPOLITAN NASHVILLE POLICE DEPT,20150824847,Davidson,Nashville,9/2/2015 3:43:00 PM,2,1,0,36.042310,-86.726520,WOODLANDS AV,,,,0.00,,,OLD HICKORY BLVD,,,,0.00,Y,Four-Way,N,Intersection,None,,,         ,Tien,Nguyen,Clear,Front to Rear,no,no,no,no,no,False
100943572,METROPOLITAN NASHVILLE POLICE DEPT,20150824783,Davidson,Antioch,9/2/2015 3:15:00 PM,2,0,0,0.000000,0.000000,OLD HICKORY,BLVD,,,0.00,,,FIRESTONE,PKWY,,,0.00,Y,T-Intersection, ,Non-Junction,None,,,         ,Victoria,Cunningham,Clear,HeadOn,no,no,no,no,no,False
100943589,METROPOLITAN NASHVILLE POLICE DEPT,20150824983,Davidson,Nashville,9/2/2015 4:45:00 PM,2,0,0,36.157660,-86.790820,I 40,,,,0.00,,,,,,,209.00,N,Not at Intersection, ,,Construction Zone,,,         ,Eric,Harvey,,,no,no,no,no,no,False
100943595,METROPOLITAN NASHVILLE POLICE DEPT,2015-0825000,Davidson,Nashville,9/2/2015 3:45:00 PM,2,0,0,36.148760,-86.865360,CHARLOTTE PKE,,,,56.00,Feet,West,LELLYETT ST,,,,0.00,N,Not at Intersection, ,,None,,,         ,Christopher,Clark,,,no,no,no,no,no,False
100943596,METROPOLITAN NASHVILLE POLICE DEPT,2015-0824727,Davidson,Nashville,9/2/2015 3:08:00 PM,2,1,0,36.045680,-86.752920,HILL RD,,,,0.00,,,,,,,0.00,,,N,Non-Junction,None,,,         ,William,King,Clear,"Sideswipe, Same Direction",no,no,no,yes,no,False
100943601,METROPOLITAN NASHVILLE POLICE DEPT,20150824979,Davidson,Nashville,9/2/2015 4:28:00 PM,2,0,0,36.198980,-86.798270,GREAT CIRCLE RD,,,,0.00,,,ATHENS WAY,,,,0.00,Y,OTHER, ,Non-Junction,None,,,         ,Jacob,Partin,Clear,"Sideswipe, Opposite Direction",no,no,no,no,no,False
100943612,METROPOLITAN NASHVILLE POLICE DEPT,20150825121,Davidson,Nashville,9/2/2015 4:40:00 PM,2,0,0,36.105020,-86.717000,I 24,,,,0.00,,,,,,,54.10,N,Not at Intersection, ,,None,,,         ,Jonathan,Frith,,,no,no,no,no,no,False
100943615,METROPOLITAN NASHVILLE POLICE DEPT,20150825036,Davidson,Madison,9/2/2015 4:45:00 PM,2,1,0,36.264270,-86.736130,OLD HICKORY BLVDW,,,,0.00,,,I65 N ENT RAMP,,,,0.00,Y,T-Intersection,N,Entrance/Exit Ramp Related,None,,,         ,Nathan,Dungan,Clear,Angle,no,no,no,no,no,False
100943616,METROPOLITAN NASHVILLE POLICE DEPT,20150824933,Davidson,Nashville,9/2/2015 4:12:00 PM,2,0,0,36.133280,-86.825470,BOWLING AV,,,,120.00,Feet,South,WHITLAND AV,,,,0.00,N,Not at Intersection, ,Non-Junction,None,,,         ,Torian,Cox,Clear,"Sideswipe, Same Direction",no,no,no,no,no,False