master_record_number,agency,agency_tracking_number,county,city,collision_date,vehicles_involved,number_injured,number_dead,latitude,longitude,roadway_name,roadway_suffix,roadway_number,roadway_local_id,distance_from_reference,miles-feet_indicator,direction_from_reference,intersection_road_name,intersection_road_name_suffix,intersection_road_number,intersection_local_id,mile_marker,intersection_indicator,intersect_type,interchange_related_indicator,relation_to_junction,work_zone_type,construction_maintenance_zone,construction_maintenance_zone_location,fatal_case_number,officer_first_name,officer_last_name,weather_condition(s),manner_of_crash,pedestrian,bicycle,scooter,parking,hitrun,mou
100947074,METROPOLITAN NASHVILLE POLICE DEPT,2015-0844040,Davidson,Nashville,9/9/2015 12:05:00 AM,1,0,0,36.202050,-86.751130,-- UNKNOWN RAMP/ROAD --,,,,0.00,,,US HWY 31E,,,,0.00,Y,OTHER,N,Entrance/Exit Ramp Related,None,,,         ,Thomas,Miller,Clear,Not Collision with Motor Vehicle in Transport,no,no,no,no,no,False
100947075,METROPOLITAN NASHVILLE POLICE DEPT,20150844029,Davidson,Nashville,9/9/2015 12:05:00 AM,2,0,0,36.064900,-86.711060,MELPAR DR,,,,57.00,Feet,West,MADELINE DR,,,,0.00,N,Not at Intersection,N,Non-Junction,None,,,         ,Joshua,Vaughn,Clear,HeadOn,no,no,no,no,yes,False
100947088,GOODLETTSVILLE POLICE DEPT,15-34019,Davidson,Goodlettsville,9/8/2015 11:43:00 PM,2,0,0,36.306330,-86.706240,I 65,,,,0.00,,,,,,,95.70,N,Not at Intersection,N,Non-Junction,None,,,         ,Andre,Sanders,Clear,"Sideswipe, Same Direction",no,no,no,no,no,False
100947112,METROPOLITAN NASHVILLE POLICE DEPT,20150844415,Davidson,Nashville,9/9/2015 3:10:00 AM,2,0,0,36.169540,-86.797430,I 40,,,,0.00,,,,,,,207.95,N,Not at Intersection,N,Non-Junction,Construction Zone,Work On Shoulder Or Median,Activity Area,         ,Adam,Crutcher,Clear,"Sideswipe, Same Direction",no,no,no,no,yes,False
100947125,METROPOLITAN NASHVILLE POLICE DEPT,2015-0830710,Davidson,Not in City Limit,9/3/2015 6:12:00 AM,1,0,0,36.308610,-86.681540,RIVERCHASE BLVD,,,,0.00,Feet,,GALLATIN PKEN,,,,0.00,Y,Four-Way,N,Intersection,None,,,         ,Joshua,Green,Clear,Not Collision with Motor Vehicle in Transport,no,yes,no,no,yes,False
100947132,METROPOLITAN NASHVILLE POLICE DEPT,20150835800,Davidson,Nashville,9/5/2015 9:13:00 PM,2,0,0,36.159410,-86.779620,6TH AVS,,,,180.00,Feet,South,BROADWAY,,,,0.00,N,Not at Intersection, ,Non-Junction,None,,,         ,Audrean,Manquero,Clear,Rear to Side,no,no,no,no,no,False
100947133,METROPOLITAN NASHVILLE POLICE DEPT,20150840942,Davidson,Antioch,9/8/2015 3:53:00 AM,2,0,0,36.051530,-86.583100,0CEANFRONT CIRCLE S,CIR,,,0.00,,,,,,,0.00,,Not at Intersection, ,Non-Junction,None,,,         ,Wallis,Massey,Clear,HeadOn,no,no,no,no,no,False
100947139,METROPOLITAN NASHVILLE POLICE DEPT,2015-0838323,Davidson,Nashville,9/7/2015 2:35:00 AM,1,0,0,36.091360,-86.771390,FRANKLIN PKE,,,,0.00,,,ELYSIAN FIELDS RD,,,,0.00,Y,OTHER,N,Non-Junction,None,,,         ,Frank,Walker,Clear,Not Collision with Motor Vehicle in Transport,no,no,no,no,no,False
100947145,Metro Park Police,20150842951,Davidson,Nashville,9/8/2015 5:25:00 PM,2,0,0,36.161870,-86.819300,28TH AVE N,,,,85.00,Feet,North,HERMAN ST,,,,0.00,N,Not at Intersection, ,Non-Junction,None,,,         ,Penny,Adcock,Clear,"Sideswipe, Same Direction",no,no,no,no,yes,False
100947154,METROPOLITAN NASHVILLE POLICE DEPT,2015-0842324,Davidson,Nashville,9/8/2015 2:11:00 PM,1,1,0,36.157810,-86.582130,JOHN HAGAR RD,,,,767.00,Feet,East,WINDCHASE RUN,,,,0.00,N,Not at Intersection,N,Non-Junction,None,,,         ,Jeb,Johnston,Clear,Not Collision with Motor Vehicle in Transport,no,no,no,no,no,False
100947163,METROPOLITAN NASHVILLE POLICE DEPT,2015-0844750,Davidson,Not in City Limit,9/9/2015 7:00:00 AM,2,1,0,36.077300,-87.005200,I 40,,,,0.00,,,,,,,193.40,N,Not at Intersection,N,Non-Junction,None,,,         ,Curtis,Rich,Clear,Front to Rear,no,no,no,no,no,False
100947165,METROPOLITAN NASHVILLE POLICE DEPT,20150844755,Davidson,Nashville,9/9/2015 6:31:00 AM,2,0,0,36.148660,-86.745830,I 40,,,,0.00,,,,,,,211.90,N,Not at Intersection, ,,None,,,         ,James,Curtis,,,no,no,no,no,no,False
100947166,METROPOLITAN NASHVILLE POLICE DEPT,20150842127,Davidson,Madison,9/8/2015 12:46:00 PM,2,2,0,36.269670,-86.694880,MAY DR,,,,0.00,,,ROOSEVELT AVE,,,,0.00,Y,Four-Way,N,Intersection,None,,,         ,Ashley,Coon,Clear,Angle,no,no,no,no,no,False
100947171,METROPOLITAN NASHVILLE POLICE DEPT,20150841807,Davidson,Nashville,9/8/2015 10:36:00 AM,2,0,0,36.122730,-86.630500,BELL RD,,,,0.00,,,WOODLAND POINT DR,,,,0.00,Y,T-Intersection,N,Intersection-Related,None,,,         ,James,Curtis,Cloudy,Front to Rear,no,no,no,no,no,False
100947173,METROPOLITAN NASHVILLE POLICE DEPT,20150842006,Davidson,Nashville,9/8/2015 12:04:00 PM,2,0,0,36.143070,-86.815850,31ST AVN,,,,219.00,Feet,South,HEDRICK ST,,,,0.00,N,Not at Intersection, ,Non-Junction,None,,,         ,Nathan,Kemp,Clear,"Sideswipe, Same Direction",no,no,no,no,no,Campus
100947174,METROPOLITAN NASHVILLE POLICE DEPT,20150844760,Davidson,Nashville,9/9/2015 6:44:00 AM,2,1,0,36.153530,-86.813310,PARK PLZ,,,,311.00,Feet,West,CENTENNIAL PARK PVTDR,,,,0.00,N,Not at Intersection,N,Non-Junction,None,,,         ,Nathan,Kemp,Clear,Front to Rear,no,no,no,no,no,False
100947181,METROPOLITAN NASHVILLE POLICE DEPT,20150809444,Davidson,Nashville,8/28/2015 1:10:00 PM,2,0,0,36.210920,-86.733110,GREENFIELD AV,,,,0.00,,,GALLATIN PKE,,,,0.00,Y,T-Intersection,Y,Intersection,None,,,         ,Sean,Wuethrich,Clear,Angle,no,no,no,no,no,False
100947182,METROPOLITAN NASHVILLE POLICE DEPT,2015-0844800,Davidson,Nashville,9/9/2015 7:05:00 AM,2,0,0,36.051430,-86.885520,OLD HICKORY BLVD,,,,16.00,Feet,West,EDINBURGH DR,,,,0.00,N,Not at Intersection, ,Non-Junction,None,,,         ,Paul,Junkmann,Cloudy,Front to Rear,no,no,no,no,no,False
100947184,METROPOLITAN NASHVILLE POLICE DEPT,2015-0844961,Davidson,Nashville,9/9/2015 8:22:00 AM,2,0,0,36.108800,-86.922460,OLD HICKORY BLVD,,,,351.00,Feet,North,ROCKY LN,,,,0.00,N,Not at Intersection, ,,None,,,         ,Curtis,Rich,,,no,no,no,no,no,False
100947196,METROPOLITAN NASHVILLE POLICE DEPT,20150841986,Davidson,Nashville,9/8/2015 11:50:00 AM,2,0,0,36.068200,-86.719110,NOLENSVILLE PKE,,,,0.00,,,HAYWOOD LN,,,,0.00,Y,T-Intersection, ,Intersection,None,,,         ,Todd,Watson,Cloudy,Angle,no,no,no,no,no,False
100947203,METROPOLITAN NASHVILLE POLICE DEPT,20150844795,Davidson,Nashville,9/9/2015 7:10:00 AM,2,0,0,36.154150,-86.835760,I 40,,,,0.00,,,,,,,205.20,N,Not at Intersection,N,Non-Junction,None,,,         ,Daniel,Alford,Clear,Not Collision with Motor Vehicle in Transport,no,no,no,no,no,False
100947211,METROPOLITAN NASHVILLE POLICE DEPT,2015-0844844,Davidson,Nashville,9/9/2015 7:28:00 AM,2,0,0,36.032360,-86.640330,I 24,,,,0.00,,,,,,,60.80,N,Not at Intersection, ,Non-Junction,None,,,         ,John,Neely,Clear,Front to Rear,no,no,no,no,no,False
100947219,METROPOLITAN NASHVILLE POLICE DEPT,20150844932,Davidson,Nashville,9/9/2015 7:50:00 AM,2,0,0,36.140990,-86.729560,I 40,,,,0.00,,,,,,,213.15,N,Not at Intersection, ,Non-Junction,None,,,         ,David,Snowden,Clear,Other,no,no,no,no,yes,False
100947223,METROPOLITAN NASHVILLE POLICE DEPT,20150844982,Davidson,Nashville,9/9/2015 8:03:00 AM,2,0,0,36.206920,-86.749620,ELLINGTON PKWYN,,,,0.00,,,ELLINGTON PKWY N ENT RAMP,,,,0.00,Y,OTHER, ,Non-Junction,None,,,         ,Martin,Gonzalez,Clear,Front to Rear,no,no,no,no,no,False
100947224,METROPOLITAN NASHVILLE POLICE DEPT,20150844951,Davidson,Nashville,9/9/2015 7:45:00 AM,2,0,0,36.077060,-86.736580,HARDING PL,,,,16.00,Feet,East,SHADESCREST DR,,,,0.00,N,Not at Intersection, ,Non-Junction,None,,,         ,Thomas,West,Clear,"Sideswipe, Same Direction",no,no,no,no,no,False
100947228,METROPOLITAN NASHVILLE POLICE DEPT,2015-0844949,Davidson,Nashville,9/9/2015 8:05:00 AM,2,2,0,36.158430,-86.839930,44TH AVN,,,,176.00,Feet,North,ILLINOIS AV,,,,0.00,N,Not at Intersection,N,Non-Junction,None,,,         ,Cesar,Castillo,Clear,Angle,no,no,no,no,no,False
100947229,METROPOLITAN NASHVILLE POLICE DEPT,20150845006,Davidson,Nashville,9/9/2015 8:03:00 AM,2,0,0,36.041600,-86.743860,EDMONDSON PKE,,,,250.00,Feet,South,BRENTWOOD SQ,,,,0.00,N,Not at Intersection, ,Non-Junction,None,,,         ,Arthur,Hummell,Clear,Front to Rear,no,no,no,no,no,False
100947232,METROPOLITAN NASHVILLE POLICE DEPT,20150845121,Davidson,Nashville,9/9/2015 8:37:00 AM,2,0,0,36.148740,-86.745950,I 40,,,,0.00,,,,,,,211.85,N,Not at Intersection, ,Non-Junction,None,,,         ,Mitchell,McClay,Clear,"Sideswipe, Same Direction",no,no,no,no,no,False
100947235,METROPOLITAN NASHVILLE POLICE DEPT,2015-0844998,Davidson,Nashville,9/9/2015 8:43:00 AM,2,0,0,36.082300,-86.758210,TROUSDALE DR,,,,435.00,Feet,North,HARDING PL,,,,0.00,N,Not at Intersection, ,,None,,,         ,Leonard,Spadavecchia,,,no,no,no,no,no,False
100947237,METROPOLITAN NASHVILLE POLICE DEPT,20150841937,Davidson,Madison,9/8/2015 11:17:00 AM,2,0,0,0.000000,0.000000,,,I65,,1.00,Miles,South,,,,,890.20,N,Not at Intersection, ,Non-Junction,Construction Zone,,,         ,Faye,Denson,Clear,"Sideswipe, Same Direction",no,no,no,no,no,False
100947238,METROPOLITAN NASHVILLE POLICE DEPT,20150842710,Davidson,Nashville,9/8/2015 3:35:00 PM,2,2,0,36.129060,-86.816480,I 440,,,,0.00,,,,,,,2.10,N,Not at Intersection,N,Non-Junction,None,,,         ,Michael,Hunnicutt,Clear,Front to Rear,no,no,no,no,no,False
100947239,METROPOLITAN NASHVILLE POLICE DEPT,20150845024,Davidson,Nashville,9/9/2015 9:01:00 AM,2,0,0,36.156570,-86.790420,14TH AVN,,,,0.00,,,GRUNDY ST,,,,0.00,Y,T-Intersection, ,,None,,,         ,Randal,Owsley,,,no,no,no,no,no,False
100947247,VANDERBILT UNIVERSITY POLICE,MNPD# 15-845107,Davidson,Nashville,9/9/2015 9:10:00 AM,2,0,0,36.149390,-86.799330,TERRACE PL,,,,0.00,,,,,,,0.00,,, ,Non-Junction,None,,,         ,Linda,Jennings,Clear,Other,no,no,no,yes,no,Campus
100947252,METROPOLITAN NASHVILLE POLICE DEPT,2015-0845191,Davidson,Nashville,9/9/2015 10:00:00 AM,2,0,0,36.150490,-86.856560,CHARLOTTE PKE,,,,249.00,Feet,East,ORLANDO AV,,,,0.00,N,Not at Intersection, ,Non-Junction,None,,,         ,Curtis,Rich,Cloudy,Front to Rear,no,no,no,no,no,False
100947261,METROPOLITAN NASHVILLE POLICE DEPT,20150845064,Davidson,Nashville,9/9/2015 9:00:00 AM,3,0,0,36.073520,-86.769030,I 65,,,,0.00,,,,,,,77.20,N,Not at Intersection,N,Non-Junction,None,,,         ,Justin,Pinkelton,Cloudy,Front to Rear,no,no,no,no,no,False
100947269,METROPOLITAN NASHVILLE POLICE DEPT,20150842314,Davidson,Nashville,9/8/2015 2:00:00 PM,2,0,0,36.155370,-86.770930,2ND AVS,,,,90.00,Feet,South,LEA AV,,,,0.00,N,Not at Intersection, ,Non-Junction,Work Zone,,,         ,Catherine,Poole,Clear,"Sideswipe, Same Direction",no,no,no,no,no,False
100947274,METROPOLITAN NASHVILLE POLICE DEPT,2015-0842925,Davidson,Nashville,9/8/2015 5:01:00 PM,2,0,0,36.145700,-86.871200,US HWY 70,,,,200.00,Feet,West,WESTBORO DR,,,,0.00,N,Not at Intersection,N,Non-Junction,None,,,         ,Walter,Gray II,Cloudy,Angle,no,no,no,no,no,False
100947311,METROPOLITAN NASHVILLE POLICE DEPT,20150845459,Davidson,Nashville,9/9/2015 12:02:00 PM,2,0,0,36.155650,-86.789720,14TH AVN,,,,0.00,,,BROADWAY,,,,0.00,Y,Four-Way, ,Intersection,None,,,         ,Nathan,Kemp,Clear,"Sideswipe, Same Direction",no,no,no,no,no,False
100947318,METROPOLITAN NASHVILLE POLICE DEPT,2015-0844811,Davidson,Nashville,9/9/2015 6:45:00 AM,2,0,0,36.106020,-86.672690,MURFREESBORO PKE,,,,130.00,Feet,East,DONELSON PKE,,,,0.00,N,Not at Intersection, ,Non-Junction,None,,,         ,William,Whitworth,Clear,Angle,no,no,no,no,no,False
100947320,METROPOLITAN NASHVILLE POLICE DEPT,20150845527,Davidson,Nashville,9/9/2015 12:27:00 PM,2,0,0,36.144910,-86.739920,I 40,,,,0.00,,,,,,,212.30,N,Not at Intersection, ,,None,,,         ,James,Curtis,,,no,no,no,no,no,False
100947322,METROPOLITAN NASHVILLE POLICE DEPT,20150845506,Davidson,Nashville,9/9/2015 12:14:00 PM,2,0,0,36.148590,-86.775790,I 40,,,,0.00,,,,,,,210.05,N,Not at Intersection, ,Entrance/Exit Ramp Related,None,,,         ,Gregory,Lindstrom,Rain,Front to Rear,no,no,no,no,no,False
100947328,METROPOLITAN NASHVILLE POLICE DEPT,20150834467,Davidson,Nashville,9/5/2015 2:52:00 PM,2,0,0,36.164380,-86.768230,KOREAN VETERANS BLVD,,,,200.00,Feet,South,SHELBY AV,,,,0.00,N,Not at Intersection, ,,None,,,         ,Donald,Davidson,,,no,no,no,no,no,False
100947340,METROPOLITAN NASHVILLE POLICE DEPT,20150845472,Davidson,Nashville,9/9/2015 12:07:00 PM,2,0,0,36.199060,-86.740960,GALLATIN PKE,,,,0.00,,,DELMAS AV,,,,0.00,Y,OTHER,N,Intersection,None,,,         ,Eric,Westbrook,Clear,Angle,no,no,no,no,no,False
100947348,METROPOLITAN NASHVILLE POLICE DEPT,20150845654,Davidson,Nashville,9/9/2015 12:40:00 PM,2,0,0,36.131680,-86.768430,BENTON AV,,,,0.00,,,BRANSFORD AV,,,,0.00,Y,Four-Way,N,Intersection,None,,,         ,Justin,Pinkelton,Rain,Front to Rear,no,no,no,no,yes,False
100947355,METROPOLITAN NASHVILLE POLICE DEPT,20150825123,Davidson,Nashville,9/2/2015 4:26:00 PM,2,0,0,36.201710,-86.739540,GALLATIN PKE,,,,150.00,Feet,South,DOZIER PL,,,,0.00,N,Not at Intersection,N,Non-Junction,None,,,         ,Whitney,Arnold,Clear,Angle,no,no,no,no,no,False
100947359,METROPOLITAN NASHVILLE POLICE DEPT,2015-0844912,Davidson,Nashville,9/9/2015 7:50:00 AM,2,0,0,36.173890,-86.759350,WOODLAND ST,,,,304.00,Feet,West,S 8TH ST,,,,0.00,N,Not at Intersection,N,OtherLocation,None,,,         ,Coleman,Womack,Cloudy,"Sideswipe, Same Direction",no,no,no,yes,yes,False
100947363,METROPOLITAN NASHVILLE POLICE DEPT,20150845626,Davidson,Nashville,9/9/2015 1:07:00 PM,2,0,0,36.097200,-86.738200,NOLENSVILLE PKE,,,,212.00,Feet,South,VERITAS ST,,,,0.00,N,Not at Intersection,N,Non-Junction,None,,,         ,Tony,Folad,Clear,Front to Rear,no,no,no,no,no,False
100947372,METROPOLITAN NASHVILLE POLICE DEPT,20150845531,Davidson,Nashville,9/9/2015 12:20:00 PM,2,1,0,36.146610,-86.793850,17TH AVS,,,,96.00,Feet,South,MUSIC SQW,,,,0.00,N,Not at Intersection,N,Non-Junction,None,,,         ,Thomas,West,Clear,Angle,no,no,no,no,no,Campus
100947380,BERRY HILL POLICE DEPT,15-3583,Davidson,Berry Hill,9/9/2015 10:59:00 AM,2,0,0,36.121150,-86.771180,FESSEY PARK RD,,,,0.00,,,,,,,0.00,,, ,Non-Junction,None,,,         ,Ronnie,Hill,Clear,Rear to Rear,no,no,no,yes,no,False
100947399,METROPOLITAN NASHVILLE POLICE DEPT,20150845672,Davidson,Nashville,9/9/2015 1:28:00 PM,2,1,0,36.198120,-86.776920,BRICK CHURCH PKE,,,,0.00,,,WEAKLEY AV,,,,0.00,Y,T-Intersection,N,Intersection-Related,None,,,         ,Justin,Fox,Cloudy,"Sideswipe, Opposite Direction",no,no,no,no,no,False
100947404,BERRY HILL POLICE DEPT,15-3525,Davidson,Berry Hill,9/4/2015 4:00:00 PM,2,0,0,36.114080,-86.766720,BRANSFORD AV,,,,511.00,Feet,North,HEATHER PL,,,,0.00,N,Not at Intersection, ,Non-Junction,None,,,         ,John,Gleixner,Clear,Front to Rear,no,no,no,no,no,False
100947424,METROPOLITAN NASHVILLE POLICE DEPT,2015-0845797,Davidson,Nashville,9/9/2015 2:10:00 PM,2,0,0,36.045480,-86.647290,CROSSINGS BLVD,,,,0.00,,,MT VIEW RD,,,,0.00,Y,Four-Way,N,Intersection,None,,,         ,Brandon,O'Guin,Clear,"Sideswipe, Opposite Direction",no,no,no,no,yes,False
100947429,METROPOLITAN NASHVILLE POLICE DEPT,15-0845699,Davidson,Nashville,9/9/2015 1:25:00 PM,2,2,0,36.185600,-86.775860,I 24,,,,0.00,,,,,,,47.20,N,Not at Intersection,N,Unknown,None,,,         ,Frank,Campbell,Cloudy,"Sideswipe, Same Direction",no,no,no,no,yes,False
100947432,METROPOLITAN NASHVILLE POLICE DEPT,20150846021,Davidson,Nashville,9/9/2015 3:24:00 PM,1,0,0,36.191890,-86.828340,CLARKSVILLE PKE,,,,264.00,Feet,East,CLIFF DR,,,,0.00,N,Not at Intersection, ,Non-Junction,None,,,         ,Brian,Woodard,Cloudy,Not Collision with Motor Vehicle in Transport,no,no,no,yes,no,False
100947441,METROPOLITAN NASHVILLE POLICE DEPT,20150845878,Davidson,Madison,9/9/2015 2:15:00 PM,2,1,0,36.273550,-86.710030,GALLATIN PKEN,,,,0.00,,,ANDERSON LN,,,,0.00,Y,T-Intersection,N,Intersection-Related,None,,,         ,Nathan,Dungan,Rain,Front to Rear,no,no,no,no,no,False
100947453,METROPOLITAN NASHVILLE POLICE DEPT,20150846084,Davidson,Nashville,9/9/2015 3:50:00 PM,2,0,0,36.101260,-86.801650,SHACKLEFORD RD,,,,134.00,Feet,East,BELMONT BLVD,,,,0.00,N,Not at Intersection,N,Non-Junction,None,,,         ,Tien,Nguyen,Rain,Angle,no,no,no,no,no,False
100947464,METROPOLITAN NASHVILLE POLICE DEPT,20150846003,Davidson,Nashville,9/9/2015 3:32:00 PM,2,0,0,36.236090,-86.758170,DICKERSON PKE,,,,166.00,Feet,South,I65 N ENT RAMP,,,,0.00,N,Not at Intersection, ,Non-Junction,None,,,         ,Kimberly,Brown,Cloudy,Front to Rear,no,no,no,no,no,False
100947465,METROPOLITAN NASHVILLE POLICE DEPT,20150846160,Davidson,Nashville,9/9/2015 4:03:00 PM,2,0,0,36.131880,-86.795500,BERNARD AV,,,,0.00,,,BELMONT BLVD,,,,0.00,Y,T-Intersection,N,Intersection,None,,,         ,Peter,Knisley,Rain,Front to Rear,no,no,no,no,no,False
100947471,METROPOLITAN NASHVILLE POLICE DEPT,2015-0846146,Davidson,Nashville,9/9/2015 3:30:00 PM,2,0,0,36.167150,-86.820580,28TH AVN,,,,200.00,Feet,North,MEHARRY BLVD,,,,0.00,N,Not at Intersection, ,Non-Junction,None,,,         ,Edward,Conrads,Rain,"Sideswipe, Same Direction",no,no,no,no,no,False
100947488,METROPOLITAN NASHVILLE POLICE DEPT,20150846202,Davidson,Nashville,9/9/2015 4:10:00 PM,2,0,0,36.098860,-86.710460,I 24,,,,0.00,,,,,,,54.65,N,Not at Intersection, ,,None,,,         ,Victoria,Cunningham,,,no,no,no,no,no,False
100947490,METROPOLITAN NASHVILLE POLICE DEPT,2015-0846086,Davidson,Nashville,9/9/2015 3:50:00 PM,1,0,0,36.054730,-86.900350,STATE HWY 254,,,,573.00,Feet,West,VAUGHN RD,,,,0.00,N,Not at Intersection,N,Non-Junction,None,,,         ,Walter,Gray II,Rain,Not Collision with Motor Vehicle in Transport,no,no,no,no,no,False
100947491,METROPOLITAN NASHVILLE POLICE DEPT,2015-0846214,Davidson,Nashville,9/9/2015 4:15:00 PM,1,0,0,36.054750,-86.900370,STATE HWY 254,,,,583.00,Feet,West,VAUGHN RD,,,,0.00,N,Not at Intersection, ,Non-Junction,None,,,         ,Walter,Gray II,Rain,Not Collision with Motor Vehicle in Transport,no,no,no,no,no,False
100947492,METROPOLITAN NASHVILLE POLICE DEPT,20150846231,Davidson,Nashville,9/9/2015 4:18:00 PM,2,0,0,36.037720,-86.794750,OLD HICKORY BLVD,,,,0.00,,,BRENTWOOD BLVD,,,,0.00,Y,Four-Way, ,Intersection-Related,None,,,         ,Tien,Nguyen,Rain,Front to Rear,no,no,no,no,no,False
100947497,METROPOLITAN NASHVILLE POLICE DEPT,20150846116,Davidson,Nashville,9/9/2015 3:59:00 PM,4,2,0,36.114820,-86.669960,DONELSON PKE,,,,829.00,Feet,South,HANGAR CT,,,,0.00,N,Not at Intersection,N,Non-Junction,None,,,         ,Leslie,Hale,Rain,HeadOn,no,no,no,no,no,False
100947500,METROPOLITAN NASHVILLE POLICE DEPT,20150845922,Davidson,Nashville,9/9/2015 3:01:00 PM,2,0,0,36.149010,-86.798270,20TH AVS,,,,0.00,,,DIVISION ST,,,,0.00,Y,T-Intersection, ,Intersection,None,,,         ,Clyde,Stambaugh,Clear,"Sideswipe, Opposite Direction",no,no,no,no,no,Campus
100947515,METROPOLITAN NASHVILLE POLICE DEPT,2015-0846056,Davidson,Nashville,9/9/2015 3:50:00 PM,2,1,0,36.154170,-86.812490,25TH AVN,,,,0.00,,,PARK PLZ,,,,0.00,Y,T-Intersection,N,Intersection,None,,,         ,Clyde,Stambaugh,Clear,Front to Rear,no,no,no,no,yes,False
100947517,METROPOLITAN NASHVILLE POLICE DEPT,20150846303,Davidson,Nashville,9/9/2015 4:54:00 PM,1,1,0,36.146970,-86.808360,WEST END AV,,,,0.00,,,25TH AVS,,,,0.00,Y,Four-Way,N,Intersection,None,,,         ,Charles,Griffin,Cloudy,Not Collision with Motor Vehicle in Transport,yes,no,no,no,no,Campus
100947518,METROPOLITAN NASHVILLE POLICE DEPT,20150846440,Davidson,Nashville,9/9/2015 5:35:00 PM,2,0,0,36.081100,-86.758360,HARDING PL,,,,0.00,,,TROUSDALE DR,,,,0.00,Y,Four-Way, ,Intersection-Related,None,,,         ,Tien,Nguyen,Rain,"Sideswipe, Same Direction",no,no,no,no,no,False
100947522,METROPOLITAN NASHVILLE POLICE DEPT,2015-0846412,Davidson,Nashville,9/9/2015 5:13:00 PM,1,0,0,36.151560,-86.860800,I 40,,,,0.00,,,,,,,203.80,N,Not at Intersection,N,Non-Junction,None,,,         ,Walter,Gray II,Rain,Not Collision with Motor Vehicle in Transport,no,no,no,no,no,False
100947525,METROPOLITAN NASHVILLE POLICE DEPT,20150846564,Davidson,Nashville,9/9/2015 5:53:00 PM,2,0,0,36.074660,-86.769180,FARRELL PKWY,,,,0.00,,,LAMBERT DR,,,,0.00,Y,T-Intersection, ,Intersection-Related,None,,,         ,Tien,Nguyen,Rain,Front to Rear,no,no,no,no,no,False
100947527,METROPOLITAN NASHVILLE POLICE DEPT,20150846384,Davidson,Nashville,9/9/2015 5:15:00 PM,2,0,0,36.206370,-86.768430,DICKERSON PKE,,,,171.00,Feet,South,OLD TRINITY LN,,,,0.00,N,Not at Intersection,N,Non-Junction,None,,,         ,Terence,Maahs,Rain,Angle,no,no,no,no,no,False
100947528,METROPOLITAN NASHVILLE POLICE DEPT,20150846048,Davidson,Nashville,9/9/2015 4:09:00 PM,2,0,0,36.064570,-86.628710,HAMILTON CHURCH RD,,,,107.00,Feet,South,MURFREESBORO PKE,,,,0.00,N,Not at Intersection, ,Non-Junction,None,,,         ,Jessie,Meadows,Rain,"Sideswipe, Same Direction",no,no,no,no,no,False
100947529,METROPOLITAN NASHVILLE POLICE DEPT,20150846291,Davidson,Nashville,9/9/2015 4:58:00 PM,2,0,0,36.089780,-86.703110,I 24,,,,0.00,,,,,,,55.40,N,Not at Intersection, ,Non-Junction,None,,,         ,Jessie,Meadows,Rain,"Sideswipe, Same Direction",no,no,no,no,yes,False
100947534,METROPOLITAN NASHVILLE POLICE DEPT,20150846247,Davidson,Nashville,9/9/2015 4:29:00 PM,2,1,0,36.237240,-86.758950,I 65,,,,0.00,,,,,,,89.90,N,Not at Intersection,N,Non-Junction,Work Zone,,,         ,Rachael,Sacco,Rain,Front to Rear,no,no,no,no,no,False
100947535,METROPOLITAN NASHVILLE POLICE DEPT,20150846286,Davidson,Nashville,9/9/2015 4:07:00 PM,2,0,0,36.169280,-86.618140,RIVERBROOK DR,,,,230.00,Feet,East,STONEWATER DR,,,,0.00,N,Not at Intersection, ,Non-Junction,None,,,         ,James,DeSantis,Rain,Rear to Side,no,no,no,no,no,False
100947536,METROPOLITAN NASHVILLE POLICE DEPT,20150846540,Davidson,Nashville,9/9/2015 6:00:00 PM,2,1,0,36.033180,-86.775140,CHURCH STE,,,,1918.00,Feet,West,CLOVERLAND DR,,,,0.00,N,Not at Intersection,N,Non-Junction,None,,,         ,Eric,Burford,Rain,Front to Rear,no,no,no,no,no,False
100947539,Metro Park Police,2015-0846210,Davidson,Nashville,9/9/2015 12:00:00 AM,2,0,0,36.168920,-86.725620,SHELBY PARK,,,,0.00,,,SHELBY PARK,,,,0.00,Y,OTHER, ,Non-Junction,None,,,         ,Richard,Ellington,Other,Front to Rear,no,no,no,no,no,False
100947552,METROPOLITAN NASHVILLE POLICE DEPT,20150846118,Davidson,Nashville,9/9/2015 4:00:00 PM,1,1,0,36.063600,-86.683340,I 24,,,,0.00,,,,,,,57.55,N,Not at Intersection,N,Non-Junction,None,,,         ,William,Durham,Rain,Not Collision with Motor Vehicle in Transport,no,no,no,no,no,False
100947553,METROPOLITAN NASHVILLE POLICE DEPT,20150846613,Davidson,Nashville,9/9/2015 6:37:00 PM,2,0,0,36.143060,-86.799980,21ST AVS,,,,100.00,Feet,North,MEDICAL CENTER DR,,,,0.00,N,Not at Intersection, ,Non-Junction,None,,,         ,Peter,Knisley,Rain,"Sideswipe, Same Direction",no,no,no,no,no,Campus
100947554,METROPOLITAN NASHVILLE POLICE DEPT,20150846309,Davidson,Nashville,9/9/2015 5:33:00 PM,2,0,0,36.127370,-86.844180,HARDING PKE,,,,113.00,Feet,West,WOODLAWN DR,,,,0.00,N,Not at Intersection, ,Non-Junction,None,,,         ,Michael,Russell,Cloudy,Angle,no,no,no,no,no,False