master_record_number,agency,agency_tracking_number,county,city,collision_date,vehicles_involved,number_injured,number_dead,latitude,longitude,roadway_name,roadway_suffix,roadway_number,roadway_local_id,distance_from_reference,miles-feet_indicator,direction_from_reference,intersection_road_name,intersection_road_name_suffix,intersection_road_number,intersection_local_id,mile_marker,intersection_indicator,intersect_type,interchange_related_indicator,relation_to_junction,work_zone_type,construction_maintenance_zone,construction_maintenance_zone_location,fatal_case_number,officer_first_name,officer_last_name,weather_condition(s),manner_of_crash,pedestrian,bicycle,scooter,parking,hitrun,mou
100948468,METROPOLITAN NASHVILLE POLICE DEPT,2015-0848413,Davidson,Nashville,9/10/2015 7:55:00 AM,2,1,0,36.152260,-86.848580,51ST AVN,,,,106.00,Feet,North,CHARLOTTE AV,,,,0.00,N,Not at Intersection,N,Non-Junction,None,,,         ,Curtis,Rich,Cloudy,Angle,no,no,no,no,no,False
100948476,METROPOLITAN NASHVILLE POLICE DEPT,20150829865,Davidson,Nashville,9/4/2015 12:01:00 AM,2,0,0,36.144660,-86.744040,ELM HILL PKE,,,,0.00,,,FESSLERS LN,,,,0.00,Y,Four-Way, ,Intersection,None,,,         ,Erik,Dabbs,Clear,Angle,no,no,no,no,yes,False
100948478,METROPOLITAN NASHVILLE POLICE DEPT,20150833254,Davidson,Nashville,9/4/2015 9:23:00 PM,2,0,0,36.055970,-86.715500,APRIL LN,,,,60.00,Feet,East,NOLENSVILLE PKE,,,,0.00,N,Not at Intersection, ,Non-Junction,None,,,         ,Dezmond,Hughes,Clear,Front to Rear,no,no,no,yes,yes,False
100948485,VANDERBILT UNIVERSITY POLICE,15-0851900,Davidson,Nashville,9/11/2015 5:03:00 AM,1,0,0,36.144780,-86.802500,STEVENSON CENTER LN,,,,0.00,,,,,,,0.00,,, ,OtherLocation,None,,,         ,Joel,Newsom,Clear,Not Collision with Motor Vehicle in Transport,no,no,no,yes,no,Campus
100948491,METROPOLITAN NASHVILLE POLICE DEPT,2015-0844884,Davidson,Nashville,9/9/2015 7:26:00 AM,2,0,0,36.141190,-86.731320,I 40,,,,0.00,,,,,,,212.95,N,Not at Intersection, ,Non-Junction,None,,,         ,Jeb,Johnston,Cloudy,"Sideswipe, Same Direction",no,no,no,no,no,False
100948494,METROPOLITAN NASHVILLE POLICE DEPT,20150849518,Davidson,Nashville,9/10/2015 1:57:00 PM,2,1,0,36.161580,-86.783890,CHURCH ST,,,,0.00,,,ROSA L PARKS AV,,,,0.00,Y,Four-Way,N,Intersection-Related,None,,,         ,Bryan,Birdwell,Clear,Front to Rear,no,no,no,no,no,False
100948502,METROPOLITAN NASHVILLE POLICE DEPT,2015-0852065,Davidson,Nashville,9/11/2015 7:10:00 AM,2,0,0,36.139530,-86.887890,I 40,,,,0.00,,,,,,,202.00,N,Not at Intersection,N,Non-Junction,None,,,         ,Walter,Gray II,Clear,Front to Rear,no,no,no,no,no,False
100948521,METROPOLITAN NASHVILLE POLICE DEPT,20150852029,Davidson,Nashville,9/11/2015 6:55:00 AM,2,1,0,36.161990,-86.817170,HERMAN ST,,,,81.00,Feet,East,27TH AVN,,,,0.00,N,Not at Intersection,N,Non-Junction,None,,,         ,Richard,Olive,Clear,Angle,no,no,no,no,no,False
100948524,METROPOLITAN NASHVILLE POLICE DEPT,2015-0852036,Davidson,Nashville,9/11/2015 7:00:00 AM,5,1,0,36.138490,-86.889290,I 40,,,,0.00,,,,,,,201.85,N,Not at Intersection,N,Non-Junction,None,,,         ,Curtis,Rich,Clear,Front to Rear,no,no,no,no,no,False
100948525,METROPOLITAN NASHVILLE POLICE DEPT,2015-0831634,Davidson,Goodlettsville,8/29/2015 2:00:00 PM,2,0,0,36.303740,-86.689800,RIVERGATE MARKETPLACE PVTDR,,,,160.00,Feet,South,GALLATIN PKEN,,,,0.00,N,Not at Intersection, ,Non-Junction,None,,,         ,Jeb,Johnston,Clear,"Sideswipe, Opposite Direction",no,no,no,yes,yes,False
100948532,METROPOLITAN NASHVILLE POLICE DEPT,20150852063,Davidson,Nashville,9/11/2015 7:05:00 AM,2,0,0,36.099040,-86.821140,HILLSBORO PKE,,,,80.00,Feet,East,CASTLEMAN DR,,,,0.00,N,Not at Intersection,N,Non-Junction,None,,,         ,Paul,Junkmann,Clear,Angle,no,no,no,no,no,False
100948535,METROPOLITAN NASHVILLE POLICE DEPT,20150849521,Davidson,Nashville,9/10/2015 1:54:00 PM,3,0,0,36.121740,-86.750620,NOLENSVILLE PKE,,,,0.00,,,I440 E ENT RAMP,,,,0.00,Y,T-Intersection,N,Intersection,None,,,         ,Nathan,Kemp,Clear,Front to Rear,no,no,no,no,yes,False
100948536,METROPOLITAN NASHVILLE POLICE DEPT,20150852043,Davidson,Nashville,9/11/2015 7:07:00 AM,2,0,0,36.120700,-86.807970,HILLSBORO PKE,,,,0.00,,,LOMBARDY AV,,,,0.00,Y,Four-Way,N,Intersection,None,,,         ,Nathan,Kemp,Clear,Angle,no,no,no,no,no,False
100948537,METROPOLITAN NASHVILLE POLICE DEPT,2015-0852025,Davidson,Nashville,9/11/2015 6:45:00 AM,2,0,0,36.089590,-86.688520,EZELL PKE,,,,0.00,,,HARDING PL,,,,0.00,Y,Four-Way, ,Intersection-Related,None,,,         ,John,Neely,Clear,Front to Rear,no,no,no,no,no,False
100948538,METROPOLITAN NASHVILLE POLICE DEPT,20150850923,Davidson,Nashville,9/10/2015 9:38:00 PM,2,0,0,36.140870,-86.817430,WEST END AV,,,,0.00,,,ACKLEN PARK DR,,,,0.00,Y,T-Intersection,N,Intersection,None,,,         ,Clyde,Stambaugh,Clear,Front to Rear,no,no,no,no,yes,False
100948539,METROPOLITAN NASHVILLE POLICE DEPT,20150852135,Davidson,Nashville,9/11/2015 7:45:00 AM,2,0,0,36.129190,-86.727660,I440 W ENT RAMP,,,,0.00,,,I 24,,,,0.00,Y,OTHER, ,Entrance/Exit Ramp Related,None,,,         ,Brian,Lamb,Clear,Front to Rear,no,no,no,no,no,False
100948541,METROPOLITAN NASHVILLE POLICE DEPT,20150852044,Davidson,Nashville,9/11/2015 6:39:00 AM,2,0,0,36.195860,-86.619570,OLD HICKORY BLVD,,,,99.00,Feet,West,OLD HICKORY BLVD PVTDR,,,,0.00,N,Not at Intersection, ,,None,,,         ,James,Curtis,,,no,no,no,no,no,False
100948544,METROPOLITAN NASHVILLE POLICE DEPT,2015-0848823,Davidson,Nashville,9/10/2015 10:11:00 AM,2,0,0,36.211600,-86.732600,GALLATIN PKE,,,,0.00,,,HART LN,,,,0.00,Y,T-Intersection, ,Intersection,None,,,         ,Alex,Moore,Cloudy,Angle,no,no,no,no,no,False
100948547,METROPOLITAN NASHVILLE POLICE DEPT,20150852077,Davidson,Nashville,9/11/2015 7:22:00 AM,3,0,0,36.042610,-86.654600,I 24,,,,0.00,,,,,,,59.70,N,Not at Intersection, ,Entrance/Exit Ramp Related,None,,,         ,Kenneth,Alexandrow,Clear,Front to Rear,no,no,no,no,no,False
100948549,METROPOLITAN NASHVILLE POLICE DEPT,20150852106,Davidson,Nashville,9/11/2015 12:00:00 AM,2,0,0,36.085350,-86.655760,ROCKY MOUNTAIN CT,,,,178.00,Feet,South,MT HOOD DR,,,,0.00,N,Not at Intersection, ,Non-Junction,None,,,         ,Megan,Arnett,Unknown,"Sideswipe, Same Direction",no,no,no,no,yes,False
100948551,METROPOLITAN NASHVILLE POLICE DEPT,20150852175,Davidson,Nashville,9/11/2015 8:03:00 AM,2,0,0,36.172340,-86.586300,CENTRAL PKE,,,,455.00,Feet,West,S NEW HOPE RD,,,,0.00,N,Not at Intersection,N,Non-Junction,None,,,         ,James,Curtis,Clear,Front to Rear,no,no,no,no,no,False
100948554,METROPOLITAN NASHVILLE POLICE DEPT,2015-0852375,Davidson,Nashville,9/11/2015 9:10:00 AM,2,0,0,36.116710,-86.923250,OLD HICKORY BLVD,,,,0.00,,,CHARLOTTE PKE,,,,0.00,Y,Four-Way, ,,None,,,         ,Curtis,Rich,,,no,no,no,no,no,False
100948557,METROPOLITAN NASHVILLE POLICE DEPT,20150852249,Davidson,Nashville,9/11/2015 8:30:00 AM,2,0,0,36.082670,-86.765150,I65 S EXT RAMP,,,,0.00,,,I 65,,,,0.00,Y,OTHER,Y,Entrance/Exit Ramp Related,None,,,         ,Justin,Pinkelton,Clear,Front to Rear,no,no,no,no,no,False
100948558,METROPOLITAN NASHVILLE POLICE DEPT,2015-0845002,Davidson,Nashville,9/9/2015 8:40:00 AM,2,1,0,36.142620,-86.735650,I 40,,,,0.00,,,,,,,212.75,N,Not at Intersection,N,Non-Junction,None,,,         ,Michael,Baker,Clear,"Sideswipe, Same Direction",no,no,no,no,no,False
100948566,METROPOLITAN NASHVILLE POLICE DEPT,20150852126,Davidson,Nashville,9/11/2015 7:40:00 AM,2,0,0,36.158850,-86.782200,BROADWAY,,,,0.00,,,ROSA L PARKS BLVD,,,,0.00,Y,Four-Way, ,Non-Junction,None,,,         ,Catherine,Poole,Clear,"Sideswipe, Same Direction",no,no,no,no,no,False
100948567,METROPOLITAN NASHVILLE POLICE DEPT,20150852353,Davidson,Nashville,9/11/2015 9:06:00 AM,2,1,0,36.132170,-86.818200,I 440,,,,0.00,,,,,,,1.85,N,Not at Intersection,N,Non-Junction,None,,,         ,Nathan,Kemp,Clear,Front to Rear,no,no,no,no,no,False
100948569,METROPOLITAN NASHVILLE POLICE DEPT,2015-0848276,Davidson,Nashville,9/11/2015 6:44:00 AM,1,0,0,36.163600,-86.616810,I 40,,,,0.00,,,,,,,219.90,N,Not at Intersection,N,Non-Junction,None,,,         ,Michael,Baker,Clear,Not Collision with Motor Vehicle in Transport,no,no,no,no,no,False
100948571,METROPOLITAN NASHVILLE POLICE DEPT,20150849438,Davidson,Nashville,9/10/2015 1:29:00 PM,2,1,0,36.141480,-86.732540,I 40,,,,0.00,,,,,,,212.95,N,Not at Intersection,N,Non-Junction,None,,,         ,Kevin,Coleman,Clear,"Sideswipe, Same Direction",no,no,no,no,yes,False
100948584,METROPOLITAN NASHVILLE POLICE DEPT,20150852341,Davidson,Nashville,9/11/2015 8:42:00 AM,2,0,0,36.124080,-86.751680,NOLENSVILLE PKE,,,,0.00,,,I440 W EXT RAMP,,,,0.00,Y,T-Intersection,N,Entrance/Exit Ramp Related,None,,,         ,James,Smith,Clear,"Sideswipe, Same Direction",no,no,no,no,yes,False
100948588,METROPOLITAN NASHVILLE POLICE DEPT,2015-0852406,Davidson,Nashville,9/11/2015 8:44:00 AM,2,0,0,36.168420,-86.766090,I 24,,,,0.00,,,,,,,48.80,N,Not at Intersection, ,Non-Junction,None,,,         ,Paul,Sorace,Clear,Front to Rear,no,no,no,no,no,False
100948605,METROPOLITAN NASHVILLE POLICE DEPT,20150852372,Davidson,Nashville,9/11/2015 9:12:00 AM,1,0,0,36.185010,-86.786390,2ND AVN,,,,0.00,,,CEMENT PLANT RD,,,,0.00,Y,Y-Intersection,N,Non-Junction,None,,,         ,Trent,Craig,Clear,Not Collision with Motor Vehicle in Transport,no,no,no,no,no,False
100948608,METROPOLITAN NASHVILLE POLICE DEPT,20150852604,Davidson,Nashville,9/11/2015 10:36:00 AM,2,0,0,36.137580,-86.769700,MOORE AV,,,,40.00,Feet,East,MARTIN ST,,,,0.00,N,Not at Intersection,N,Non-Junction,None,,,         ,Nathan,Kemp,Clear,Unknown,no,no,no,no,yes,False
100948609,BELLE MEADE POLICE DEPT,15-0229,Davidson,Belle Meade,9/11/2015 9:40:00 AM,2,0,0,36.110890,-86.864540,HARDING PKE,,,,985.00,Feet,South,JACKSON BLVD,,,,0.00,N,Not at Intersection, ,,None,,,         ,Doris,Howell,,,no,no,no,no,no,False
100948626,METROPOLITAN NASHVILLE POLICE DEPT,20150849363,Davidson,Nashville,9/10/2015 1:00:00 PM,2,0,0,36.155510,-86.793800,16TH AVN,,,,0.00,,,HAYES ST,,,,0.00,Y,Four-Way, ,Intersection-Related,None,,,         ,Daniel,Russett,Clear,Angle,no,no,no,no,no,False
100948635,METROPOLITAN NASHVILLE POLICE DEPT,20150852445,Davidson,Nashville,9/11/2015 10:01:00 AM,2,0,0,36.183820,-86.748370,GALLATIN AV,,,,0.00,,,EASTLAND AV,,,,0.00,Y,T-Intersection, ,,None,,,         ,Ian,Herlein,,,no,no,no,no,no,False
100948637,METROPOLITAN NASHVILLE POLICE DEPT,20150852712,Davidson,Nashville,9/11/2015 11:21:00 AM,3,0,0,36.143970,-86.776880,I 65,,,,0.00,,,,,,,82.10,N,Not at Intersection, ,Non-Junction,None,,,         ,Nathan,Kemp,Clear,Front to Rear,no,no,no,no,no,False
100948647,VANDERBILT UNIVERSITY POLICE,MPD 15- 0852349,Davidson,Nashville,9/11/2015 8:38:00 AM,2,0,0,36.140740,-86.800340,21ST AVS,,,,0.00,,,DIXIE PL,,,,0.00,Y,OTHER,N,SharedUsePathOrTrail,None,,,         ,Charles,Payton,Clear,Rear to Side,no,no,no,yes,no,Campus
100948649,METROPOLITAN NASHVILLE POLICE DEPT,20150852555,Davidson,Nashville,9/11/2015 10:23:00 AM,2,0,0,36.153800,-86.756970,I 40,,,,0.00,,,,,,,211.15,N,Not at Intersection, ,Non-Junction,None,,,         ,Cassandra,Del Bosco,Clear,Front to Rear,no,no,no,no,no,False
100948654,THP District 9 - Administrative,315046584,Davidson,Nashville,9/9/2015 7:29:00 AM,2,0,0,36.037170,-86.645710,I 24,,,,0.00,,,,,,,60.30,N,Not at Intersection,N,Non-Junction,None,,,         ,Brian,Carmouche,Clear,Front to Rear,no,no,no,no,no,False
100948657,METROPOLITAN NASHVILLE POLICE DEPT,20150848819,Davidson,Nashville,9/10/2015 9:45:00 AM,2,1,0,36.046180,-86.674140,BLUE HOLE RD,,,,172.00,Feet,North,BELL RD,,,,0.00,N,Not at Intersection,N,Non-Junction,None,,,         ,Ian,Hammond,Clear,Front to Rear,no,no,no,no,yes,False
100948659,METROPOLITAN NASHVILLE POLICE DEPT,2015-0839087,Davidson,Nashville,9/7/2015 10:27:00 AM,2,1,0,36.184390,-86.798100,ROSA L PARKS BLVD,,,,10.00,Feet,South,I65 N ENT RAMP,,,,0.00,N,Not at Intersection,N,Non-Junction,None,,,         ,Darryl,Morton,Clear,"Sideswipe, Same Direction",no,no,no,no,no,False
100948663,METROPOLITAN NASHVILLE POLICE DEPT,20150852738,Davidson,Nashville,9/11/2015 11:33:00 AM,2,2,0,36.096360,-86.737780,NOLENSVILLE PKE,,,,84.00,Feet,North,ALLIED DR,,,,0.00,N,Not at Intersection,N,Non-Junction,None,,,         ,Reuben,Hewit,Cloudy,Front to Rear,no,no,no,no,no,False
100948665,METROPOLITAN NASHVILLE POLICE DEPT,20150852721,Davidson,Madison,9/11/2015 11:25:00 AM,2,0,0,36.273890,-86.689440,MYATT DR,,,,644.00,Feet,North,ANDERSON LN,,,,0.00,N,Not at Intersection, ,Non-Junction,Construction Zone,,,         ,William,Coy,Cloudy,"Sideswipe, Same Direction",no,no,no,no,no,False
100948673,METROPOLITAN NASHVILLE POLICE DEPT,2015-0852892,Davidson,Nashville,9/11/2015 12:22:00 PM,2,0,0,36.131440,-86.896650,CHARLOTTE PKE,,,,80.00,Feet,East,I40 E EXT RAMP,,,,0.00,N,Not at Intersection, ,Non-Junction,None,,,         ,Curtis,Rich,Cloudy,Front to Rear,no,no,no,no,no,False
100948679,METROPOLITAN NASHVILLE POLICE DEPT,20150852717,Davidson,Nashville,9/11/2015 11:21:00 AM,2,0,0,36.169790,-86.810110,I 40,,,,0.00,,,,,,,207.10,N,Not at Intersection, ,Non-Junction,None,,,         ,Charles,Ward,Clear,Front to Rear,no,no,no,no,no,False
100948692,VANDERBILT UNIVERSITY POLICE,15-0842154,Davidson,Nashville,9/8/2015 12:00:00 PM,2,0,0,36.108140,-86.763430,POWELL AVE,,,,0.00,,,,,,,0.00,,,N,"Driveway, Alley Access, etc",None,,,         ,Fred,Oakley,Clear,"Sideswipe, Same Direction",no,no,no,yes,yes,OHO
100948696,METROPOLITAN NASHVILLE POLICE DEPT,20150852486,Davidson,Nashville,9/11/2015 10:24:00 AM,2,0,0,36.177920,-86.791470,TAYLOR ST,,,,76.00,Feet,West,6TH AVN,,,,0.00,N,Not at Intersection, ,Non-Junction,None,,,         ,Richard,Olive,Clear,"Sideswipe, Same Direction",no,no,no,no,no,False
100948697,METROPOLITAN NASHVILLE POLICE DEPT,2015-0853006,Davidson,Nashville,9/11/2015 1:00:00 PM,2,0,0,36.128270,-86.907590,CHARLOTTE PKE,,,,243.00,Feet,West,RIVER RD,,,,0.00,N,Not at Intersection, ,Non-Junction,None,,,         ,Curtis,Rich,Rain,Angle,no,no,no,yes,yes,False
100948698,METROPOLITAN NASHVILLE POLICE DEPT,2015-0852988,Davidson,Nashville,9/11/2015 12:50:00 PM,2,0,0,36.145930,-86.870940,CHARLOTTE PKE,,,,89.00,Feet,West,WESTBORO DR,,,,0.00,N,Not at Intersection, ,Non-Junction,None,,,         ,George,Spencer,Rain,Front to Rear,no,no,no,no,no,False
100948719,METROPOLITAN NASHVILLE POLICE DEPT,20150852886,Davidson,Nashville,9/11/2015 12:38:00 PM,2,0,0,36.204480,-86.747460,E TRINITY LN,,,,0.00,,,DR RICHARD G ADAMS DR,,,,0.00,Y,T-Intersection, ,Intersection,None,,,         ,Dontaveous,Eubanks,Clear,Angle,no,no,no,no,no,False
100948727,METROPOLITAN NASHVILLE POLICE DEPT,2015-0852989,Davidson,Nashville,9/11/2015 1:06:00 PM,2,0,0,36.099720,-86.871420,HARDING PKE,,,,6.00,Feet,South,HIGHWAY 100,,,,0.00,N,Not at Intersection,N,Non-Junction,None,,,         ,Walter,Gray II,Rain,Angle,no,no,no,no,no,False
100948742,VANDERBILT UNIVERSITY POLICE,15-0853043,Davidson,Nashville,9/11/2015 1:00:00 PM,2,0,0,36.146270,-86.809790,WEST END AV,,,,0.00,,,NATCHEZ TRC,,,,0.00,Y,OTHER, ,,None,,,         ,Brent,Clark,,,no,no,no,yes,no,Campus
100948749,METROPOLITAN NASHVILLE POLICE DEPT,20150853026,Davidson,Nashville,9/11/2015 1:25:00 PM,2,0,0,36.080860,-86.726740,NOLENSVILLE PKE,,,,474.00,Feet,North,HARDING PL,,,,0.00,N,Not at Intersection,N,Non-Junction,None,,,         ,Reuben,Hewit,Rain,Angle,no,no,no,no,yes,False
100948755,METROPOLITAN NASHVILLE POLICE DEPT,20150853019,Davidson,Nashville,9/11/2015 1:00:00 PM,2,0,0,36.175040,-86.678950,MCGAVOCK PKE,,,,0.00,,,SELMA AV,,,,0.00,Y,T-Intersection, ,Non-Junction,None,,,         ,Anthony,Venable,Rain,Angle,no,no,no,no,no,False
100948760,METROPOLITAN NASHVILLE POLICE DEPT,2015-0852056,Davidson,Antioch,9/11/2015 7:11:00 AM,2,0,0,36.025470,-86.587420,MURFREESBORO,PIKE,US41,,754.00,Feet,South,PIN HOOK,RD,,,0.00,N,Not at Intersection, ,Non-Junction,None,,,         ,William,Whitworth,Clear,Front to Rear,no,no,no,no,no,False
100948761,METROPOLITAN NASHVILLE POLICE DEPT,2015-0852259,Davidson,Nashville,9/11/2015 8:29:00 AM,2,1,0,36.044780,-86.650520,CROSSINGS BLVD,,,,174.00,Feet,East,HICKORY HOLLOW PKWY,,,,0.00,N,Not at Intersection,N,Non-Junction,None,,,         ,William,Whitworth,Clear,Front to Rear,no,no,no,no,no,False
100948765,METROPOLITAN NASHVILLE POLICE DEPT,15-0852791,Davidson,Nashville,9/11/2015 11:43:00 AM,3,2,0,36.171940,-86.767670,JAMES ROBERTSON PKWY,,,,76.00,Feet,East,I24 W EXT RAMP,,,,0.00,N,Not at Intersection,N,OtherLocation,None,,,         ,Frank,Campbell,Cloudy,Front to Rear,no,no,no,no,no,False
100948781,METROPOLITAN NASHVILLE POLICE DEPT,20150852821,Davidson,Nashville,9/11/2015 1:14:00 PM,2,0,0,36.142950,-86.683960,I 40,,,,0.00,,,,,,,215.65,N,Not at Intersection, ,,None,,,         ,James,Curtis,,,no,no,no,no,no,False
100948783,METROPOLITAN NASHVILLE POLICE DEPT,20150853175,Davidson,Nashville,9/11/2015 2:50:00 PM,1,0,0,36.142680,-86.698810,I40 E ENT RAMP,,,,0.00,,,I 40,,,,0.00,Y,OTHER, ,Entrance/Exit Ramp Related,None,,,         ,Tyler,Conrads,Rain,Not Collision with Motor Vehicle in Transport,no,no,no,no,no,False
100948786,METROPOLITAN NASHVILLE POLICE DEPT,20150853085,Davidson,Nashville,9/11/2015 1:38:00 PM,2,1,0,36.039420,-86.649130,I24 E EXT RAMP,,,,0.00,,,I 24,,,,0.00,Y,T-Intersection,N,Non-Junction,None,,,         ,Brian,Penny,Rain,Front to Rear,no,no,no,no,no,False
100948794,METROPOLITAN NASHVILLE POLICE DEPT,20150853197,Davidson,Nashville,9/11/2015 3:00:00 PM,1,0,0,36.168930,-86.606680,CENTRAL PKE EXIT RAMP,,,,0.00,Feet,East,I 40,,,,0.00,N,Not at Intersection,N,Entrance/Exit Ramp Related,None,,,         ,Cassandra,Del Bosco,Rain,Not Collision with Motor Vehicle in Transport,no,no,no,no,no,False
100948797,METROPOLITAN NASHVILLE POLICE DEPT,20150853183,Davidson,Nashville,9/11/2015 2:45:00 PM,2,1,0,36.148770,-86.745990,I 40,,,,0.00,,,,,,,211.85,N,Not at Intersection,N,Non-Junction,None,,,         ,Austin,Childress,Rain,Front to Rear,no,no,no,no,yes,False
100948799,METROPOLITAN NASHVILLE POLICE DEPT,20150853185,Davidson,Nashville,9/11/2015 3:30:00 PM,2,0,0,36.072690,-86.636970,MURFREESBORO PKE,,,,378.00,Feet,North,BELL RD,,,,0.00,N,Not at Intersection, ,,None,,,         ,Timothy,Mead,,,no,no,no,no,no,False
100948801,GOODLETTSVILLE POLICE DEPT,15-34306,Davidson,Goodlettsville,9/11/2015 1:50:00 PM,2,3,0,36.306840,-86.694510,CONFERENCE DR,,,,0.00,,,STATE HWY 386,,,,0.00,Y,T-Intersection,Y,Intersection-Related,None,,,         ,Benny,Alexander,Rain,Front to Rear,no,no,no,no,no,False
100948804,METROPOLITAN NASHVILLE POLICE DEPT,20150853187,Davidson,Nashville,9/11/2015 2:15:00 PM,2,0,0,36.138030,-86.805050,BLAKEMORE AV,,,,0.00,,,24TH AVS,,,,0.00,Y,Four-Way, ,Intersection,None,,,         ,Charles,Griffin,Rain,Angle,no,no,no,no,no,Campus
100948806,METROPOLITAN NASHVILLE POLICE DEPT,20150850533,Davidson,Nashville,9/10/2015 7:30:00 PM,2,2,0,36.242300,-86.760100,DOVERSIDE DR,,,,0.00,,,SKYLINE COMMONS PVTDR,,,,0.00,Y,T-Intersection,N,Intersection,None,,,         ,Nathan,Dungan,Clear,Angle,no,no,no,no,no,False
100948811,METROPOLITAN NASHVILLE POLICE DEPT,20150853268,Davidson,Nashville,9/11/2015 2:35:00 PM,2,0,0,36.199840,-86.676070,MCGAVOCK PKE,,,,100.00,Feet,North,DUNDEE LN,,,,0.00,N,Not at Intersection, ,Non-Junction,None,,,         ,Tyler,Conrads,Rain,Front to Rear,no,no,no,no,no,False
100948814,METROPOLITAN NASHVILLE POLICE DEPT,20150853224,Davidson,Nashville,9/11/2015 2:34:00 PM,2,0,0,36.167710,-86.820310,JEFFERSON ST,,,,188.00,Feet,East,28TH AVN,,,,0.00,N,Not at Intersection, ,Non-Junction,None,,,         ,Brian,Woodard,Rain,"Sideswipe, Opposite Direction",no,no,no,yes,yes,False
100948815,METROPOLITAN NASHVILLE POLICE DEPT,20150853159,Davidson,Nashville,9/11/2015 2:50:00 PM,2,3,0,36.153900,-86.625640,STEWARTS FERRY PKE,,,,0.00,,,PERCY PRIEST DR,,,,0.00,Y,Four-Way,N,Non-Junction,None,,,         ,Michael,Apsey,Rain,Angle,no,no,no,no,no,False
100948817,METROPOLITAN NASHVILLE POLICE DEPT,20150850931,Davidson,Madison,9/10/2015 9:00:00 PM,3,2,0,36.263670,-86.704480,STATE RT 45,,,,0.00,Feet,,DELAWARE AV,,,,0.00,Y,Four-Way,N,Intersection-Related,None,,,         ,Nathan,Dungan,Clear,Front to Rear,no,no,no,no,yes,False
100948818,METROPOLITAN NASHVILLE POLICE DEPT,20150850227,Davidson,Madison,9/10/2015 5:35:00 PM,2,0,0,36.256960,-86.733300,S GRAYCROFT AV,,,,371.00,Feet,South,VANTREASE RD,,,,0.00,N,Not at Intersection, ,Non-Junction,None,,,         ,Nathan,Dungan,Clear,Front to Rear,no,no,no,no,no,False
100948821,METROPOLITAN NASHVILLE POLICE DEPT,20150853165,Davidson,Nashville,9/11/2015 2:10:00 PM,2,0,0,36.151120,-86.796370,BROADWAY,,,,55.00,Feet,North,19TH AVS,,,,0.00,N,Not at Intersection, ,Non-Junction,None,,,         ,Clyde,Stambaugh,Rain,Front to Rear,no,no,no,no,no,False
100948824,METROPOLITAN NASHVILLE POLICE DEPT,20150853294,Davidson,Not in City Limit,9/11/2015 3:29:00 PM,2,0,0,36.261600,-86.677850,SANDHURST DR,,,,0.00,,,E OLD HICKORY BLVD,,,,0.00,Y,OTHER, ,Non-Junction,None,,,         ,Samuel,Miller,Rain,Angle,no,no,no,no,yes,False
100948833,METROPOLITAN NASHVILLE POLICE DEPT,20150853287,Davidson,Not in City Limit,9/11/2015 3:33:00 PM,2,0,0,36.076890,-86.945220,HIGHWAY 70S,,,,0.00,,,SAWYER BROWN RD,,,,0.00,Y,Four-Way,N,Intersection,None,,,         ,John,Thomas,Rain,Angle,no,no,no,no,yes,False
100948837,METROPOLITAN NASHVILLE POLICE DEPT,20150853135,Davidson,Nashville,9/11/2015 2:50:00 PM,2,4,0,36.070170,-86.634300,MURFREESBORO PKE,,,,830.00,Feet,South,BELL RD,,,,0.00,N,Not at Intersection,N,Non-Junction,None,,,         ,Jessie,Meadows,Rain,Angle,no,no,no,no,no,False
100948845,METROPOLITAN NASHVILLE POLICE DEPT,20150853445,Davidson,Nashville,9/11/2015 4:29:00 PM,2,0,0,36.175010,-86.784680,3RD AVN,,,,0.00,,,JEFFERSON ST,,,,0.00,Y,Y-Intersection, ,Intersection,None,,,         ,Caleb,Rogan,Rain,Front to Rear,no,no,no,no,no,False
100948846,METROPOLITAN NASHVILLE POLICE DEPT,20150853421,Davidson,Nashville,9/11/2015 4:18:00 PM,2,0,0,36.167650,-86.663270,LEBANON PKE,,,,15.00,Feet,West,DONELSON PKE,,,,0.00,N,Not at Intersection, ,,None,,,         ,Shawn,Taylor,,,no,no,no,no,no,False
100948855,METROPOLITAN NASHVILLE POLICE DEPT,20150853289,Davidson,Nashville,9/11/2015 3:32:00 PM,2,0,0,36.153620,-86.787970,I 40,,,,0.00,,,,,,,209.30,N,Not at Intersection, ,Non-Junction,None,,,         ,Brenton,Adcox,Rain,Front to Rear,no,no,no,no,no,False
100948856,METROPOLITAN NASHVILLE POLICE DEPT,20150853361,Davidson,Nashville,9/11/2015 3:59:00 PM,1,1,0,36.145480,-86.706440,ELM HILL PKE,,,,76.00,Feet,East,ELM TREE DR,,,,0.00,N,Not at Intersection,N,Non-Junction,None,,,         ,Bryan,Byrnes,Rain,Not Collision with Motor Vehicle in Transport,no,no,no,no,no,False
100948859,METROPOLITAN NASHVILLE POLICE DEPT,20150853385,Davidson,Nashville,9/11/2015 3:35:00 PM,2,0,0,36.121960,-86.794800,BELMONT BLVD,,,,177.00,Feet,South,PARIS AV,,,,0.00,N,Not at Intersection, ,Non-Junction,None,,,         ,Austin,Kendrick,Rain,Front to Rear,no,no,no,no,no,False
100948869,METROPOLITAN NASHVILLE POLICE DEPT,20150853469,Davidson,Nashville,9/11/2015 4:40:00 PM,2,1,0,36.156010,-86.782900,DEMONBREUN ST,,,,49.00,Feet,West,10TH AVS,,,,0.00,N,Not at Intersection,N,Non-Junction,None,,,         ,Blaze,Williams,Rain,Front to Rear,no,no,no,no,no,False