master_record_number,agency,agency_tracking_number,county,city,collision_date,vehicles_involved,number_injured,number_dead,latitude,longitude,roadway_name,roadway_suffix,roadway_number,roadway_local_id,distance_from_reference,miles-feet_indicator,direction_from_reference,intersection_road_name,intersection_road_name_suffix,intersection_road_number,intersection_local_id,mile_marker,intersection_indicator,intersect_type,interchange_related_indicator,relation_to_junction,work_zone_type,construction_maintenance_zone,construction_maintenance_zone_location,fatal_case_number,officer_first_name,officer_last_name,weather_condition(s),manner_of_crash,pedestrian,bicycle,scooter,parking,hitrun,mou
100949233,METROPOLITAN NASHVILLE POLICE DEPT,20150854472,Davidson,Not in City Limit,9/12/2015 12:00:00 AM,2,0,0,36.272120,-86.689560,ANDERSON LN,,,,0.00,,,MYATT DR,,,,0.00,Y,Four-Way, ,,None,,,         ,Brian,Mclarty,,,no,no,no,no,no,False
100949237,METROPOLITAN NASHVILLE POLICE DEPT,20150854970,Davidson,Nashville,9/12/2015 3:01:00 AM,1,0,0,36.061140,-86.665640,UNA ANTIOCH PKE,,,,336.00,Feet,South,CHADFIELD CT,,,,0.00,N,Not at Intersection,N,Non-Junction,None,,,         ,Wallis,Massey,Clear,Not Collision with Motor Vehicle in Transport,no,no,no,no,yes,False
100949239,METROPOLITAN NASHVILLE POLICE DEPT,20150852819,Davidson,Nashville,9/11/2015 12:00:00 PM,2,3,0,36.037510,-86.785750,OLD HICKORY BLVD,,,,25.00,Feet,East,WILSON PIKE CIR,,,,0.00,N,Not at Intersection,N,Non-Junction,None,,,         ,Daniel,Russett,Clear,Front to Rear,no,no,no,no,no,False
100949246,METROPOLITAN NASHVILLE POLICE DEPT,20150853079,Davidson,Nashville,9/11/2015 1:52:00 PM,1,0,0,36.145540,-86.654290,MCCRORY CREEK RD,,,,718.00,Feet,East,ELM HILL PKE,,,,0.00,N,Not at Intersection,N,Non-Junction,None,,,         ,Larry,Benz,Rain,Not Collision with Motor Vehicle in Transport,no,no,no,no,no,False
100949253,METROPOLITAN NASHVILLE POLICE DEPT,20150845007,Davidson,Nashville,9/9/2015 7:45:00 AM,4,0,0,36.111240,-86.712650,BRILEY PKWYS,,,,11.00,Feet,West,DRUMMOND DR,,,,0.00,N,Not at Intersection,N,Non-Junction,None,,,         ,James,Thomas,Clear,Front to Rear,no,no,no,no,yes,False
100949254,METROPOLITAN NASHVILLE POLICE DEPT,20150845275,Davidson,Nashville,9/9/2015 10:30:00 AM,2,0,0,36.172970,-86.799550,I65 N ENT RAMP,,,,0.00,,,I 40,,,,0.00,Y,OTHER, ,Non-Junction,None,,,         ,Steven,Spillers,Clear,"Sideswipe, Same Direction",no,no,no,no,no,False
100949257,METROPOLITAN NASHVILLE POLICE DEPT,20150855282,Davidson,Not in City Limit,9/12/2015 6:29:00 AM,1,0,0,36.268740,-86.859850,CLARKSVILLE PKE,,,,0.00,Feet,North,SIMPKINS RD,,,,0.00,N,Not at Intersection, ,Non-Junction,None,,,         ,Michael,Parman,Cloudy,Not Collision with Motor Vehicle in Transport,no,no,no,no,no,False
100949273,METROPOLITAN NASHVILLE POLICE DEPT,20150855322,Davidson,Nashville,9/12/2015 7:27:00 AM,2,3,0,36.134350,-86.776330,I65 S EXT RAMP,,,,0.00,,,I65 S ENT RAMP,,,,0.00,Y,T-Intersection,N,Entrance/Exit Ramp Related,None,,,         ,Gregory,Lindstrom,Clear,Front to Rear,no,no,no,no,no,False
100949274,METROPOLITAN NASHVILLE POLICE DEPT,2015-0853095,Davidson,Nashville,9/11/2015 1:55:00 PM,3,2,0,36.043930,-86.693300,BELL RD,,,,0.00,,,BROOK VIEW ESTATES DR,,,,0.00,Y,T-Intersection,Y,Intersection-Related,None,,,         ,Brent,Hedgcoth,Rain,Front to Rear,no,no,no,no,no,False
100949282,METROPOLITAN NASHVILLE POLICE DEPT,20150855405,Davidson,Nashville,9/12/2015 8:33:00 AM,2,1,0,36.082100,-86.761700,HARDING PL,,,,0.00,,,SIDCO DR,,,,0.00,Y,Four-Way,N,Intersection,None,,,         ,James,Smith,Clear,Front to Rear,no,no,no,no,no,False
100949283,METROPOLITAN NASHVILLE POLICE DEPT,2015-0848489,Davidson,Nashville,9/10/2015 8:11:00 AM,3,2,0,36.146830,-86.743030,I 40,,,,0.00,,,,,,,212.10,N,Not at Intersection,N,Non-Junction,None,,,         ,Jeb,Johnston,Clear,Front to Rear,no,no,no,no,no,False
100949287,METROPOLITAN NASHVILLE POLICE DEPT,20150855353,Davidson,Nashville,9/12/2015 8:00:00 AM,3,0,0,36.151280,-86.750930,I 40,,,,0.00,,,,,,,211.55,N,Not at Intersection, ,Non-Junction,None,,,         ,Jonathan,Seidl,Clear,"Sideswipe, Same Direction",no,no,no,no,yes,False
100949289,BELLE MEADE POLICE DEPT,15-0230,Davidson,Belle Meade,9/11/2015 5:40:00 PM,3,0,0,36.113300,-86.862880,US HWY 70S,,,,0.00,,,JACKSON BLVD,,,,0.00,Y,T-Intersection,N,Intersection,None,,,         ,Doris,Howell,Cloudy,Front to Rear,no,no,no,no,no,False
100949295,METROPOLITAN NASHVILLE POLICE DEPT,2015-0852958,Davidson,Nashville,9/11/2015 12:30:00 PM,2,1,0,36.083650,-86.647220,MURFREESBORO PKE,,,,0.00,,,BROOKSBORO PL,,,,0.00,Y,Four-Way,N,Intersection,None,,,         ,Jeb,Johnston,Cloudy,HeadOn,no,no,no,no,no,False
100949296,METROPOLITAN NASHVILLE POLICE DEPT,20150855428,Davidson,Nashville,9/12/2015 8:46:00 AM,2,1,0,36.215120,-86.597670,LEBANON PKE,,,,0.00,Feet,,ANDREW JACKSON PKWY,,,,0.00,Y,Four-Way,N,Intersection,None,,,         ,Anthony,Venable,Cloudy,Angle,no,no,no,no,no,False
100949300,METROPOLITAN NASHVILLE POLICE DEPT,20150855284,Davidson,Nashville,9/12/2015 12:00:00 AM,1,0,0,36.051410,-86.710640,OCALA DR,,,,474.00,Feet,West,BYRNE DR,,,,0.00,N,Not at Intersection,N,Non-Junction,None,,,         ,Christopher,Hanor,Clear,Not Collision with Motor Vehicle in Transport,no,no,no,no,yes,False
100949309,GOODLETTSVILLE POLICE DEPT,15-34433,Davidson,Goodlettsville,9/12/2015 10:09:00 AM,2,0,0,36.324750,-86.702400,STATE HWY 174,,,,0.00,,,NORTHGATE DR,,,,0.00,Y,T-Intersection, ,Non-Junction,None,,,         ,Benny,Alexander,Cloudy,"Sideswipe, Same Direction",no,no,no,no,no,False
100949317,METROPOLITAN NASHVILLE POLICE DEPT,20150855319,Davidson,Nashville,9/12/2015 8:20:00 AM,2,0,0,36.155240,-86.790650,BROADWAY,,,,0.00,,,15TH AVN,,,,0.00,Y,OTHER, ,Non-Junction,None,,,         ,Randal,Owsley,Cloudy,Front to Rear,no,no,no,no,no,False
100949319,METROPOLITAN NASHVILLE POLICE DEPT,20150855540,Davidson,Nashville,9/12/2015 10:00:00 AM,2,0,0,36.036330,-86.785760,BROOKS CHAPEL RD,,,,60.00,Feet,East,WILSON PIKE CIR,,,,0.00,N,Not at Intersection, ,Non-Junction,None,,,         ,Arthur,Hummell,Clear,Other,no,no,no,no,no,False
100949325,METROPOLITAN NASHVILLE POLICE DEPT,20150855583,Davidson,Nashville,9/12/2015 10:30:00 AM,2,0,0,36.060900,-86.903810,OLD HICKORY BLVD,,,,569.00,Feet,South,HIGHWAY 100,,,,0.00,N,Not at Intersection,N,Non-Junction,None,,,         ,Wesley,Tilley,Clear,Front to Rear,no,no,no,no,no,False
100949329,METROPOLITAN NASHVILLE POLICE DEPT,20150855543,Davidson,Nashville,9/12/2015 10:04:00 AM,2,2,0,36.045260,-86.717000,OLD HICKORY BLVD,,,,50.00,Feet,East,HICKORY PLZ,,,,0.00,N,Not at Intersection,N,Non-Junction,None,,,         ,Reuben,Hewit,Clear,Front to Rear,no,no,no,no,no,False
100949332,METROPOLITAN NASHVILLE POLICE DEPT,20150855528,Davidson,Not in City Limit,9/12/2015 9:52:00 AM,1,2,0,36.351340,-86.878840,WHITES CREEK PKE,,,,479.00,Feet,South,BAXTER RD,,,,0.00,N,Not at Intersection,N,Non-Junction,None,,,         ,Clint,Gilleland,Cloudy,Not Collision with Motor Vehicle in Transport,no,no,no,no,no,False
100949335,METROPOLITAN NASHVILLE POLICE DEPT,2015-0855630,Davidson,Nashville,9/12/2015 11:00:00 AM,2,0,0,36.205890,-86.768610,E TRINITY LN,,,,0.00,,,DICKERSON PKE,,,,0.00,Y,Four-Way, ,Intersection,None,,,         ,Kenneth,Bray,Cloudy,Front to Rear,no,no,no,no,no,False
100949340,METROPOLITAN NASHVILLE POLICE DEPT,20150852920,Davidson,Nashville,9/11/2015 12:45:00 PM,2,0,0,36.149130,-86.775380,I 40,,,,0.00,,,,,,,210.10,N,Not at Intersection,Y,Entrance/Exit Ramp Related,None,,,         ,Catherine,Poole,Cloudy,"Sideswipe, Same Direction",no,no,no,no,yes,False
100949343,VANDERBILT UNIVERSITY POLICE,15-852804,Davidson,Nashville,9/11/2015 12:00:00 PM,2,0,0,36.140470,-86.813840,31ST AVS,,,,2.00,Feet,South,DUDLEY AV,,,,0.00,N,Not at Intersection,N,Non-Junction,None,,,         ,Allan,Sullivan,Cloudy,Front to Rear,no,no,no,no,no,Campus
100949349,METROPOLITAN NASHVILLE POLICE DEPT,2015-0855623,Davidson,Nashville,9/12/2015 10:37:00 AM,2,1,0,36.140400,-86.817940,WEST END AV,,,,226.00,Feet,South,PARK DR,,,,0.00,N,Not at Intersection,N,Non-Junction,None,,,         ,David,Anderson,Cloudy,Front to Rear,no,no,no,no,no,False
100949350,METROPOLITAN NASHVILLE POLICE DEPT,20150855709,Davidson,Not in City Limit,9/12/2015 11:50:00 AM,2,0,0,36.267930,-86.710770,GALLATIN PKEN,,,,0.00,,,CUMBERLAND AV,,,,0.00,Y,T-Intersection, ,Non-Junction,None,,,         ,John,Tyree,Clear,"Sideswipe, Same Direction",no,no,no,no,no,False
100949353,METROPOLITAN NASHVILLE POLICE DEPT,20150855377,Davidson,Nashville,9/12/2015 8:14:00 AM,2,1,0,36.027920,-86.635820,I 24,,,,0.00,,,,,,,61.20,N,Not at Intersection,N,Non-Junction,None,,,         ,Christopher,Hanor,Clear,Front to Rear,no,no,no,no,yes,False
100949354,METROPOLITAN NASHVILLE POLICE DEPT,20150855619,Davidson,Nashville,9/12/2015 10:55:00 AM,2,0,0,36.118820,-86.700980,MURFREESBORO PKE,,,,250.00,Feet,West,BRILEY PKWY S EXT RAMP,,,,0.00,N,Not at Intersection, ,,None,,,         ,Christopher,Hanor,,,no,no,no,no,no,False
100949355,METROPOLITAN NASHVILLE POLICE DEPT,20150855631,Davidson,Nashville,9/12/2015 10:59:00 AM,1,1,0,36.086790,-86.775400,BATTERY LN,,,,732.00,Feet,East,CHURCHWOOD DR,,,,0.00,N,Not at Intersection,N,Non-Junction,None,,,         ,James,Smith,Clear,Not Collision with Motor Vehicle in Transport,no,no,no,no,no,False
100949356,METROPOLITAN NASHVILLE POLICE DEPT,20150855740,Davidson,Nashville,9/12/2015 12:04:00 PM,2,0,0,36.178560,-86.644690,LEBANON PKE,,,,552.00,Feet,South,DANYACREST DR,,,,0.00,N,Not at Intersection, ,Non-Junction,None,,,         ,Larry,Benz,Clear,Front to Rear,no,no,no,no,no,False
100949363,VANDERBILT UNIVERSITY POLICE,15-0832440,Davidson,Nashville,9/4/2015 5:25:00 PM,2,0,0,36.146680,-86.808660,WEST END AV,,,,137.00,Feet,South,25TH AVS,,,,0.00,N,Not at Intersection, ,OtherLocation,None,,,         ,William,Amburn,Clear,Rear to Side,no,no,no,yes,no,Campus
100949367,METROPOLITAN NASHVILLE POLICE DEPT,20150832146,Davidson,Madison,9/4/2015 4:27:00 PM,2,0,0,36.263230,-86.675240,STATE RT 45,,,,0.00,,,OLD HICKORY BLVD,,,,0.00,Y,OTHER, ,Non-Junction,Construction Zone,,,         ,Carlos,Urrutia,Clear,Front to Rear,no,no,no,no,no,False
100949370,METROPOLITAN NASHVILLE POLICE DEPT,20150852295,Davidson,Nashville,9/12/2015 8:54:00 AM,1,3,0,36.248930,-86.744970,OLD DUE WEST AV,,,,539.00,Feet,West,CHANNING DR,,,,0.00,N,Not at Intersection,N,Non-Junction,None,,,         ,Andrew,Ivey,Clear,Not Collision with Motor Vehicle in Transport,no,no,no,no,no,False
100949383,METROPOLITAN NASHVILLE POLICE DEPT,20150855472,Davidson,Nashville,9/12/2015 9:05:00 AM,2,0,0,36.098570,-86.924800,OLD HICKORY BLVD,,,,417.00,Feet,North,RIDGELAKE PKWY,,,,0.00,N,Not at Intersection, ,"Driveway, Alley Access, etc",None,,,         ,Jack,Crouch,Cloudy,"Sideswipe, Same Direction",no,no,no,no,no,False
100949384,METROPOLITAN NASHVILLE POLICE DEPT,20150855789,Davidson,Nashville,9/12/2015 12:42:00 PM,2,1,0,36.114260,-86.922980,OLD HICKORY BLVD,,,,47.00,Feet,South,TIDWELL RD,,,,0.00,N,Not at Intersection,N,Non-Junction,None,,,         ,Benjamin,Spees,Clear,Front to Rear,no,no,no,no,no,False
100949386,METROPOLITAN NASHVILLE POLICE DEPT,20150855783,Davidson,Madison,9/12/2015 12:28:00 PM,2,0,0,36.254750,-86.707360,MADISON BLVD,,,,300.00,Feet,South,IDLEWILD AV,,,,0.00,N,Not at Intersection,N,Non-Junction,None,,,         ,William,Coy,Clear,Angle,no,no,no,no,no,False
100949389,METROPOLITAN NASHVILLE POLICE DEPT,20150855713,Davidson,Nashville,9/12/2015 11:35:00 AM,2,0,0,36.149620,-86.798020,BROADWAY,,,,0.00,,,20TH AVS,,,,0.00,Y,OTHER, ,,None,,,         ,Randal,Owsley,,,no,no,no,no,no,Campus
100949390,METROPOLITAN NASHVILLE POLICE DEPT,20150855834,Davidson,Not in City Limit,9/12/2015 1:00:00 PM,2,0,0,36.322440,-86.867900,WHITES CREEK PKE,,,,0.00,Feet,,I24 E EXT RAMP,,,,0.00,Y,T-Intersection, ,Intersection,None,,,         ,Clint,Gilleland,Clear,Angle,no,no,no,no,no,False
100949411,BERRY HILL POLICE DEPT,15-3616,Davidson,Berry Hill,9/11/2015 12:00:00 PM,2,0,0,36.120730,-86.775240,FRANKLIN PKE,,,,0.00,Feet,East,KIRKWOOD AV,,,,0.00,N,Not at Intersection, ,Non-Junction,None,,,         ,Timothy,Coleman,Rain,Angle,no,no,no,no,no,False
100949414,METROPOLITAN NASHVILLE POLICE DEPT,20150855894,Davidson,Nashville,9/12/2015 1:44:00 PM,2,0,0,36.081110,-86.698310,LINBAR DR,,,,1094.00,Feet,East,WALLACE RD,,,,0.00,N,Not at Intersection,N,Non-Junction,None,,,         ,Brian,Penny,Clear,"Sideswipe, Same Direction",no,no,no,no,no,False
100949418,GOODLETTSVILLE POLICE DEPT,15-34460,Davidson,Goodlettsville,9/12/2015 2:40:00 PM,1,1,0,36.309750,-86.688490,STATE HWY 386,,,,138.00,Feet,West,EXIT 1,,,,0.00,N,Not at Intersection,Y,Non-Junction,None,,,         ,Benny,Alexander,Cloudy,Not Collision with Motor Vehicle in Transport,no,no,no,no,no,False
100949429,METROPOLITAN NASHVILLE POLICE DEPT,20150855893,Davidson,Nashville,9/12/2015 1:45:00 PM,3,5,0,36.143520,-86.778850,OLYMPIC ST,,,,0.00,,,8TH AVS,,,,0.00,Y,OTHER,N,Non-Junction,None,,,         ,Gregory,Lindstrom,Clear,Front to Rear,no,no,no,no,no,False
100949430,METROPOLITAN NASHVILLE POLICE DEPT,20150855970,Davidson,Nashville,9/12/2015 3:05:00 PM,2,0,0,36.154480,-86.779490,8TH AVS,,,,0.00,,,PALMER PL,,,,0.00,Y,Roundabout, ,Intersection,None,,,         ,MIchael,Mihajlov,Clear,Angle,no,no,no,no,no,False
100949433,METROPOLITAN NASHVILLE POLICE DEPT,20150855921,Davidson,Not in City Limit,9/12/2015 2:31:00 PM,2,0,0,36.266370,-86.710980,GALLATIN PKEN,,,,189.00,Feet,North,DULING AV,,,,0.00,N,Not at Intersection,N,Non-Junction,None,,,         ,Ryan,Allen,Clear,Angle,no,no,no,no,no,False
100949449,METROPOLITAN NASHVILLE POLICE DEPT,20150855983,Davidson,Nashville,9/12/2015 3:14:00 PM,2,1,0,36.155390,-86.779840,US HWY 31,,,,145.00,Feet,North,SHIRLEY ST,,,,0.00,N,Not at Intersection,N,Non-Junction,None,,,         ,Derek,Betty,Clear,"Sideswipe, Same Direction",no,no,no,no,no,False
100949452,METROPOLITAN NASHVILLE POLICE DEPT,20150856035,Davidson,Nashville,9/12/2015 3:35:00 PM,1,1,0,36.141150,-86.665300,I 40,,,,0.00,,,,,,,218.00,N,Not at Intersection,N,Non-Junction,None,,,         ,Colby,Mathis,Cloudy,Not Collision with Motor Vehicle in Transport,no,no,no,no,no,False
100949454,METROPOLITAN NASHVILLE POLICE DEPT,20150856014,Davidson,Nashville,9/12/2015 2:30:00 PM,2,1,0,36.215020,-86.603440,LEBANON PKE,,,,389.00,Feet,East,SHUTE LN,,,,0.00,N,Not at Intersection,N,Non-Junction,None,,,         ,Austin,Childress,Cloudy,Angle,no,no,no,no,no,False
100949455,METROPOLITAN NASHVILLE POLICE DEPT,20150855950,Davidson,Nashville,9/12/2015 2:10:00 PM,2,0,0,36.162020,-86.781030,6TH AVN,,,,255.00,Feet,South,CHURCH ST,,,,0.00,N,Not at Intersection, ,Non-Junction,None,,,         ,Mikala,Moore,Clear,Front to Rear,no,no,no,no,yes,False
100949467,METROPOLITAN NASHVILLE POLICE DEPT,20150855990,Davidson,Nashville,9/12/2015 3:17:00 PM,2,0,0,36.150630,-86.690660,BRILEY PKWYN,,,,369.00,Feet,East,ELM HILL PKE EB EXT RAMP,,,,0.00,N,Not at Intersection, ,,None,,,         ,Bryan,Byrnes,,,no,no,no,no,no,False
100949469,GOODLETTSVILLE POLICE DEPT,15-34468,Davidson,Goodlettsville,9/12/2015 3:50:00 PM,2,0,0,36.309650,-86.688730,STATE HWY 386,,,,212.00,Feet,West,EXIT 1,,,,0.00,N,Not at Intersection, ,Non-Junction,None,,,         ,Benny,Alexander,Cloudy,Front to Rear,no,no,no,no,no,False
100949471,METROPOLITAN NASHVILLE POLICE DEPT,20150853531,Davidson,Nashville,9/11/2015 5:04:00 PM,3,1,0,36.242790,-86.780460,MASONWOOD DR,,,,0.00,,,BRICK CHURCH PKE,,,,0.00,Y,T-Intersection,Y,Intersection,None,,,         ,Samuel,Miller,Cloudy,Front to Rear,no,no,no,no,no,False
100949472,METROPOLITAN NASHVILLE POLICE DEPT,20150854047,Davidson,Nashville,9/11/2015 7:59:00 PM,2,0,0,36.249560,-86.738110,DUE WEST AVW,,,,100.00,Feet,West,LENTZ DR,,,,0.00,N,Not at Intersection, ,Non-Junction,None,,,         ,Samuel,Miller,Cloudy,"Sideswipe, Same Direction",no,no,no,no,yes,False
100949474,METROPOLITAN NASHVILLE POLICE DEPT,20150856087,Davidson,Nashville,9/12/2015 4:10:00 PM,1,1,0,36.104060,-86.815350,HILLSBORO PKE,,,,339.00,Feet,North,WARFIELD DR,,,,0.00,N,Not at Intersection,N,Non-Junction,None,,,         ,Brandon,Rardin,Clear,Not Collision with Motor Vehicle in Transport,no,yes,no,no,no,False
100949479,METROPOLITAN NASHVILLE POLICE DEPT,20150856065,Davidson,Nashville,9/12/2015 4:25:00 PM,2,0,0,36.107380,-86.812930,HILLSBORO PKE,,,,170.00,Feet,South,GREEN HILLS VILLAGE DR,,,,0.00,N,Not at Intersection, ,Non-Junction,None,,,         ,Mekisha,Page,Clear,Angle,no,no,no,no,no,False
100949486,METROPOLITAN NASHVILLE POLICE DEPT,20150853968,Davidson,Nashville,9/11/2015 5:30:00 PM,1,0,0,36.143730,-86.824790,ACKLEN PARK DR,,,,0.00,,,,,,,0.00,,,N,Non-Junction,None,,,         ,Brandon,Rardin,Cloudy,Not Collision with Motor Vehicle in Transport,no,no,no,no,yes,False
100949488,GOODLETTSVILLE POLICE DEPT,15-34466,Davidson,Goodlettsville,9/12/2015 3:25:00 PM,2,0,0,36.304226,-86.702340,RIVERGATE,PKWY,,,0.00,,,MALL ACCESS,RD,,RIVERGATE PKWY @ MALL ACCESS RD,0.00,Y,Y-Intersection, ,Intersection-Related,None,,,         ,Charles,Hauskin,Clear,Angle,no,no,no,no,no,False
100949496,METROPOLITAN NASHVILLE POLICE DEPT,20150856199,Davidson,Nashville,9/12/2015 5:02:00 PM,2,0,0,36.207000,-86.777860,BRICK CHURCH PKE,,,,202.00,Feet,South,I65 S EXT RAMP,,,,0.00,N,Not at Intersection, ,,None,,,         ,Victor,Alexander,,,no,no,no,no,no,False
100949507,METROPOLITAN NASHVILLE POLICE DEPT,20150856257,Davidson,Not in City Limit,9/12/2015 12:00:00 AM,2,0,0,36.020370,-86.677500,HIDDEN CREEK DR,,,,351.00,Feet,West,STEPHENS HILL LN,,,,0.00,N,Not at Intersection, ,Non-Junction,None,,,         ,Larry,Preuett,Clear,Angle,no,no,no,no,no,False
100949510,METROPOLITAN NASHVILLE POLICE DEPT,20150837388,Davidson,Nashville,9/6/2015 3:40:00 PM,2,0,0,36.125200,-86.847340,HARDING PKE,,,,118.00,Feet,East,WOODMONT BLVD,,,,0.00,N,Not at Intersection, ,Non-Junction,None,,,         ,Torian,Cox,Clear,"Sideswipe, Same Direction",no,no,no,no,no,False
100949514,METROPOLITAN NASHVILLE POLICE DEPT,20150856254,Davidson,Nashville,9/12/2015 5:32:00 PM,1,0,0,36.168730,-86.606750,I40 E EXT RAMP,,,,0.00,,,I 40,,,,0.00,Y,OTHER, ,Non-Junction,None,,,         ,Codey,Mullins,Cloudy,Unknown,no,no,no,no,no,False
100949524,METROPOLITAN NASHVILLE POLICE DEPT,20150837412,Davidson,Nashville,9/6/2015 4:35:00 PM,2,0,0,36.069980,-86.698800,EAST RIDGE DR,,,,18.00,Feet,South,HAYWOOD LN,,,,0.00,N,Not at Intersection,N,Non-Junction,None,,,         ,Jared,Jenkins,Clear,Front to Rear,no,no,no,no,yes,False
100949534,METROPOLITAN NASHVILLE POLICE DEPT,20150855971,Davidson,Nashville,9/12/2015 3:10:00 PM,2,0,0,36.073420,-86.724450,NOLENSVILLE PKE,,,,0.00,,,PROVIDENCE HTS,,,,0.00,Y,T-Intersection,N,Intersection,None,,,         ,Clyde,Stambaugh,Clear,Front to Rear,no,no,no,no,no,False
100949536,METROPOLITAN NASHVILLE POLICE DEPT,20150856407,Davidson,Nashville,9/12/2015 5:20:00 PM,2,1,0,36.198440,-86.620270,LEBANON PKE,,,,0.00,,,OLD HICKORY BLVD,,,,0.00,Y,Four-Way,N,Intersection-Related,None,,,         ,Codey,Mullins,Cloudy,Front to Rear,no,no,no,no,yes,False
100949537,METROPOLITAN NASHVILLE POLICE DEPT,2015-0856285,Davidson,Nashville,9/12/2015 5:12:00 PM,2,0,0,36.079530,-86.727050,HARDING PL,,,,0.00,,,,,,,0.00,,,N,Non-Junction,None,,,         ,William,King,Clear,Front to Rear,no,no,no,yes,yes,False
100949544,METROPOLITAN NASHVILLE POLICE DEPT,20150856259,Davidson,Nashville,9/12/2015 5:47:00 PM,2,0,0,36.111210,-86.811310,GRAYBAR LN,,,,0.00,,,HILLSBORO PKE,,,,0.00,Y,T-Intersection, ,Non-Junction,None,,,         ,Mekisha,Page,Clear,Angle,no,no,no,no,no,False
100949547,METROPOLITAN NASHVILLE POLICE DEPT,20150856336,Davidson,Nashville,9/12/2015 5:30:00 PM,2,0,0,36.152350,-86.802870,ELLISTON PL,,,,75.00,Feet,West,CHURCH ST,,,,0.00,N,Not at Intersection,N,Non-Junction,None,,,         ,Clyde,Stambaugh,Clear,Unknown,no,no,no,no,yes,Campus
100949548,METROPOLITAN NASHVILLE POLICE DEPT,2015-0848287,Davidson,Nashville,9/10/2015 5:26:00 AM,1,0,0,36.045440,-86.662040,CANE RIDGE RD,,,,286.00,Feet,North,BELL RD,,,,0.00,N,Not at Intersection,N,OtherLocation,None,,,         ,William,Whitworth,Cloudy,Not Collision with Motor Vehicle in Transport,no,no,no,no,yes,False
100949552,METROPOLITAN NASHVILLE POLICE DEPT,20150856109,Davidson,Nashville,9/12/2015 4:23:00 PM,2,0,0,36.086630,-86.730680,ELYSIAN FIELDS RD,,,,150.00,Feet,West,NOLENSVILLE PKE,,,,0.00,N,Not at Intersection, ,Non-Junction,None,,,         ,Eric,Burford,Clear,Angle,no,no,no,no,no,False
100949553,METROPOLITAN NASHVILLE POLICE DEPT,20150856225,Davidson,Nashville,9/12/2015 5:13:00 PM,4,5,0,36.104750,-86.742060,NOLENSVILLE PKE,,,,189.00,Feet,South,RADNOR ST,,,,0.00,N,Not at Intersection,N,Non-Junction,None,,,         ,Eric,Burford,Clear,Angle,no,no,no,no,no,False
100949556,Nashville Airport Police,2015-01999,Davidson,Nashville,9/8/2015 4:45:00 PM,2,0,0,0.000000,0.000000,DONELSON PIKE,PIKE,SR255,,50.00,Feet,West,I-40,,,,0.00,N,Not at Intersection, ,Entrance/Exit Ramp Related,None,,,         ,Delphia,Murphy,Clear,"Sideswipe, Same Direction",no,no,no,no,no,False
100949579,METROPOLITAN NASHVILLE POLICE DEPT,20150856511,Davidson,Nashville,9/12/2015 8:35:00 PM,3,0,0,36.113950,-86.810880,WOODMONT BLVD,,,,0.00,,,HILLSBORO PKE,,,,0.00,Y,T-Intersection, ,Non-Junction,None,,,         ,Mekisha,Page,Clear,Front to Rear,no,no,no,no,no,False
100949581,METROPOLITAN NASHVILLE POLICE DEPT,20150856120,Davidson,Nashville,9/12/2015 3:23:00 PM,2,0,0,36.139510,-86.700310,BRILEY PKWY,,,,0.00,,,KAREN DR,,,,0.00,Y,Four-Way, ,Intersection,None,,,         ,Michael,Apsey,Clear,"Sideswipe, Same Direction",no,no,no,no,no,False
100949593,METROPOLITAN NASHVILLE POLICE DEPT,20150856637,Davidson,Nashville,9/12/2015 8:20:00 PM,2,0,0,36.188520,-86.798520,ROSA L PARKS BLVD,,,,220.00,Feet,North,DOMINICAN DR,,,,0.00,N,Not at Intersection,N,Non-Junction,None,,,         ,Joshua,Hausman,Clear,Angle,no,no,no,no,no,False
100949595,METROPOLITAN NASHVILLE POLICE DEPT,2015086634,Davidson,Nashville,9/9/2015 6:49:00 PM,3,2,0,36.167130,-86.826950,33RD AVN,,,,0.00,,,JOHN A MERRITT BLVD,,,,0.00,Y,T-Intersection,Y,Intersection,None,,,         ,James,Wray,Rain,Front to Rear,no,no,no,no,no,False
100949596,METROPOLITAN NASHVILLE POLICE DEPT,20150856209,Davidson,Nashville,9/12/2015 5:07:00 PM,1,2,0,36.204650,-86.804460,YOUNG LN PVTDR,,,,0.00,,,YOUNGS LN,,,,0.00,Y,T-Intersection,N,Non-Junction,None,,,         ,James,Wray,Clear,Not Collision with Motor Vehicle in Transport,no,no,no,no,no,False
100949597,METROPOLITAN NASHVILLE POLICE DEPT,20150855943,Davidson,Nashville,9/12/2015 2:48:00 PM,2,2,0,36.080400,-86.717930,RECOVERY RD,,,,0.00,,,HARDING PL,,,,0.00,Y,Four-Way,Y,Intersection,None,,,         ,Jarret,Sonnenberg,Clear,Angle,no,no,no,no,no,False
100949598,METROPOLITAN NASHVILLE POLICE DEPT,20150856589,Davidson,Not in City Limit,9/12/2015 8:27:00 PM,2,2,0,36.268560,-86.710700,GALLATIN PKEN,,,,24.00,Feet,North,LOVELL ST,,,,0.00,N,Not at Intersection,N,Non-Junction,None,,,         ,Samuel,Miller,Cloudy,HeadOn,no,no,no,no,no,False