master_record_number,agency,agency_tracking_number,county,city,collision_date,vehicles_involved,number_injured,number_dead,latitude,longitude,roadway_name,roadway_suffix,roadway_number,roadway_local_id,distance_from_reference,miles-feet_indicator,direction_from_reference,intersection_road_name,intersection_road_name_suffix,intersection_road_number,intersection_local_id,mile_marker,intersection_indicator,intersect_type,interchange_related_indicator,relation_to_junction,work_zone_type,construction_maintenance_zone,construction_maintenance_zone_location,fatal_case_number,officer_first_name,officer_last_name,weather_condition(s),manner_of_crash,pedestrian,bicycle,scooter,parking,hitrun,mou
100951006,METROPOLITAN NASHVILLE POLICE DEPT,20150864215,Davidson,Nashville,9/15/2015 12:53:00 PM,2,0,0,36.044860,-86.670430,BELL RD,,,,0.00,,,HICKORY PARK DR,,,,0.00,Y,T-Intersection, ,Intersection,None,,,         ,Kenneth,Alexandrow,Clear,Angle,no,no,no,no,no,False
100951016,METROPOLITAN NASHVILLE POLICE DEPT,20150860588,Davidson,Nashville,9/14/2015 11:13:00 AM,2,0,0,36.152290,-86.690470,BRILEY PKWY N EXT RAMP,,,,0.00,,,ELM HILL PKE,,,,0.00,Y,Four-Way, ,,None,,,         ,James,Curtis,,,no,no,no,no,no,False
100951017,METROPOLITAN NASHVILLE POLICE DEPT,20150863305,Davidson,Nashville,9/15/2015 6:43:00 AM,2,1,0,36.165070,-86.597950,OLD HICKORY BLVD,,,,0.00,,,LAKE PKWY,,,,0.00,Y,T-Intersection,N,Intersection,None,,,         ,James,Curtis,Clear,Angle,no,no,no,no,no,False
100951018,METROPOLITAN NASHVILLE POLICE DEPT,20150863372,Davidson,Nashville,9/15/2015 7:15:00 AM,2,1,0,36.142270,-86.678820,I 40,,,,0.00,,,,,,,215.90,N,Not at Intersection,N,Non-Junction,None,,,         ,James,Curtis,Clear,Front to Rear,no,no,no,no,no,False
100951019,METROPOLITAN NASHVILLE POLICE DEPT,20150863452,Davidson,Nashville,9/15/2015 8:01:00 AM,1,1,0,36.187820,-86.593420,TULIP GROVE RD,,,,92.00,Feet,North,STROMBURY DR,,,,0.00,N,Not at Intersection,N,Non-Junction,None,,,         ,James,Curtis,Clear,Not Collision with Motor Vehicle in Transport,no,no,no,no,no,False
100951020,VANDERBILT UNIVERSITY POLICE,15- 0864200,Davidson,Nashville,9/14/2015 6:15:00 AM,2,0,0,36.145800,-86.804920,24TH AVS,,,,0.00,,,VANDERBILT PL,,,,0.00,Y,OTHER, ,Entrance/Exit Ramp Related,None,,,         ,Charles,Payton,Clear,Front to Rear,no,no,no,yes,yes,Campus
100951022,METROPOLITAN NASHVILLE POLICE DEPT,20150864490,Davidson,Nashville,9/15/2015 3:00:00 PM,2,0,0,36.179920,-86.643880,LEBANON PKE,,,,0.00,,,DANYACREST DR,,,,0.00,Y,T-Intersection, ,,None,,,         ,Tyler,Conrads,,,no,no,no,no,no,False
100951023,METROPOLITAN NASHVILLE POLICE DEPT,20150864373,Davidson,Not in City Limit,9/15/2015 2:15:00 PM,2,0,0,36.048050,-86.940930,HIGHWAY 100,,,,286.00,Feet,West,TRACE CREEK DR,,,,0.00,N,Not at Intersection,N,Non-Junction,None,,,         ,Wesley,Tilley,Clear,Front to Rear,no,no,no,no,no,False
100951024,METROPOLITAN NASHVILLE POLICE DEPT,20150864406,Davidson,Nashville,9/15/2015 2:34:00 PM,2,2,0,36.127700,-86.851470,WHITE BRIDGE PKE,,,,143.00,Feet,West,SAINT MARYS CAMPUS PVTDR,,,,0.00,N,Not at Intersection,N,Non-Junction,None,,,         ,Tyler,Reese,Clear,Front to Rear,no,no,no,no,no,False
100951051,METROPOLITAN NASHVILLE POLICE DEPT,20150864609,Davidson,Nashville,9/15/2015 3:00:00 PM,2,0,0,36.130740,-86.740560,TPS COMPLEX PVTDR,,,,0.00,Feet,East,FOSTER AV,,,,0.00,N,Not at Intersection,N,Non-Junction,None,,,         ,Jessie,Meadows,Clear,Angle,no,no,no,yes,yes,False
100951061,METROPOLITAN NASHVILLE POLICE DEPT,20150864635,Davidson,Nashville,9/15/2015 3:41:00 PM,2,0,0,36.030260,-86.638060,I 24,,,,0.00,,,,,,,61.00,N,Not at Intersection, ,Non-Junction,None,,,         ,Christopher,Augustin,Clear,"Sideswipe, Same Direction",no,no,no,no,no,False
100951062,VANDERBILT UNIVERSITY POLICE,15-0864457,Davidson,Nashville,9/15/2015 12:00:00 AM,2,0,0,36.139040,-86.805660,CHILDRENS WAY,,,,259.00,Feet,West,24TH AVS,,,,0.00,N,Not at Intersection, ,Non-Junction,None,,,         ,Cedric,Edwards,Clear,Angle,no,no,no,yes,no,Campus
100951067,METROPOLITAN NASHVILLE POLICE DEPT,20150864455,Davidson,Nashville,9/15/2015 2:48:00 PM,2,0,0,36.160470,-86.778440,BROADWAY,,,,0.00,,,5TH AVS,,,,0.00,Y,Four-Way, ,,None,,,         ,Tyler,Hutton,,,no,no,no,no,no,False
100951071,METROPOLITAN NASHVILLE POLICE DEPT,2015-0864375,Davidson,Nashville,9/15/2015 3:35:00 PM,2,1,0,36.141700,-86.713470,I 40,,,,0.00,,,,,,,214.00,N,Not at Intersection,N,Non-Junction,None,,,         ,Brandon,O'Guin,Clear,Front to Rear,no,no,no,no,no,False
100951072,METROPOLITAN NASHVILLE POLICE DEPT,20150864771,Davidson,Nashville,9/15/2015 4:20:00 PM,2,1,0,36.168760,-86.685370,THE CROSSINGS PVTDR,,,,0.00,,,LEBANON PKE,,,,0.00,Y,T-Intersection,N,Non-Junction,None,,,         ,Leslie,Hale,Clear,Front to Rear,no,no,no,no,no,False
100951075,METROPOLITAN NASHVILLE POLICE DEPT,20150864235,Davidson,Nashville,9/15/2015 12:52:00 PM,2,0,0,36.145910,-86.795270,18TH AVS,,,,400.00,Feet,South,GRAND AV,,,,0.00,N,Not at Intersection,N,Non-Junction,None,,,         ,Reuben,Hewit,Clear,"Sideswipe, Opposite Direction",no,no,no,no,yes,Campus
100951083,METROPOLITAN NASHVILLE POLICE DEPT,20150864573,Davidson,Nashville,9/15/2015 3:20:00 PM,2,0,0,36.227310,-86.773520,I 65,,,,0.00,,,,,,,88.75,N,Not at Intersection, ,Non-Junction,Construction Zone,,,         ,Nathan,Dungan,Clear,"Sideswipe, Same Direction",no,no,no,no,no,False
100951093,METROPOLITAN NASHVILLE POLICE DEPT,2015-0864350,Davidson,Nashville,9/15/2015 2:14:00 PM,3,2,0,36.085020,-86.703150,HARDING PL,,,,90.00,Feet,East,TRAVELERS INN DR,,,,0.00,N,Not at Intersection,N,Non-Junction,None,,,         ,William,Whitworth,Clear,Front to Rear,no,no,no,no,yes,False
100951100,METROPOLITAN NASHVILLE POLICE DEPT,20150864698,Davidson,Nashville,9/15/2015 3:50:00 PM,1,0,0,36.135850,-86.698860,ARBOR CREEK BLVD,,,,0.00,,,,,,,0.00,,,N,Non-Junction,None,,,         ,Thomas,Barnes,Clear,Not Collision with Motor Vehicle in Transport,no,no,no,no,no,False
100951130,METROPOLITAN NASHVILLE POLICE DEPT,20150861264,Davidson,Nashville,9/15/2015 2:58:00 PM,4,1,0,36.089540,-86.704980,REISCHA DR,,,,234.00,Feet,South,HOPE HILL CT,,,,0.00,N,Not at Intersection,N,Non-Junction,None,,,         ,Matthew,Johnson,Clear,"Sideswipe, Same Direction",no,no,no,no,yes,False
100951132,METROPOLITAN NASHVILLE POLICE DEPT,20150864959,Davidson,Nashville,9/15/2015 5:00:00 PM,2,0,0,36.206620,-86.777900,W TRINITY LN,,,,0.00,,,BRICK CHURCH PKE,,,,0.00,Y,Four-Way,Y,Intersection,None,,,         ,Joshua,Carter,Clear,Angle,no,no,no,no,no,False
100951134,METROPOLITAN NASHVILLE POLICE DEPT,20150865012,Davidson,Nashville,9/15/2015 5:10:00 PM,2,1,0,36.181220,-86.799940,I 65,,,,0.00,,,,,,,85.10,N,Not at Intersection,N,Non-Junction,None,,,         ,Christopher,Mackey,Clear,Front to Rear,no,no,no,no,no,False
100951136,METROPOLITAN NASHVILLE POLICE DEPT,2015-0864129,Davidson,Nashville,9/15/2015 12:20:00 PM,2,1,0,36.109450,-86.728050,BRILEY PKWYN,,,,0.00,,,SOUTHLAKE DR,,,,0.00,Y,Four-Way,N,Intersection,None,,,         ,William,Whitworth,Clear,Front to Rear,no,no,no,no,yes,False
100951139,METROPOLITAN NASHVILLE POLICE DEPT,20150864989,Davidson,Nashville,9/15/2015 5:05:00 PM,2,0,0,36.151120,-86.769330,I 40,,,,0.00,,,,,,,210.45,N,Not at Intersection, ,Non-Junction,None,,,         ,John,Kelley,Clear,Front to Rear,no,no,no,no,no,False
100951155,METROPOLITAN NASHVILLE POLICE DEPT,20150864889,Davidson,Nashville,9/15/2015 4:50:00 PM,2,0,0,36.156450,-86.631310,STEWARTS FERRY PKE,,,,0.00,,,I40 W EXT RAMP,,,,0.00,Y,Four-Way, ,,None,,,         ,Austin,Childress,,,no,no,no,no,no,False
100951161,METROPOLITAN NASHVILLE POLICE DEPT,20150865199,Davidson,Nashville,9/15/2015 6:15:00 PM,2,1,0,36.152830,-86.765360,I 40,,,,0.00,,,,,,,210.65,N,Not at Intersection,N,Non-Junction,None,,,         ,Blaze,Williams,Clear,"Sideswipe, Same Direction",no,no,no,no,no,False
100951164,METROPOLITAN NASHVILLE POLICE DEPT,20150864820,Davidson,Nashville,9/15/2015 4:30:00 PM,2,0,0,36.045220,-86.714790,BRENTWOOD EAST DR,,,,0.00,,,OLD HICKORY BLVD,,,,0.00,Y,Four-Way,N,Intersection-Related,None,,,         ,Tien,Nguyen,Clear,Angle,no,no,no,no,yes,False
100951168,METROPOLITAN NASHVILLE POLICE DEPT,20150864583,Davidson,Nashville,9/15/2015 3:25:00 PM,3,1,0,36.152310,-86.838880,CHARLOTTE AV,,,,154.00,Feet,West,43RD AVN,,,,0.00,N,Not at Intersection,N,Non-Junction,None,,,         ,Marcus,Mitchell,Clear,Front to Rear,no,no,no,no,no,False
100951170,METROPOLITAN NASHVILLE POLICE DEPT,20150865252,Davidson,Nashville,9/15/2015 6:36:00 PM,1,2,0,36.081490,-86.763520,I65 N ENT RAMP,,,,0.00,,,I 65,,,,0.00,Y,OTHER,N,Entrance/Exit Ramp Related,None,,,         ,Tien,Nguyen,Clear,Not Collision with Motor Vehicle in Transport,no,no,no,no,no,False
100951175,METROPOLITAN NASHVILLE POLICE DEPT,20150865099,Davidson,Nashville,9/15/2015 5:00:00 PM,1,0,0,36.077060,-87.012110,I 40,,,,0.00,,,,,,,193.00,N,Not at Intersection, ,Non-Junction,None,,,         ,Joshua,Billotte,Clear,Not Collision with Motor Vehicle in Transport,no,no,no,no,no,False
100951176,METROPOLITAN NASHVILLE POLICE DEPT,20150865215,Davidson,Not in City Limit,9/15/2015 6:20:00 PM,2,1,0,36.073910,-86.926270,HIGHWAY 70S,,,,0.00,,,HICKS RD,,,,0.00,Y,Four-Way,N,Intersection,None,,,         ,Joshua,Billotte,Clear,Angle,no,no,no,no,no,False
100951177,METROPOLITAN NASHVILLE POLICE DEPT,20150864723,Davidson,Nashville,9/15/2015 4:00:00 PM,3,1,0,36.106140,-86.816000,ABBOTT MARTIN RD,,,,0.00,,,BANDYWOOD DR,,,,0.00,Y,Four-Way,N,Intersection,None,,,         ,Mark,Hatt,Clear,Front to Rear,no,no,no,no,no,False
100951182,METROPOLITAN NASHVILLE POLICE DEPT,20150865187,Davidson,Nashville,9/15/2015 6:09:00 PM,2,0,0,36.146250,-86.668920,ROYAL PKWY,,,,500.00,Feet,West,DONELSON PKE,,,,0.00,N,Not at Intersection,N,Non-Junction,None,,,         ,Tyler,Conrads,Clear,Angle,no,no,no,no,no,False
100951184,METROPOLITAN NASHVILLE POLICE DEPT,20150865136,Davidson,Nashville,9/15/2015 5:55:00 PM,2,3,0,36.090330,-86.626500,BELL RD,,,,0.00,,,SMITH SPRINGS RD,,,,0.00,Y,Four-Way,N,Intersection,None,,,         ,Michael,Apsey,Clear,HeadOn,no,no,no,no,no,False
100951194,METROPOLITAN NASHVILLE POLICE DEPT,20150865391,Davidson,Nashville,9/15/2015 4:30:00 PM,2,1,0,36.192320,-86.829050,CLARKSVILLE PKE,,,,0.00,,,CLIFF DR,,,,0.00,Y,T-Intersection,N,Intersection,None,,,         ,Joshua,Carter,Clear,Angle,no,no,no,no,yes,False
100951204,METROPOLITAN NASHVILLE POLICE DEPT,2015-0852391,Davidson,Nashville,9/10/2015 11:00:00 PM,1,0,0,36.202000,-86.621540,OLD HICKORY BLVD,,,,55.00,Feet,West,WRIGHT AV,,,,0.00,N,Not at Intersection,N,Non-Junction,None,,,         ,Jeb,Johnston,Cloudy,Not Collision with Motor Vehicle in Transport,no,no,no,no,yes,False
100951213,METROPOLITAN NASHVILLE POLICE DEPT,20150864836,Davidson,Nashville,9/15/2015 3:30:00 PM,2,0,0,36.164010,-86.756890,LENORE ST,,,,240.00,Feet,East,S 6TH ST,,,,0.00,N,Not at Intersection, ,Non-Junction,None,,,         ,Robert,Croteau,Clear,"Sideswipe, Opposite Direction",no,no,no,no,yes,False
100951225,METROPOLITAN NASHVILLE POLICE DEPT,20150864792,Davidson,Nashville,9/15/2015 5:10:00 PM,2,0,0,36.070000,-86.685510,HAYWOOD LN,,,,36.00,Feet,East,BAKERTOWN RD,,,,0.00,N,Not at Intersection,N,Non-Junction,None,,,         ,Jessie,Meadows,Clear,Angle,no,no,no,no,no,False
100951226,METROPOLITAN NASHVILLE POLICE DEPT,20150865153,Davidson,Nashville,9/15/2015 6:20:00 PM,3,0,0,36.112390,-86.709090,BRILEY PKWYS,,,,196.00,Feet,East,BRILEY PKWYN,,,,0.00,N,Not at Intersection,N,Non-Junction,None,,,         ,Jessie,Meadows,Clear,Front to Rear,no,no,no,no,no,False
100951227,METROPOLITAN NASHVILLE POLICE DEPT,20150865339,Davidson,Nashville,9/15/2015 8:14:00 PM,2,0,0,36.049620,-86.673170,BLUE HOLE RD,,,,415.00,Feet,South,TIMBERLAKE CIR,,,,0.00,N,Not at Intersection,N,Non-Junction,None,,,         ,Jessie,Meadows,Clear,Angle,no,no,no,no,yes,False
100951237,METROPOLITAN NASHVILLE POLICE DEPT,20150865570,Davidson,Nashville,9/15/2015 8:45:00 PM,2,2,0,36.115810,-86.773410,I 65,,,,0.00,,,,,,,80.20,N,Not at Intersection,N,Non-Junction,None,,,         ,Tien,Nguyen,Clear,"Sideswipe, Same Direction",no,no,no,no,yes,False
100951251,METROPOLITAN NASHVILLE POLICE DEPT,20150864487,Davidson,Antioch,9/15/2015 2:36:00 PM,2,1,0,36.025570,-86.581600,W NIR SHREIBMAN BLVD,,,,0.00,Feet,North,SEVENTY THIRD AVE,,,,0.00,N,Not at Intersection,N,Non-Junction,None,,,         ,William,Durham,Clear,"Sideswipe, Same Direction",no,no,no,no,no,False
100951252,METROPOLITAN NASHVILLE POLICE DEPT,20150864730,Davidson,Nashville,9/15/2015 3:59:00 PM,3,1,0,36.141160,-86.739340,MURFREESBORO PKE,,,,363.00,Feet,West,TRANSIT AV,,,,0.00,N,Not at Intersection,N,Non-Junction,None,,,         ,William,Durham,Clear,Front to Rear,no,no,no,no,yes,False
100951266,METROPOLITAN NASHVILLE POLICE DEPT,20150865602,Davidson,Nashville,9/15/2015 8:57:00 PM,2,0,0,36.040640,-86.751460,OLD HICKORY BLVD,,,,301.00,Feet,East,CHADWICK LN,,,,0.00,N,Not at Intersection, ,Non-Junction,None,,,         ,Ricki,Armstrong,Clear,"Sideswipe, Same Direction",no,no,no,no,no,False
100951270,METROPOLITAN NASHVILLE POLICE DEPT,20150865100,Davidson,Nashville,9/15/2015 5:30:00 PM,2,0,0,36.178600,-86.808350,16TH AVN,,,,0.00,,,CENTURY ST,,,,0.00,Y,T-Intersection,N,Non-Junction,None,,,         ,Freddirico,Pye,Clear,"Sideswipe, Same Direction",no,no,no,no,yes,False
100951271,METROPOLITAN NASHVILLE POLICE DEPT,20150865382,Davidson,Nashville,9/15/2015 7:25:00 PM,2,0,0,36.135860,-86.725140,MURFREESBORO PKE,,,,38.00,Feet,East,SPENCE LN,,,,0.00,N,Not at Intersection, ,,None,,,         ,Leslie,Hale,,,no,no,no,no,no,False
100951274,METROPOLITAN NASHVILLE POLICE DEPT,20150865489,Davidson,Nashville,9/15/2015 8:14:00 PM,3,1,0,36.127970,-86.712830,US HWY 41,,,,106.00,Feet,South,PHILFRE CT,,,,0.00,N,Not at Intersection,N,Non-Junction,None,,,         ,Thomas,Barnes,Clear,"Sideswipe, Opposite Direction",no,no,no,no,yes,False
100951287,METROPOLITAN NASHVILLE POLICE DEPT,20150864395,Davidson,Not in City Limit,9/15/2015 2:26:00 PM,2,0,0,36.262840,-86.790110,I 24,,,,0.00,,,,,,,41.65,N,Not at Intersection,N,Non-Junction,None,,,         ,Michael,Brooks,Clear,Not Collision with Motor Vehicle in Transport,no,no,no,no,no,False
100951288,METROPOLITAN NASHVILLE POLICE DEPT,20150865420,Davidson,Nashville,9/15/2015 7:42:00 PM,2,2,0,36.193660,-86.831220,S HAMILTON RD,,,,0.00,,,BUENA VISTA PKE,,,,0.00,Y,Four-Way,N,Intersection,None,,,         ,Michael,Brooks,Clear,Angle,no,no,no,no,no,False
100951308,METROPOLITAN NASHVILLE POLICE DEPT,2015-0857388,Davidson,Nashville,9/15/2015 6:00:00 AM,2,1,0,36.113260,-86.723680,I 24,,,,0.00,,,,,,,53.40,N,Not at Intersection,N,Non-Junction,None,,,         ,Thomas,Burns,Clear,"Sideswipe, Same Direction",no,no,no,no,yes,False
100951311,METROPOLITAN NASHVILLE POLICE DEPT,20150865205,Davidson,Nashville,9/15/2015 6:21:00 PM,1,1,0,36.152440,-86.848590,51ST AVN,,,,172.00,Feet,North,CHARLOTTE AV,,,,0.00,N,Not at Intersection,N,Non-Junction,None,,,         ,Marcus,Mitchell,Clear,Not Collision with Motor Vehicle in Transport,yes,no,no,no,no,False
100951312,METROPOLITAN NASHVILLE POLICE DEPT,20150865956,Davidson,Nashville,9/15/2015 10:05:00 PM,2,0,0,36.069590,-86.693910,HAYWOOD LN,,,,0.00,,,EZELL RD,,,,0.00,Y,Four-Way, ,Intersection-Related,None,,,         ,Joshua,Vaughn,Clear,"Sideswipe, Opposite Direction",no,no,no,no,no,False
100951315,METROPOLITAN NASHVILLE POLICE DEPT,20150865796,Davidson,Nashville,9/15/2015 10:25:00 PM,1,0,0,36.045770,-86.660450,I24 E EXT RAMP,,,,0.00,Feet,East,I 24,,,,0.00,N,Not at Intersection,N,Entrance/Exit Ramp Related,None,,,         ,Joseph,Jakes,Clear,Not Collision with Motor Vehicle in Transport,no,no,no,no,yes,False
100951316,METROPOLITAN NASHVILLE POLICE DEPT,20150865730,Davidson,Nashville,9/15/2015 9:55:00 PM,3,0,0,36.044280,-86.659720,TARGET DR,,,,243.00,Feet,South,I24 E ENT RAMP,,,,0.00,N,Not at Intersection,N,Non-Junction,None,,,         ,Jessie,Meadows,Clear,Front to Rear,no,no,no,yes,yes,False
100951320,METROPOLITAN NASHVILLE POLICE DEPT,20150864819,Davidson,Nashville,9/15/2015 3:12:00 PM,2,0,0,0.000000,0.000000,I 40 W EXIT RAMP,,,,0.00,,,CHARLOTTE PK,,SR,,0.00,Y,T-Intersection, ,Entrance/Exit Ramp Related,None,,,         ,Jeremy,Huffine,Clear,Front to Rear,no,no,no,no,no,False
100951326,METROPOLITAN NASHVILLE POLICE DEPT,20150866179,Davidson,Nashville,9/16/2015 1:00:00 AM,1,0,0,36.152790,-86.855140,I 40,,,,0.00,,,,,,,204.10,N,Not at Intersection,N,Non-Junction,None,,,         ,Robert,Buckman,Clear,Not Collision with Motor Vehicle in Transport,no,no,no,no,no,False
100951331,METROPOLITAN NASHVILLE POLICE DEPT,20150866177,Davidson,Nashville,9/16/2015 12:50:00 AM,3,0,0,36.242170,-86.785160,I 24,,,,0.00,,,,,,,43.20,N,Not at Intersection, ,Non-Junction,None,,,         ,Peter,Lynch,Clear,Not Collision with Motor Vehicle in Transport,no,no,no,no,yes,False
100951358,METROPOLITAN NASHVILLE POLICE DEPT,2015-0866660,Davidson,Nashville,9/16/2015 12:00:00 AM,2,0,0,36.153050,-86.795920,WEST END AV,,,,30.00,Feet,East,18TH AVS,,,,0.00,N,Not at Intersection,N,Non-Junction,None,,,         ,Matthew,Moses,Clear,Unknown,no,no,no,no,yes,False
100951362,METROPOLITAN NASHVILLE POLICE DEPT,20150865891,Davidson,Nashville,9/16/2015 12:00:00 AM,2,0,0,36.231390,-86.778350,EWING DR,,,,0.00,,,ANNA CT,,,,0.00,Y,T-Intersection, ,"Driveway, Alley Access, etc",None,,,         ,Brian,Mclarty,Clear,HeadOn,no,no,no,yes,yes,False
100951364,METROPOLITAN NASHVILLE POLICE DEPT,20150848232,Davidson,Antioch,9/10/2015 6:10:00 AM,1,1,0,0.000000,0.000000,HOBSON PK,,,,0.00,,,HAMILTON CHURCH,,,,0.00,Y,Four-Way,Y,Intersection,None,,,         ,Dezmond,Hughes,Clear,Not Collision with Motor Vehicle in Transport,no,no,no,no,no,False
100951365,METROPOLITAN NASHVILLE POLICE DEPT,20150855269,Davidson,Nashville,9/12/2015 6:41:00 AM,2,0,0,36.094420,-86.653390,MURFREESBORO PKE,,,,0.00,,,FRANKLIN LIMESTONE RD,,,,0.00,Y,Four-Way, ,Intersection,None,,,         ,Dezmond,Hughes,Clear,Angle,no,no,no,no,no,False
100951368,METROPOLITAN NASHVILLE POLICE DEPT,20150866675,Davidson,Nashville,9/16/2015 5:33:00 AM,2,0,0,36.233800,-86.724810,GALLATIN PKE,,,,0.00,,,BRILEY PKWY E EXT RAMP,,,,0.00,Y,OTHER, ,Intersection,None,,,         ,Richard,Hyatt,Clear,Angle,no,no,no,no,no,False
100951373,METROPOLITAN NASHVILLE POLICE DEPT,20150864279,Davidson,Nashville,9/15/2015 1:35:00 PM,2,0,0,36.135810,-86.885150,BROOK HOLLOW RD,,,,0.00,,,CHARLOTTE PKE,,,,0.00,Y,Four-Way, ,,None,,,         ,Benjamin,Spees,,,no,no,no,no,no,False
100951375,METROPOLITAN NASHVILLE POLICE DEPT,2015856991,Davidson,Nashville,9/12/2015 12:47:00 AM,3,0,0,36.074640,-86.692900,I 24,,,,0.00,,,,,,,56.60,N,Not at Intersection, ,Non-Junction,None,,,         ,Benjamin,Froehlich,Clear,"Sideswipe, Same Direction",no,no,no,no,no,False
100951377,METROPOLITAN NASHVILLE POLICE DEPT,2015-0864327,Davidson,Nashville,9/15/2015 2:00:00 PM,2,0,0,36.144510,-86.839240,UTAH AV,,,,0.00,,,44TH AVN,,,,0.00,Y,Four-Way, ,Intersection,None,,,         ,Curtis,Rich,Clear,Angle,no,no,no,no,no,False
100951380,METROPOLITAN NASHVILLE POLICE DEPT,20150864037,Davidson,Nashville,9/15/2015 11:55:00 AM,1,0,0,36.168170,-86.689670,US HWY 70,,,,143.00,Feet,East,RAMP,,,,0.00,N,Not at Intersection,N,Non-Junction,None,,,         ,William,Walls,Clear,Not Collision with Motor Vehicle in Transport,no,no,no,no,no,False
100951389,METROPOLITAN NASHVILLE POLICE DEPT,2015-0866827,Davidson,Nashville,9/16/2015 7:10:00 AM,2,1,0,36.131570,-86.906070,CHARLOTTE PKE PVTDR,,,,635.00,Feet,West,BROOKMEADE GRNWY,,,,0.00,N,Not at Intersection,N,Non-Junction,None,,,         ,Curtis,Rich,Clear,Angle,no,no,no,yes,no,False
100951393,BERRY HILL POLICE DEPT,15-3669,Davidson,Berry Hill,9/15/2015 1:48:00 PM,2,0,0,36.121370,-86.775450,FRANKLIN PKE,,,,0.00,,,KIRKWOOD AV,,,,0.00,Y,Four-Way, ,Intersection,None,,,         ,Ronnie,Hill,Clear,Front to Rear,no,no,no,no,no,False
100951396,METROPOLITAN NASHVILLE POLICE DEPT,2015-0860224,Davidson,Nashville,9/14/2015 9:10:00 AM,2,0,0,36.229630,-86.720670,RICHMOND DR,,,,0.00,,,HEDGEWOOD DR,,,,0.00,Y,T-Intersection, ,Intersection,None,,,         ,Coleman,Womack,Clear,Front to Rear,no,no,no,no,no,False
100951413,METROPOLITAN NASHVILLE POLICE DEPT,20150866844,Davidson,Nashville,9/16/2015 7:30:00 AM,2,0,0,36.109520,-86.769960,I 65,,,,0.00,,,,,,,79.70,N,Not at Intersection, ,,None,,,         ,David,Smith,,,no,no,no,no,no,False
100951416,METROPOLITAN NASHVILLE POLICE DEPT,20150866877,Davidson,Not in City Limit,9/16/2015 7:54:00 AM,2,0,0,36.268340,-86.756160,BELL GRIMES LN,,,,0.00,,,DICKERSON PKE,,,,0.00,Y,T-Intersection, ,,None,,,         ,Andrew,Ivey,,,no,no,no,no,no,False
100951426,METROPOLITAN NASHVILLE POLICE DEPT,20150866932,Davidson,Nashville,9/16/2015 8:05:00 AM,1,0,0,36.174470,-86.687840,CASTLEWOOD DR,,,,406.00,Feet,East,DENNYWOOD DR,,,,0.00,N,Not at Intersection, ,Non-Junction,None,,,         ,James,Curtis,Clear,Not Collision with Motor Vehicle in Transport,no,no,no,no,no,False
100951428,METROPOLITAN NASHVILLE POLICE DEPT,20150866872,Davidson,Nashville,9/16/2015 7:35:00 AM,2,0,0,36.176380,-86.767230,SPRING ST ENT RAMP,,,,0.00,Feet,East,SPRING ST,,,,0.00,N,Not at Intersection,Y,Entrance/Exit Ramp Related,None,,,         ,Steven,Carrick,Clear,Front to Rear,no,no,no,no,no,False
100951433,METROPOLITAN NASHVILLE POLICE DEPT,20150866865,Davidson,Nashville,9/16/2015 7:30:00 AM,2,0,0,36.084310,-86.727860,NOLENSVILLE PKE,,,,214.00,Feet,South,PARAGON MILLS RD,,,,0.00,N,Not at Intersection,N,Non-Junction,None,,,         ,Brian,Penny,Clear,Front to Rear,no,no,no,no,no,False
100951435,THP District 3 - Nashville,315047548,Davidson,Nashville,9/15/2015 9:30:00 AM,2,0,0,36.145740,-86.666650,DONELSON PKE,,,,76.00,Feet,South,ROYAL PKWY,,,,0.00,N,Not at Intersection, ,Non-Junction,None,,,         ,Phillip,Clark,Clear,Angle,no,no,no,no,no,False
100951442,METROPOLITAN NASHVILLE POLICE DEPT,2015-0863363,Davidson,Nashville,9/15/2015 7:15:00 AM,2,0,0,36.232010,-86.747580,ELLINGTON PKWYS,,,,493.00,Feet,North,BROADMOOR DR,,,,0.00,N,Not at Intersection, ,Non-Junction,None,,,         ,Coleman,Womack,Clear,Front to Rear,no,no,no,no,no,False
100951443,METROPOLITAN NASHVILLE POLICE DEPT,20150866910,Davidson,Nashville,9/16/2015 7:45:00 AM,2,0,0,36.160760,-86.793690,14TH AVN,,,,0.00,,,CHARLOTTE AV,,,,0.00,Y,OTHER, ,Intersection,None,,,         ,Daniel,Russett,Clear,"Sideswipe, Same Direction",no,no,no,no,no,False
100951449,METROPOLITAN NASHVILLE POLICE DEPT,20150866907,Davidson,Nashville,9/16/2015 7:50:00 AM,2,0,0,36.148390,-86.780480,I 40,,,,0.00,,,,,,,209.80,N,Not at Intersection, ,Entrance/Exit Ramp Related,Construction Zone,,,         ,Gregory,Lindstrom,Clear,"Sideswipe, Same Direction",no,no,no,no,no,False
100951453,METROPOLITAN NASHVILLE POLICE DEPT,20150866897,Davidson,Not in City Limit,9/16/2015 7:35:00 AM,2,0,0,36.272210,-86.690670,ANDERSON LN,,,,0.00,,,MCARTHUR DR,,,,0.00,Y,OTHER, ,"Driveway, Alley Access, etc",None,,,         ,William,Estes,Clear,Front to Rear,no,no,no,yes,no,False