master_record_number,agency,agency_tracking_number,county,city,collision_date,vehicles_involved,number_injured,number_dead,latitude,longitude,roadway_name,roadway_suffix,roadway_number,roadway_local_id,distance_from_reference,miles-feet_indicator,direction_from_reference,intersection_road_name,intersection_road_name_suffix,intersection_road_number,intersection_local_id,mile_marker,intersection_indicator,intersect_type,interchange_related_indicator,relation_to_junction,work_zone_type,construction_maintenance_zone,construction_maintenance_zone_location,fatal_case_number,officer_first_name,officer_last_name,weather_condition(s),manner_of_crash,pedestrian,bicycle,scooter,parking,hitrun,mou
100962188,BERRY HILL POLICE DEPT,15-3689,Davidson,Berry Hill,9/16/2015 1:00:00 PM,2,0,0,36.119910,-86.765830,MELROSE AV,,,,0.00,,,,,,,0.00,,, ,"Driveway, Alley Access, etc",None,,,         ,Ronnie,Hill,Clear,Front to Rear,no,no,no,yes,no,False
100962202,BERRY HILL POLICE DEPT,15-3716,Davidson,Berry Hill,9/17/2015 12:55:00 PM,2,0,0,36.112280,-86.766490,THOMPSON LN,,,,155.00,Feet,East,BRANSFORD AV,,,,0.00,N,Not at Intersection, ,Non-Junction,None,,,         ,Ronnie,Hill,Clear,Front to Rear,no,no,no,no,no,False
100962206,METROPOLITAN NASHVILLE POLICE DEPT,2015-0867083,Davidson,Nashville,9/16/2015 9:00:00 AM,2,0,0,36.160090,-86.760490,I 24,,,,0.00,,,,,,,49.45,N,Not at Intersection,N,Non-Junction,None,,,         ,Daniel,Massey,Clear,Front to Rear,no,no,no,no,no,False
100962208,METROPOLITAN NASHVILLE POLICE DEPT,20150868228,Davidson,Nashville,9/16/2015 4:05:00 PM,2,1,0,36.168980,-86.683090,LEBANON PKE,,,,207.00,Feet,West,FAIRWAY DR,,,,0.00,N,Not at Intersection,N,Non-Junction,None,,,         ,Leslie,Hale,Clear,Front to Rear,no,no,no,no,no,False
100962214,METROPOLITAN NASHVILLE POLICE DEPT,2015-0871599,Davidson,Nashville,9/17/2015 1:50:00 PM,2,0,0,36.072210,-86.691700,I 24,,,,0.00,,,,,,,56.80,N,Not at Intersection, ,Non-Junction,None,,,         ,William,Whitworth,Clear,Front to Rear,no,no,no,no,no,False
100962228,METROPOLITAN NASHVILLE POLICE DEPT,20150868052,Davidson,Nashville,9/16/2015 3:25:00 PM,2,0,0,36.229050,-86.772350,I 65,,,,0.00,,,,,,,88.90,N,Not at Intersection, ,Non-Junction,Construction Zone,,,         ,Nathan,Dungan,Clear,Front to Rear,no,no,no,no,no,False
100962231,METROPOLITAN NASHVILLE POLICE DEPT,20150868498,Davidson,Nashville,9/16/2015 5:17:00 PM,2,0,0,36.209910,-86.733850,GALLATIN PKE,,,,150.00,Feet,South,HOME RD,,,,0.00,N,Not at Intersection,N,Non-Junction,None,,,         ,Whitney,Arnold,Clear,HeadOn,no,no,no,no,no,False
100962244,METROPOLITAN NASHVILLE POLICE DEPT,20150865360,Davidson,Nashville,9/15/2015 7:20:00 PM,2,2,0,36.230130,-86.772760,EWING DR,,,,300.00,Feet,East,RICHMOND HILL DR,,,,0.00,N,Not at Intersection,N,Non-Junction,None,,,         ,Nathan,Dungan,Clear,HeadOn,no,no,no,no,no,False
100962247,METROPOLITAN NASHVILLE POLICE DEPT,20150871794,Davidson,Nashville,9/17/2015 3:48:00 PM,2,0,0,36.124160,-86.751450,I440 W EXT RAMP,,,,0.00,Feet,East,I 440,,,,0.00,N,Not at Intersection,N,Entrance/Exit Ramp Related,None,,,         ,Jessie,Meadows,Clear,"Sideswipe, Same Direction",no,no,no,no,no,False
100962261,METROPOLITAN NASHVILLE POLICE DEPT,20150871930,Davidson,Nashville,9/17/2015 3:34:00 PM,2,0,0,36.173590,-86.602150,CENTRAL PKE,,,,0.00,,,OLD HICKORY BLVD,,,,0.00,Y,Four-Way, ,Intersection,None,,,         ,Shawn,Taylor,Clear,Front to Rear,no,no,no,no,no,False
100962271,METROPOLITAN NASHVILLE POLICE DEPT,20150871917,Davidson,Nashville,9/17/2015 4:05:00 PM,2,0,0,36.193360,-86.752940,DOUGLAS AV,,,,0.00,,,ELLINGTON PKWYS,,,,0.00,Y,T-Intersection, ,Entrance/Exit Ramp Related,None,,,         ,Michael,Dance,Clear,Angle,no,no,no,no,no,False
100962274,METROPOLITAN NASHVILLE POLICE DEPT,20150871966,Davidson,Nashville,9/17/2015 4:18:00 PM,2,0,0,36.158750,-86.782010,8TH AVS,,,,60.00,Feet,South,BROADWAY,,,,0.00,N,Not at Intersection, ,Non-Junction,None,,,         ,Tyler,Hutton,Clear,Angle,no,no,no,no,no,False
100962290,METROPOLITAN NASHVILLE POLICE DEPT,20150872076,Davidson,Nashville,9/17/2015 3:30:00 PM,2,0,0,36.193220,-86.687380,BRILEY PKWYS,,,,281.00,Feet,North,BRILEY PKWY S EXT RAMP,,,,0.00,N,Not at Intersection,N,Non-Junction,None,,,         ,Leslie,Hale,Clear,"Sideswipe, Same Direction",no,no,no,no,yes,False
100962291,METROPOLITAN NASHVILLE POLICE DEPT,20150871811,Davidson,Nashville,9/17/2015 3:32:00 PM,2,1,0,36.155690,-86.789400,I40 E ENT RAMP,,,,0.00,,,I 40,,,,0.00,Y,OTHER,N,Entrance/Exit Ramp Related,None,,,         ,Maria,Cortez,Clear,Front to Rear,no,no,no,no,no,False
100962296,METROPOLITAN NASHVILLE POLICE DEPT,20150871996,Davidson,Nashville,9/17/2015 4:23:00 PM,2,0,0,36.166010,-86.764360,I 24,,,,0.00,,,,,,,49.00,N,Not at Intersection,N,Non-Junction,None,,,         ,Rachael,Sacco,Clear,Front to Rear,no,no,no,no,no,False
100962297,GOODLETTSVILLE POLICE DEPT,15-35140,Davidson,Goodlettsville,9/17/2015 5:18:00 PM,2,0,0,36.326280,-86.700490,STATE HWY 174,,,,0.00,,,NORTHCREEK BLVD,,,,0.00,Y,Four-Way, ,Intersection,None,,,         ,Benny,Alexander,Clear,Angle,no,no,no,no,no,False
100962306,METROPOLITAN NASHVILLE POLICE DEPT,2015-0872116,Davidson,Nashville,9/17/2015 4:49:00 PM,2,0,0,36.208650,-86.777820,BRICK CHURCH PKE,,,,155.00,Feet,South,AVONDALE CIR,,,,0.00,N,Not at Intersection, ,Non-Junction,None,,,         ,Robert,Erickson,Clear,Angle,no,no,no,no,no,False
100962307,METROPOLITAN NASHVILLE POLICE DEPT,20150872239,Davidson,Nashville,9/17/2015 5:50:00 PM,2,0,0,36.157500,-86.760420,I 24,,,,0.00,,,,,,,49.60,N,Not at Intersection, ,Non-Junction,None,,,         ,MIchael,Mihajlov,Clear,Front to Rear,no,no,no,no,no,False
100962322,METROPOLITAN NASHVILLE POLICE DEPT,20150861639,Davidson,Nashville,9/14/2015 5:01:00 PM,2,0,0,36.037400,-86.786570,FRANKLIN PKE,,,,0.00,,,OLD HICKORY BLVD,,,,0.00,Y,Four-Way, ,Intersection,None,,,         ,Miguel,Garcia,Clear,"Sideswipe, Same Direction",no,no,no,no,no,False
100962325,METROPOLITAN NASHVILLE POLICE DEPT,20150872005,Davidson,Nashville,9/17/2015 4:00:00 PM,2,0,0,36.182700,-86.748840,STRATTON AV,,,,0.00,,,GALLATIN AV,,,,0.00,Y,T-Intersection, ,Intersection,None,,,         ,Jarred,Ruhlman,Clear,HeadOn,no,no,no,no,no,False
100962329,METROPOLITAN NASHVILLE POLICE DEPT,20150872258,Davidson,Nashville,9/17/2015 5:24:00 PM,2,0,0,36.062320,-86.904630,OLD HICKORY BLVD,,,,0.00,,,HIGHWAY 100,,,,0.00,Y,T-Intersection, ,Intersection-Related,None,,,         ,Brandon,Pedigo,Clear,Front to Rear,no,no,no,no,no,False
100962338,METROPOLITAN NASHVILLE POLICE DEPT,20150865545,Davidson,Nashville,9/15/2015 8:39:00 PM,2,0,0,36.149790,-86.859510,CHARLOTTE PKE,,,,34.00,Feet,West,MIDLAND AV,,,,0.00,N,Not at Intersection,N,Non-Junction,None,,,         ,Marcus,Mitchell,Clear,"Sideswipe, Same Direction",no,no,no,no,no,False
100962340,METROPOLITAN NASHVILLE POLICE DEPT,20150872337,Davidson,Nashville,9/17/2015 6:20:00 PM,2,0,0,36.143390,-86.703170,I 40,,,,0.00,,,,,,,214.55,N,Not at Intersection,N,Non-Junction,None,,,         ,Michael,Apsey,Clear,Front to Rear,no,no,no,no,no,False
100962352,METROPOLITAN NASHVILLE POLICE DEPT,20150872162,Davidson,Nashville,9/17/2015 5:15:00 PM,2,0,0,36.147920,-86.777690,I40 W ENT RAMP,,,,0.00,,,I 40,,,,0.00,Y,OTHER, ,,None,,,         ,Tyler,Hutton,,,no,no,no,no,no,False
100962355,METROPOLITAN NASHVILLE POLICE DEPT,2015-0867764,Davidson,Nashville,9/16/2015 1:32:00 PM,2,2,0,36.215400,-86.588510,LEBANON PKE,,,,0.00,Feet,,TULIP GROVE RD,,,,0.00,Y,Four-Way,N,Intersection-Related,None,,,         ,Jeb,Johnston,Clear,Front to Rear,no,no,no,no,no,False
100962357,METROPOLITAN NASHVILLE POLICE DEPT,20150868313,Davidson,Nashville,9/16/2015 4:25:00 PM,2,0,0,36.150590,-86.856110,CHARLOTTE PKE,,,,387.00,Feet,East,ORLANDO AV,,,,0.00,N,Not at Intersection,N,Non-Junction,None,,,         ,Marcus,Mitchell,Clear,Angle,no,no,no,no,yes,False
100962360,METROPOLITAN NASHVILLE POLICE DEPT,2015-0870697,Davidson,Nashville,9/16/2015 8:42:00 PM,2,0,0,36.142870,-86.667460,DONELSON PKE,,,,327.00,Feet,West,I40 W ENT RAMP,,,,0.00,N,Not at Intersection, ,Non-Junction,None,,,         ,Jeb,Johnston,Clear,Angle,no,no,no,yes,yes,False
100962361,METROPOLITAN NASHVILLE POLICE DEPT,20150872149,Davidson,Nashville,9/17/2015 5:08:00 PM,2,0,0,36.172090,-86.768540,I 24,,,,0.00,,,,,,,48.30,N,Not at Intersection, ,Non-Junction,None,,,         ,Kevin,Reynolds,Clear,"Sideswipe, Same Direction",no,no,no,no,no,False
100962362,METROPOLITAN NASHVILLE POLICE DEPT,20150872156,Davidson,Nashville,9/17/2015 5:19:00 PM,1,0,0,36.119110,-86.795960,BELMONT BLVD,,,,140.00,Feet,North,CLAYTON AV,,,,0.00,N,Not at Intersection, ,Non-Junction,None,,,         ,Jacob,Crouch,Clear,Not Collision with Motor Vehicle in Transport,no,no,no,no,no,False
100962363,METROPOLITAN NASHVILLE POLICE DEPT,20150872243,Davidson,Nashville,9/17/2015 5:08:00 PM,2,1,0,36.169150,-86.681650,LEBANON PKE,,,,224.00,Feet,East,FAIRWAY DR,,,,0.00,N,Not at Intersection,N,Non-Junction,None,,,         ,Leslie,Hale,Clear,Front to Rear,no,no,no,no,no,False
100962364,METROPOLITAN NASHVILLE POLICE DEPT,20150872457,Davidson,Nashville,9/17/2015 6:24:00 PM,2,0,0,36.143550,-86.702170,I 40,,,,0.00,,,,,,,214.60,N,Not at Intersection,N,Non-Junction,None,,,         ,Timothy,Mead,Clear,Front to Rear,no,no,no,no,yes,False
100962365,METROPOLITAN NASHVILLE POLICE DEPT,20150872413,Davidson,Nashville,9/17/2015 5:35:00 PM,2,0,0,0.000000,0.000000,,,I440 E,,50.00,Feet,East,,,,,6.60,N,Not at Intersection, ,Non-Junction,None,,,         ,Josh,Baney,Clear,"Sideswipe, Same Direction",no,no,no,no,yes,False
100962367,METROPOLITAN NASHVILLE POLICE DEPT,20150872025,Davidson,Antioch,9/17/2015 5:14:00 PM,1,0,0,36.015260,-86.596500,INTERNATIONAL BLVD,,,,877.00,Feet,West,WALDRON RD,,,,0.00,N,Not at Intersection,N,Non-Junction,None,,,         ,Jessie,Meadows,Clear,Not Collision with Motor Vehicle in Transport,no,no,no,no,yes,False
100962368,METROPOLITAN NASHVILLE POLICE DEPT,20150872079,Davidson,Nashville,9/17/2015 4:50:00 PM,2,0,0,36.237730,-86.733100,BRILEY PKWY W EXT RAMP,,,,300.00,Feet,West,KINSINGTON DR,,,,0.00,N,Not at Intersection, ,Non-Junction,None,,,         ,Samuel,Miller,Clear,Angle,no,no,no,no,yes,False
100962370,METROPOLITAN NASHVILLE POLICE DEPT,2015-0872295,Davidson,Nashville,9/17/2015 5:30:00 PM,2,0,0,36.149890,-86.748360,I 40,,,,0.00,,,,,,,211.70,N,Not at Intersection, ,Non-Junction,None,,,         ,Bradley,McIntyre,Clear,"Sideswipe, Same Direction",no,no,no,no,yes,False
100962374,METROPOLITAN NASHVILLE POLICE DEPT,2015-0871601,Davidson,Nashville,9/17/2015 2:06:00 PM,1,1,0,36.215150,-86.602040,LEBANON PKE,,,,629.00,Feet,West,SHUTE LN,,,,0.00,N,Not at Intersection,N,Non-Junction,None,,,         ,Jeb,Johnston,Clear,Not Collision with Motor Vehicle in Transport,yes,no,no,no,yes,False
100962383,METROPOLITAN NASHVILLE POLICE DEPT,20150868558,Davidson,Nashville,9/17/2015 5:40:00 PM,2,0,0,36.158400,-86.854960,DELRAY DR,,,,66.00,Feet,South,MORROW RD,,,,0.00,N,Not at Intersection, ,Non-Junction,None,,,         ,Marcus,Mitchell,Clear,Front to Rear,no,no,no,no,no,False
100962384,METROPOLITAN NASHVILLE POLICE DEPT,20150872236,Davidson,Nashville,9/17/2015 6:38:00 PM,2,3,0,36.029660,-86.703710,BARNES RD,,,,36.00,Feet,East,BARNES COVE DR,,,,0.00,N,Not at Intersection,N,Non-Junction,None,,,         ,Jessie,Meadows,Clear,Angle,no,no,no,no,no,False
100962391,METROPOLITAN NASHVILLE POLICE DEPT,2015-0871479,Davidson,Nashville,9/17/2015 1:22:00 PM,2,2,0,36.151300,-86.691640,ELM HILL PKE,,,,0.00,,,BRILEY PKWY N EXT RAMP,,,,0.00,Y,T-Intersection,N,Intersection,None,,,         ,Jeb,Johnston,Clear,HeadOn,no,no,no,no,no,False
100962392,METROPOLITAN NASHVILLE POLICE DEPT,20150871891,Davidson,Nashville,9/17/2015 3:50:00 PM,3,1,0,36.140570,-86.886780,I 40,,,,0.00,,,,,,,202.10,N,Not at Intersection,N,Non-Junction,None,,,         ,Jeremy,Huffine,Clear,Front to Rear,no,no,no,no,no,False
100962394,BERRY HILL POLICE DEPT,15-3693,Davidson,Nashville,9/16/2015 4:40:00 PM,2,0,0,36.147490,-86.778260,I65 S ENT RAMP,,,,0.00,,,BASS ST,,,,0.00,Y,Y-Intersection, ,Non-Junction,None,,,         ,John,Gleixner,Clear,Front to Rear,no,no,no,no,no,False
100962398,METROPOLITAN NASHVILLE POLICE DEPT,20150871672,Davidson,Nashville,9/17/2015 2:40:00 PM,1,1,0,36.148070,-86.758490,WINFREY ST,,,,0.00,,,LEWIS ST,,,,0.00,Y,T-Intersection,N,Intersection,None,,,         ,Felipe,Pereira,Clear,Not Collision with Motor Vehicle in Transport,yes,no,no,no,yes,False
100962399,METROPOLITAN NASHVILLE POLICE DEPT,20150872300,Davidson,Nashville,9/17/2015 6:00:00 PM,1,1,0,36.142850,-86.684520,I 40,,,,0.00,,,,,,,215.60,N,Not at Intersection,N,Non-Junction,None,,,         ,Felipe,Pereira,Clear,Not Collision with Motor Vehicle in Transport,no,no,no,no,no,False
100962403,METROPOLITAN NASHVILLE POLICE DEPT,20150871989,Davidson,Nashville,9/17/2015 4:08:00 PM,2,0,0,36.126240,-86.814630,I 440,,,,0.00,,,,,,,2.30,N,Not at Intersection, ,Non-Junction,None,,,         ,John,Thomas,Clear,Front to Rear,no,no,no,no,no,False
100962407,METROPOLITAN NASHVILLE POLICE DEPT,20150872514,Davidson,Nashville,9/17/2015 7:42:00 PM,2,1,0,36.207550,-86.622950,OLD HICKORY BLVD,,,,688.00,Feet,North,HILLS LN,,,,0.00,N,Not at Intersection,N,Non-Junction,None,,,         ,Shawn,Taylor,Clear,Angle,no,no,no,no,no,False
100962413,METROPOLITAN NASHVILLE POLICE DEPT,20150872497,Davidson,Nashville,9/17/2015 7:30:00 PM,2,0,0,36.189140,-86.593260,OLD LEBANON DIRT RD,,,,0.00,,,TULIP GROVE RD,,,,0.00,Y,Four-Way,N,Intersection,None,,,         ,Codey,Mullins,Clear,Front to Rear,no,no,no,no,yes,False
100962414,VANDERBILT UNIVERSITY POLICE,15-0872471,Davidson,Nashville,9/17/2015 7:06:00 PM,1,1,0,36.140080,-86.805150,PIERCE AV,,,,0.00,,,24TH AVS,,,,0.00,Y,T-Intersection,N,Intersection,None,,,         ,Jonathan,McAllister,Clear,Not Collision with Motor Vehicle in Transport,yes,no,no,no,no,Campus
100962415,METROPOLITAN NASHVILLE POLICE DEPT,20150872372,Davidson,Nashville,9/17/2015 6:33:00 PM,4,1,0,36.167600,-86.762220,S 5TH ST,,,,0.00,,,SHELBY AV,,,,0.00,Y,Four-Way,N,Intersection,None,,,         ,Kimberly,Brown,Clear,Front to Rear,no,no,no,no,no,False
100962419,METROPOLITAN NASHVILLE POLICE DEPT,20150861341,Davidson,Madison,9/14/2015 3:30:00 PM,1,1,0,36.256560,-86.714220,GALLATIN PKES,,,,150.00,Feet,North,NEELYS BEND RD,,,,0.00,N,Not at Intersection,N,"Driveway, Alley Access, etc",None,,,         ,Nathan,Dungan,Clear,Not Collision with Motor Vehicle in Transport,yes,no,no,no,no,False
100962420,METROPOLITAN NASHVILLE POLICE DEPT,20150872529,Davidson,Nashville,9/17/2015 8:52:00 PM,3,0,0,36.067140,-86.661660,UNA ANTIOCH PKE,,,,34.00,Feet,South,RICHARDS RD,,,,0.00,N,Not at Intersection,N,Non-Junction,None,,,         ,Jessie,Meadows,Clear,Front to Rear,no,no,no,no,yes,False
100962422,METROPOLITAN NASHVILLE POLICE DEPT,20150872593,Davidson,Nashville,9/17/2015 8:08:00 PM,2,0,0,36.185300,-86.636500,JACKSON DOWNS BLVD,,,,0.00,,,LEBANON PKE,,,,0.00,Y,T-Intersection,N,Intersection,None,,,         ,Bryan,Byrnes,Clear,Angle,no,no,no,no,no,False
100962426,METROPOLITAN NASHVILLE POLICE DEPT,2015-0872285,Davidson,Nashville,9/17/2015 5:43:00 PM,2,0,0,36.153900,-86.849500,BRILEY PKWY N ENT RAMP,,,,0.00,Feet,East,I 40,,,,0.00,N,Not at Intersection, ,Non-Junction,None,,,         ,Christopher,Clark,Clear,"Sideswipe, Same Direction",no,no,no,no,no,False
100962427,METROPOLITAN NASHVILLE POLICE DEPT,20150872319,Davidson,Nashville,9/17/2015 6:13:00 PM,5,3,0,36.143770,-86.689500,I 40,,,,0.00,,,,,,,215.30,N,Not at Intersection,N,Non-Junction,None,,,         ,Leslie,Hale,Clear,"Sideswipe, Same Direction",no,no,no,no,no,False
100962428,METROPOLITAN NASHVILLE POLICE DEPT,20150872532,Davidson,Madison,9/17/2015 6:30:00 PM,2,0,0,36.264370,-86.711830,OLD TIME VILLAGE PVTDR,,,,104.00,Feet,West,GALLATIN PKEN,,,,0.00,N,Not at Intersection,N,"Driveway, Alley Access, etc",None,,,         ,Nathan,Dungan,Clear,"Sideswipe, Opposite Direction",no,no,no,yes,yes,False
100962432,METROPOLITAN NASHVILLE POLICE DEPT,20150872536,Davidson,Madison,9/17/2015 6:50:00 PM,2,0,0,36.261680,-86.712380,GALLATIN PKES,,,,166.00,Feet,North,MAPLE ST,,,,0.00,N,Not at Intersection, ,Non-Junction,None,,,         ,Nathan,Dungan,Clear,"Sideswipe, Same Direction",no,no,no,no,no,False
100962435,METROPOLITAN NASHVILLE POLICE DEPT,20150872590,Davidson,Nashville,9/17/2015 8:09:00 PM,2,1,0,0.000000,0.000000,,,I24 E,,10.00,Feet,East,,,,,53.00,N,Not at Intersection,N,Non-Junction,None,,,         ,Josh,Baney,Clear,Front to Rear,no,no,no,no,no,False
100962436,METROPOLITAN NASHVILLE POLICE DEPT,20150872126,Davidson,Not in City Limit,9/17/2015 5:03:00 PM,1,0,0,36.292010,-86.883920,CLARKSVILLE PKE,,,,49.00,Feet,West,EATONS CREEK RD,,,,0.00,N,Not at Intersection, ,,None,,,         ,Timothy,Morgan,,,no,no,no,no,no,False
100962453,METROPOLITAN NASHVILLE POLICE DEPT,2015-0872465,Davidson,Nashville,9/17/2015 7:00:00 PM,2,0,0,36.154330,-86.743300,LEBANON PKE,,,,0.00,,,FESSLERS LN,,,,0.00,Y,T-Intersection, ,Intersection,None,,,         ,Bradley,McIntyre,Clear,Angle,no,no,no,no,no,False
100962456,METROPOLITAN NASHVILLE POLICE DEPT,2015-0867787,Davidson,Nashville,9/16/2015 1:22:00 PM,2,0,0,36.153310,-86.767650,LINDSLEY AV,,,,0.00,,,,,,,0.00,,, ,"Driveway, Alley Access, etc",None,,,         ,Allen,Bates,Clear,Angle,no,no,no,yes,no,False
100962457,METROPOLITAN NASHVILLE POLICE DEPT,20150872268,Davidson,Nashville,9/17/2015 4:30:00 PM,2,0,0,36.158060,-86.877010,ROBERTSON AV,,,,0.00,,,JAMES AV,,,,0.00,Y,Four-Way,N,Intersection,None,,,         ,Mark,Hatt,Clear,Angle,no,no,no,no,no,False
100962463,METROPOLITAN NASHVILLE POLICE DEPT,20150871692,Davidson,Nashville,9/17/2015 2:57:00 PM,2,0,0,36.213920,-86.775540,I 65,,,,0.00,,,,,,,87.85,N,Not at Intersection,N,Non-Junction,Construction Zone,Intermittent Moving Work,Activity Area,         ,Michael,Brooks,Clear,"Sideswipe, Same Direction",no,no,no,no,no,False
100962464,METROPOLITAN NASHVILLE POLICE DEPT,20150872056,Davidson,Not in City Limit,9/17/2015 3:41:00 PM,2,0,0,36.319090,-86.892200,CLARKSVILLE PKE,,,,0.00,,,OLD CLARKSVILLE PKE,,,,0.00,Y,T-Intersection, ,Intersection,None,,,         ,Michael,Brooks,Clear,Front to Rear,no,no,no,no,no,False
100962465,METROPOLITAN NASHVILLE POLICE DEPT,20150872563,Davidson,Not in City Limit,9/17/2015 7:48:00 PM,1,0,0,36.332660,-86.869590,WHITES CREEK PKE,,,,1420.00,Feet,South,MORGAN RD,,,,0.00,N,Not at Intersection,N,Non-Junction,None,,,         ,Michael,Brooks,Clear,Not Collision with Motor Vehicle in Transport,no,no,no,no,no,False
100962469,GOODLETTSVILLE POLICE DEPT,15-35145,Davidson,Goodlettsville,9/17/2015 6:52:00 PM,2,2,0,36.325120,-86.701860,LONG HOLLOW,,,,0.00,,,CONFERENCE,,,,0.00,Y,Four-Way,N,Intersection,None,,,         ,Donald,Brinton,Clear,Angle,no,no,no,no,no,False
100962474,METROPOLITAN NASHVILLE POLICE DEPT,2015-0870208,Davidson,Nashville,9/17/2015 4:45:00 AM,2,2,0,36.089720,-86.623610,SMITH SPRINGS RD,,,,433.00,Feet,West,RURAL HILL RD,,,,0.00,N,Not at Intersection,N,Non-Junction,None,,,         ,Charles,Shaw,Clear,Angle,no,no,no,no,no,False
100962480,METROPOLITAN NASHVILLE POLICE DEPT,20150857389,Davidson,Nashville,9/13/2015 6:10:00 AM,2,0,0,36.150900,-86.770640,4TH AVS,,,,0.00,,,I40 W EXT RAMP,,,,0.00,Y,OTHER,N,Intersection,None,,,         ,Carlos,angulo,,"Sideswipe, Same Direction",no,no,no,no,no,False
100962482,METROPOLITAN NASHVILLE POLICE DEPT,2015-0871588,Davidson,Madison,9/17/2015 2:05:00 PM,2,1,0,36.256190,-86.714390,NEELYS BEND RD,,,,0.00,,,GALLATIN PKES,,,,0.00,Y,T-Intersection,N,Intersection-Related,None,,,         ,David,Boone,Clear,Front to Rear,no,no,no,no,no,False
100962484,METROPOLITAN NASHVILLE POLICE DEPT,2015-0866456,Davidson,Nashville,9/16/2015 3:30:00 AM,1,0,0,36.166010,-86.807380,ALBION ST,,,,456.00,Feet,East,21ST AVN,,,,0.00,N,Not at Intersection,N,Non-Junction,None,,,         ,James,Jarvis,Clear,Not Collision with Motor Vehicle in Transport,no,no,no,yes,no,False
100962488,METROPOLITAN NASHVILLE POLICE DEPT,20150870363,Davidson,Not in City Limit,9/17/2015 6:05:00 AM,3,0,0,36.340310,-86.871680,WHITES CREEK PKE,,,,1460.00,Feet,North,MORGAN RD,,,,0.00,N,Not at Intersection, ,Non-Junction,None,,,         ,Eric,Mumaw,Clear,Front to Rear,no,no,no,no,no,False
100962498,METROPOLITAN NASHVILLE POLICE DEPT,20150873166,Davidson,Nashville,9/17/2015 10:15:00 PM,2,0,0,36.134810,-86.763420,BYRUM AV,,,,336.00,Feet,South,WINGROVE ST,,,,0.00,N,Not at Intersection, ,Non-Junction,None,,,         ,Devon,Morgan,Clear,Front to Rear,no,no,no,no,yes,False
100962509,METROPOLITAN NASHVILLE POLICE DEPT,20150873271,Davidson,Nashville,9/18/2015 12:10:00 AM,2,0,0,36.179250,-86.814260,23RD AVN,,,,356.00,Feet,South,BUCHANAN ST,,,,0.00,N,Not at Intersection,N,Non-Junction,None,,,         ,Alex,Marchak,Clear,"Sideswipe, Same Direction",no,no,no,no,yes,False
100962518,METROPOLITAN NASHVILLE POLICE DEPT,20150873282,Davidson,Not in City Limit,9/18/2015 12:43:00 AM,1,0,0,36.269600,-86.736690,I 65,,,,0.00,,,,,,,92.60,N,Not at Intersection, ,Entrance/Exit Ramp Related,Construction Zone,,,         ,Craig,Amabile,Clear,Not Collision with Motor Vehicle in Transport,no,no,no,no,no,False
100962522,METROPOLITAN NASHVILLE POLICE DEPT,20150870340,Davidson,Nashville,9/17/2015 6:07:00 AM,4,0,0,36.191870,-86.780970,I 65,,,,0.00,,,,,,,86.25,N,Not at Intersection, ,,None,,,         ,Joshua,Green,,,no,no,no,no,no,False
100962539,METROPOLITAN NASHVILLE POLICE DEPT,20150873203,Davidson,Nashville,9/17/2015 11:00:00 PM,2,0,0,36.084520,-86.704750,HARDING PL,,,,360.00,Feet,East,LINBAR DR,,,,0.00,N,Not at Intersection, ,Non-Junction,None,,,         ,Thomas,Burns,Clear,Angle,no,no,no,yes,yes,False
100962566,METROPOLITAN NASHVILLE POLICE DEPT,20150871459,Davidson,Nashville,9/17/2015 1:52:00 PM,1,3,0,36.268860,-86.792770,I 24,,,,0.00,,,,,,,41.20,N,Not at Intersection,N,Non-Junction,None,,,         ,Jeffery,Burnette,Clear,Not Collision with Motor Vehicle in Transport,no,no,no,no,no,False
100962574,VANDERBILT UNIVERSITY POLICE,15-0869521,Davidson,Nashville,9/16/2015 10:30:00 PM,2,0,0,36.142340,-86.812240,VANDERBILT PL,,,,0.00,,,29TH AVS,,,,0.00,Y,T-Intersection, ,Non-Junction,None,,,         ,Joshua,Malone,Clear,Angle,no,no,no,no,no,Campus
100962575,VANDERBILT UNIVERSITY POLICE,15-0869892,Davidson,Nashville,9/18/2015 1:10:00 AM,2,0,0,36.153010,-86.796000,18TH AVS,,,,0.00,,,WEST END AV,,,,0.00,Y,Four-Way, ,Intersection,None,,,         ,Joshua,Malone,Clear,Front to Rear,no,no,no,no,yes,False
100962580,METROPOLITAN NASHVILLE POLICE DEPT,2015-0860520,Davidson,Old Hickory,9/14/2015 10:56:00 AM,1,1,0,0.000000,0.000000,MARTINGALE DR ACCESS RD,,,,300.00,Feet,North,,,,,1.00,N,Not at Intersection,N,"Driveway, Alley Access, etc",None,,,         ,Michael,Baker,Clear,Not Collision with Motor Vehicle in Transport,no,no,no,no,no,False
100962586,METROPOLITAN NASHVILLE POLICE DEPT,20150870371,Davidson,Nashville,9/17/2015 6:24:00 AM,3,0,0,36.110800,-86.770740,I 65,,,,0.00,Feet,East,I440 ENT RAMP,,,,0.00,N,Not at Intersection,N,Non-Junction,None,,,         ,Nathan,Kemp,Clear,Front to Rear,no,no,no,no,no,False