master_record_number,agency,agency_tracking_number,county,city,collision_date,vehicles_involved,number_injured,number_dead,latitude,longitude,roadway_name,roadway_suffix,roadway_number,roadway_local_id,distance_from_reference,miles-feet_indicator,direction_from_reference,intersection_road_name,intersection_road_name_suffix,intersection_road_number,intersection_local_id,mile_marker,intersection_indicator,intersect_type,interchange_related_indicator,relation_to_junction,work_zone_type,construction_maintenance_zone,construction_maintenance_zone_location,fatal_case_number,officer_first_name,officer_last_name,weather_condition(s),manner_of_crash,pedestrian,bicycle,scooter,parking,hitrun,mou
100962587,METROPOLITAN NASHVILLE POLICE DEPT,20150870560,Davidson,Nashville,9/17/2015 7:59:00 AM,2,0,0,36.123040,-86.806800,HILLSBORO PKE,,,,50.00,Feet,North,I440 E EXT RAMP,,,,0.00,N,Not at Intersection, ,Non-Junction,None,,,         ,Nathan,Kemp,Clear,Front to Rear,no,no,no,no,no,False
100962588,METROPOLITAN NASHVILLE POLICE DEPT,20150870689,Davidson,Nashville,9/17/2015 8:43:00 AM,2,0,0,36.086920,-86.777680,BATTERY LN,,,,60.00,Feet,East,CHURCHWOOD DR,,,,0.00,N,Not at Intersection, ,Non-Junction,None,,,         ,Nathan,Kemp,Clear,Front to Rear,no,no,no,no,no,False
100962589,METROPOLITAN NASHVILLE POLICE DEPT,20150871547,Davidson,Nashville,9/17/2015 1:44:00 PM,2,0,0,36.120940,-86.790510,12TH AVS,,,,40.00,Feet,West,KIRKWOOD AV,,,,0.00,N,Not at Intersection, ,Non-Junction,None,,,         ,Nathan,Kemp,Clear,"Sideswipe, Same Direction",no,no,no,no,no,False
100962591,METROPOLITAN NASHVILLE POLICE DEPT,20150873960,Davidson,Nashville,9/18/2015 7:20:00 AM,2,0,0,36.109730,-86.922510,OLD HICKORY BLVD,,,,38.00,Feet,South,SONYA DR,,,,0.00,N,Not at Intersection,N,Non-Junction,None,,,         ,Wesley,Tilley,Clear,Front to Rear,no,no,no,no,no,False
100962611,METROPOLITAN NASHVILLE POLICE DEPT,20150874002,Davidson,Nashville,9/18/2015 7:25:00 AM,2,0,0,36.046430,-86.654700,HICKORY HOLLOW PKWY,,,,0.00,,,HICKORY HOLLOW LN,,,,0.00,Y,Four-Way, ,Intersection,None,,,         ,Todd,Watson,Clear,Angle,no,no,no,no,no,False
100962612,METROPOLITAN NASHVILLE POLICE DEPT,20150871507,Davidson,Nashville,9/17/2015 6:10:00 AM,1,0,0,36.201010,-86.676880,RIDGELAND DR,,,,0.00,,,MCGAVOCK PKE,,,,0.00,Y,T-Intersection, ,Intersection,None,,,         ,James,Curtis,Clear,Not Collision with Motor Vehicle in Transport,no,no,no,no,no,False
100962614,METROPOLITAN NASHVILLE POLICE DEPT,20150873897,Davidson,Nashville,9/18/2015 6:41:00 AM,4,0,0,36.125640,-86.696150,BRILEY PKWY,,,,101.00,Feet,North,KERMIT DR,,,,0.00,N,Not at Intersection,N,Non-Junction,None,,,         ,James,Curtis,Clear,Front to Rear,no,no,no,no,no,False
100962616,METROPOLITAN NASHVILLE POLICE DEPT,20150873985,Davidson,Nashville,9/18/2015 7:36:00 AM,3,1,0,36.054040,-86.775140,I 65,,,,0.00,,,,,,,74.80,N,Not at Intersection,N,Non-Junction,None,,,         ,Reuben,Hewit,Clear,Front to Rear,no,no,no,no,no,False
100962619,METROPOLITAN NASHVILLE POLICE DEPT,20150873997,Davidson,Nashville,9/18/2015 7:43:00 AM,2,0,0,36.193460,-86.830890,CLARKSVILLE PKE,,,,118.00,Feet,East,BUENA VISTA PKE,,,,0.00,N,Not at Intersection, ,Non-Junction,None,,,         ,Charles,Ward,Clear,Rear to Side,no,no,no,yes,yes,False
100962624,METROPOLITAN NASHVILLE POLICE DEPT,20150874114,Davidson,Nashville,9/18/2015 8:20:00 AM,2,0,0,36.270000,-86.755310,US HWY 31W,,,,300.00,Feet,North,STATE HWY 45,,,,0.00,N,Not at Intersection, ,Non-Junction,None,,,         ,William,Coy,Clear,Angle,no,no,no,no,yes,False
100962635,METROPOLITAN NASHVILLE POLICE DEPT,20150863965,Davidson,Nashville,9/15/2015 11:50:00 AM,2,0,0,36.149620,-86.773410,I 40,,,,0.00,,,,,,,210.20,N,Not at Intersection, ,Non-Junction,None,,,         ,Catherine,Poole,Clear,Not Collision with Motor Vehicle in Transport,no,no,no,no,no,False
100962638,METROPOLITAN NASHVILLE POLICE DEPT,20150874054,Davidson,Nashville,9/18/2015 8:00:00 AM,1,0,0,36.051750,-86.687680,JOSEPHINE CT,,,,100.00,Feet,East,OCALA DR,,,,0.00,N,Not at Intersection, ,Non-Junction,None,,,         ,Brian,Lamb,Clear,Not Collision with Motor Vehicle in Transport,no,no,no,no,no,False
100962647,METROPOLITAN NASHVILLE POLICE DEPT,2015-0874150,Davidson,Nashville,9/18/2015 8:44:00 AM,2,0,0,36.129720,-86.839550,VINE CT,,,,0.00,,,HARDING PKE,,,,0.00,Y,T-Intersection, ,Intersection,None,,,         ,Curtis,Rich,Clear,Angle,no,no,no,no,yes,False
100962648,METROPOLITAN NASHVILLE POLICE DEPT,20150874029,Davidson,Nashville,9/18/2015 7:45:00 AM,2,0,0,36.195350,-86.834000,MANCHESTER AV,,,,0.00,,,CLARKSVILLE PKE,,,,0.00,Y,OTHER, ,Non-Junction,None,,,         ,Noah,Melton,Clear,Front to Rear,no,no,no,no,no,False
100962651,METROPOLITAN NASHVILLE POLICE DEPT,2015-0873988,Davidson,Nashville,9/18/2015 12:00:00 AM,1,0,0,36.121870,-86.811920,WHITE OAK DR,,,,117.00,Feet,South,SHARONDALE DR,,,,0.00,N,Not at Intersection,N,Non-Junction,None,,,         ,Curtis,Rich,Unknown,Not Collision with Motor Vehicle in Transport,no,no,no,no,yes,False
100962652,METROPOLITAN NASHVILLE POLICE DEPT,20150871484,Davidson,Nashville,9/17/2015 1:33:00 PM,2,2,0,36.156240,-86.802940,20TH AVN,,,,0.00,,,MURPHY AV,,,,0.00,Y,OTHER,N,Non-Junction,None,,,         ,Randal,Owsley,Clear,Angle,no,no,no,no,no,False
100962658,METROPOLITAN NASHVILLE POLICE DEPT,20150874178,Davidson,Nashville,9/18/2015 9:05:00 AM,2,0,0,36.176820,-86.772120,I24 W EXT RAMP,,,,0.00,,,I 24,,,,0.00,Y,OTHER, ,Entrance/Exit Ramp Related,None,,,         ,Michael,Johnson,Clear,Front to Rear,no,no,no,no,no,False
100962674,METROPOLITAN NASHVILLE POLICE DEPT,15-0874141,Davidson,Nashville,9/18/2015 8:30:00 AM,2,1,0,36.161300,-86.784520,CHURCH ST,,,,0.00,,,9TH AVN,,,,0.00,Y,Four-Way,N,Intersection,None,,,         ,Frank,Campbell,Clear,Angle,no,no,no,no,no,False
100962678,METROPOLITAN NASHVILLE POLICE DEPT,2015-0874347,Davidson,Nashville,9/18/2015 12:00:00 AM,2,0,0,36.137300,-86.836570,CAMBRIDGE AV,,,,406.00,Feet,East,WILSON BLVDN,,,,0.00,N,Not at Intersection, ,Non-Junction,None,,,         ,Paul,Junkmann,Unknown,Angle,no,no,no,no,yes,False
100962681,GOODLETTSVILLE POLICE DEPT,15-35218,Davidson,Goodlettsville,9/18/2015 9:34:00 AM,1,0,0,36.304000,-86.702350,RIVERGATE PKWY,,,,0.00,Feet,,RIVERGATE MALL PVTDR,,,,0.00,Y,Y-Intersection, ,Non-Junction,None,,,         ,George,Forbes,Clear,Not Collision with Motor Vehicle in Transport,no,no,no,no,no,False
100962688,METROPOLITAN NASHVILLE POLICE DEPT,20150874005,Davidson,Nashville,9/18/2015 7:40:00 AM,2,1,0,36.064920,-86.623090,HAMILTON CHURCH RD,,,,294.00,Feet,West,OWENDALE DR,,,,0.00,N,Not at Intersection,N,Non-Junction,None,,,         ,Brian,Penny,Clear,Angle,no,no,no,no,no,False
100962691,METROPOLITAN NASHVILLE POLICE DEPT,20150874225,Davidson,Nashville,9/18/2015 8:15:00 AM,2,0,0,36.049980,-86.649500,MT VIEW RD,,,,0.00,,,BELL RD,,,,0.00,Y,Four-Way,Y,Intersection,None,,,         ,Julius,Gallon,Clear,Angle,no,no,no,no,no,False
100962713,METROPOLITAN NASHVILLE POLICE DEPT,20150874042,Davidson,Madison,9/18/2015 7:59:00 AM,2,1,0,36.276030,-86.689600,MYATT DR,,,,0.00,,,MYATT CENTER LN,,,,0.00,Y,OTHER,N,Non-Junction,Construction Zone,Other,Activity Area,         ,Eric,Richardson,Clear,Angle,no,no,no,no,no,False
100962719,METROPOLITAN NASHVILLE POLICE DEPT,20150874406,Davidson,Nashville,9/18/2015 10:08:00 AM,2,0,0,36.054500,-86.725020,MCMURRAY DR,,,,90.00,Feet,East,AMALIE DR,,,,0.00,N,Not at Intersection,N,Non-Junction,None,,,         ,Nathan,Kemp,Clear,"Sideswipe, Same Direction",no,no,no,no,yes,False
100962720,METROPOLITAN NASHVILLE POLICE DEPT,20150874619,Davidson,Nashville,9/18/2015 11:04:00 AM,2,0,0,36.134530,-86.776270,I65 S EXT RAMP,,,,0.00,Feet,East,WEDGEWOOD AV,,,,0.00,N,Not at Intersection, ,Entrance/Exit Ramp Related,None,,,         ,Nathan,Kemp,Clear,Front to Rear,no,no,no,no,no,False
100962723,METROPOLITAN NASHVILLE POLICE DEPT,20150874474,Davidson,Nashville,9/18/2015 10:30:00 AM,2,0,0,36.155820,-86.795920,17TH AVN,,,,0.00,,,CHURCH ST,,,,0.00,Y,Four-Way,N,Intersection,None,,,         ,David,Smith,Clear,Angle,no,no,no,no,no,False
100962728,METROPOLITAN NASHVILLE POLICE DEPT,20150874548,Davidson,Nashville,9/18/2015 10:37:00 AM,2,0,0,36.077900,-86.723770,WALLACE RD,,,,604.00,Feet,East,NOLENSVILLE PKE,,,,0.00,N,Not at Intersection,N,Non-Junction,None,,,         ,Tyler,McDaniel,Clear,"Sideswipe, Opposite Direction",no,no,no,no,no,False
100962745,METROPOLITAN NASHVILLE POLICE DEPT,20150874489,Davidson,Nashville,9/18/2015 10:35:00 AM,2,1,0,36.219370,-86.762510,DICKERSON PKE,,,,227.00,Feet,South,ALHAMBRA CIR,,,,0.00,N,Not at Intersection,N,Non-Junction,None,,,         ,Dontaveous,Eubanks,Clear,Angle,no,no,no,no,no,False
100962751,METROPOLITAN NASHVILLE POLICE DEPT,20150874344,Davidson,Nashville,9/18/2015 12:00:00 AM,1,0,0,36.049930,-86.693030,OCALA DR,,,,0.00,,,VALLEY WAY,,,,0.00,Y,T-Intersection,N,Intersection,None,,,         ,Brian,Lamb,Clear,Not Collision with Motor Vehicle in Transport,no,no,no,no,no,False
100962753,METROPOLITAN NASHVILLE POLICE DEPT,20150874497,Davidson,Nashville,9/18/2015 10:42:00 AM,2,0,0,36.188220,-86.629320,LEBANON PKE,,,,0.00,,,HICKORY HILL LN,,,,0.00,Y,T-Intersection,N,Intersection,None,,,         ,James,Curtis,Clear,Front to Rear,no,no,no,no,no,False
100962755,METROPOLITAN NASHVILLE POLICE DEPT,20150863951,Davidson,Nashville,9/15/2015 11:31:00 AM,1,0,0,36.208420,-86.776230,I 65,,,,0.00,,,,,,,87.45,N,Not at Intersection,N,Non-Junction,Construction Zone,Lane Shift-Crossover,Termination Area,         ,Michael,McCord,Clear,Not Collision with Motor Vehicle in Transport,no,no,no,no,no,False
100962756,METROPOLITAN NASHVILLE POLICE DEPT,20150863869,Davidson,Nashville,9/15/2015 10:45:00 AM,2,0,0,36.211680,-86.765200,DICKERSON PKE,,,,75.00,Feet,North,DONALD ST,,,,0.00,N,Not at Intersection, ,"Driveway, Alley Access, etc",None,,,         ,Jeremy,Stricklin,Clear,Angle,no,no,no,no,no,False
100962770,METROPOLITAN NASHVILLE POLICE DEPT,2015-0874762,Davidson,Nashville,9/18/2015 12:33:00 PM,2,1,0,36.148950,-86.857910,WHITE BRIDGE PKE,,,,194.00,Feet,North,LENOX AV,,,,0.00,N,Not at Intersection,N,Non-Junction,None,,,         ,Curtis,Rich,Clear,Angle,no,no,no,no,no,False
100962775,METROPOLITAN NASHVILLE POLICE DEPT,20150870663,Davidson,Nashville,9/17/2015 7:39:00 AM,2,0,0,36.237540,-86.654990,COMANCHE RUN,,,,171.00,Feet,North,COMANCHE CT,,,,0.00,N,Not at Intersection, ,Non-Junction,None,,,         ,Eric,Richardson,Clear,Front to Rear,no,no,no,no,no,False
100962778,METROPOLITAN NASHVILLE POLICE DEPT,2015-0874739,Davidson,Nashville,9/18/2015 12:00:00 PM,2,0,0,36.150480,-86.770350,4TH AVS,,,,0.00,,,I40 E EXT RAMP,,,,0.00,Y,Four-Way, ,Intersection,None,,,         ,Charles,Coe,Clear,Angle,no,no,no,no,no,False
100962781,METROPOLITAN NASHVILLE POLICE DEPT,2015-0874775,Davidson,Nashville,9/18/2015 12:45:00 PM,2,0,0,36.150150,-86.857950,WHITE BRIDGE PKE,,,,0.00,,,CHARLOTTE PKE,,,,0.00,Y,OTHER, ,Non-Junction,None,,,         ,George,Spencer,Clear,"Sideswipe, Same Direction",no,no,no,no,no,False
100962783,METROPOLITAN NASHVILLE POLICE DEPT,15-0874756,Davidson,Nashville,9/18/2015 12:28:00 PM,2,0,0,36.176910,-86.774580,SPRING ST,,,,0.00,,,N 1ST ST,,,,0.00,Y,Four-Way, ,,None,,,         ,Frank,Campbell,,,no,no,no,no,no,False
100962786,METROPOLITAN NASHVILLE POLICE DEPT,2015-0874961,Davidson,Nashville,9/18/2015 1:34:00 PM,2,0,0,36.144630,-86.857920,WHITE BRIDGE PKE,,,,137.00,Feet,South,BURGESS AV,,,,0.00,N,Not at Intersection, ,,None,,,         ,Curtis,Rich,,,no,no,no,no,no,False
100962792,METROPOLITAN NASHVILLE POLICE DEPT,20150874186,Davidson,Nashville,9/18/2015 8:45:00 AM,1,1,0,36.248010,-86.743000,I 65,,,,0.00,,,,,,,91.00,N,Not at Intersection,N,Non-Junction,None,,,         ,Caleb,Foster,Clear,Not Collision with Motor Vehicle in Transport,no,no,no,no,no,False
100962793,METROPOLITAN NASHVILLE POLICE DEPT,20150874859,Davidson,Madison,9/18/2015 12:53:00 PM,2,0,0,36.282790,-86.692110,MYATT DR,,,,331.00,Feet,North,MYATT BLVD,,,,0.00,N,Not at Intersection, ,,Work Zone,,,         ,Caleb,Foster,,,no,no,no,no,no,False
100962795,METROPOLITAN NASHVILLE POLICE DEPT,20150873939,Davidson,Nashville,9/18/2015 7:11:00 AM,2,0,0,36.138250,-86.820230,WEST END AV,,,,185.00,Feet,North,MURPHY RD,,,,0.00,N,Not at Intersection, ,Non-Junction,None,,,         ,Phillip,Murphy,Clear,"Sideswipe, Same Direction",no,no,no,no,no,False
100962796,METROPOLITAN NASHVILLE POLICE DEPT,20150873992,Davidson,Nashville,9/18/2015 7:37:00 AM,2,0,0,36.135430,-86.797120,18TH AVE S,,,,0.00,Feet,,MAGNOLIA BLVD,,,,0.00,Y,T-Intersection, ,Intersection,None,,,         ,Phillip,Murphy,Clear,Front to Rear,no,no,no,no,no,False
100962797,METROPOLITAN NASHVILLE POLICE DEPT,20150874111,Davidson,Nashville,9/18/2015 8:08:00 AM,2,1,0,36.115870,-86.777850,I 440,,,,0.00,,,,,,,4.65,N,Not at Intersection,N,Non-Junction,None,,,         ,Phillip,Murphy,Clear,Front to Rear,no,no,no,no,no,False
100962798,BERRY HILL POLICE DEPT,15-3741,Davidson,Berry Hill,9/18/2015 12:20:00 PM,2,0,0,36.112070,-86.764410,THOMPSON LN,,,,775.00,Feet,East,BRANSFORD AV,,,,0.00,N,Not at Intersection, ,,None,,,         ,Ray,Ferguson,,,no,no,no,no,no,False
100962805,METROPOLITAN NASHVILLE POLICE DEPT,20150874900,Davidson,Nashville,9/18/2015 12:56:00 PM,2,0,0,36.202150,-86.776850,I 65,,,,0.00,,,,,,,87.00,N,Not at Intersection, ,,None,,,         ,Michael,McCord,,,no,no,no,no,no,False
100962809,METROPOLITAN NASHVILLE POLICE DEPT,2015-0874586,Davidson,Nashville,9/18/2015 11:13:00 AM,2,1,0,36.125620,-86.746630,GLENROSE AV,,,,0.00,,,OAKLAND ST,,,,0.00,Y,T-Intersection,N,Intersection,None,,,         ,John,Neely,Clear,Front to Rear,no,no,no,no,no,False
100962812,METROPOLITAN NASHVILLE POLICE DEPT,2015-0873904,Davidson,Antioch,9/18/2015 6:13:00 AM,2,2,0,0.000000,0.000000,MURFREESBORO,PIKE,US41,,100.00,Feet,South,HICKORY WOODS,DR,,,0.00,N,Not at Intersection,N,Non-Junction,None,,,         ,William,Whitworth,Clear,Front to Rear,no,no,no,no,no,False
100962813,METROPOLITAN NASHVILLE POLICE DEPT,2015-0874168,Davidson,Nashville,9/18/2015 8:41:00 AM,2,0,0,36.080410,-86.721840,HARDING PL,,,,432.00,Feet,East,HARDING MALL DR,,,,0.00,N,Not at Intersection, ,"Driveway, Alley Access, etc",Construction Zone,,,         ,William,Whitworth,Clear,Angle,no,no,no,no,no,False
100962815,METROPOLITAN NASHVILLE POLICE DEPT,20150874983,Davidson,Nashville,9/18/2015 1:35:00 PM,2,0,0,36.056600,-86.676370,I 24,,,,0.00,,,,,,,58.15,N,Not at Intersection, ,Non-Junction,None,,,         ,Tyler,McDaniel,Clear,"Sideswipe, Same Direction",no,no,no,no,yes,False
100962819,METROPOLITAN NASHVILLE POLICE DEPT,20150874953,Davidson,Nashville,9/18/2015 1:33:00 PM,2,0,0,36.234200,-86.720280,BRILEY PKWYE,,,,0.00,,,BRILEY PKWY E ENT RAMP,,,,0.00,Y,OTHER,N,Non-Junction,None,,,         ,Jeffery,Burnette,Clear,"Sideswipe, Same Direction",no,no,no,no,yes,False
100962820,METROPOLITAN NASHVILLE POLICE DEPT,20150874585,Davidson,Nashville,9/18/2015 11:13:00 AM,3,2,0,36.059370,-86.853090,CROMWELL DR,,,,0.00,,,HILLSBORO PKE,,,,0.00,Y,Four-Way,N,Intersection,None,,,         ,Corteze,Armstrong,Clear,Angle,no,no,no,no,no,False
100962847,METROPOLITAN NASHVILLE POLICE DEPT,20150872640,Davidson,Nashville,9/17/2015 8:17:00 PM,2,0,0,36.233800,-86.724810,GALLATIN PKE,,,,0.00,,,BRILEY PKWY E EXT RAMP,,,,0.00,Y,Four-Way, ,Intersection-Related,None,,,         ,Whitney,Arnold,Clear,Front to Rear,no,no,no,no,no,False
100962870,METROPOLITAN NASHVILLE POLICE DEPT,20150875122,Davidson,Nashville,9/18/2015 2:59:00 PM,2,0,0,36.116700,-86.668180,DONELSON PKE,,,,0.00,,,HANGAR LN,,,,0.00,Y,T-Intersection,N,Intersection,None,,,         ,Michael,Apsey,Clear,Front to Rear,no,no,no,no,yes,False
100962874,METROPOLITAN NASHVILLE POLICE DEPT,20150875102,Davidson,Antioch,9/18/2015 2:55:00 PM,2,1,0,36.028850,-86.574770,W NIR SHREIBMAN BLVD,,,,83.00,Feet,North,MOORE WAY,,,,0.00,N,Not at Intersection,N,Non-Junction,None,,,         ,Jessie,Meadows,Clear,Front to Rear,no,no,no,no,no,False
100962875,METROPOLITAN NASHVILLE POLICE DEPT,20150872762,Davidson,Nashville,9/17/2015 9:12:00 PM,1,1,0,36.239370,-86.743910,BRILEY PKWYE,,,,491.00,Feet,East,BRILEY PKWY E EXT RAMP,,,,0.00,N,Not at Intersection,N,Non-Junction,None,,,         ,Charles,Wakefield,Clear,Not Collision with Motor Vehicle in Transport,no,no,no,no,yes,False
100962881,METROPOLITAN NASHVILLE POLICE DEPT,2015-0875019,Davidson,Not in City Limit,9/18/2015 2:00:00 PM,2,0,0,36.077010,-87.014620,I 40,,,,0.00,,,,,,,192.85,N,Not at Intersection,N,Non-Junction,None,,,         ,Curtis,Rich,Clear,"Sideswipe, Same Direction",no,no,no,no,no,False
100962888,METROPOLITAN NASHVILLE POLICE DEPT,20150875163,Davidson,Nashville,9/18/2015 3:09:00 PM,2,0,0,36.155530,-86.784010,DEMONBREUN ST,,,,349.00,Feet,East,11TH AVS,,,,0.00,N,Not at Intersection, ,,None,,,         ,Mikala,Moore,,,no,no,no,no,no,False
100962899,METROPOLITAN NASHVILLE POLICE DEPT,20150875179,Davidson,Nashville,9/18/2015 3:13:00 PM,2,0,0,36.155660,-86.783720,DEMONBREUN ST,,,,0.00,,,,,,,0.00,,, ,Non-Junction,None,,,         ,Benjamin,Smith,Clear,"Sideswipe, Same Direction",no,no,no,no,no,False
100962902,METROPOLITAN NASHVILLE POLICE DEPT,20150875128,Davidson,Nashville,9/18/2015 2:45:00 PM,1,0,0,36.068450,-86.673690,RICHARDS RD,,,,170.00,Feet,West,MCBRIDE RD,,,,0.00,N,Not at Intersection,N,Non-Junction,None,,,         ,Oscar,Gomez,Clear,Not Collision with Motor Vehicle in Transport,no,no,no,no,no,False
100962908,METROPOLITAN NASHVILLE POLICE DEPT,20150875221,Davidson,Nashville,9/18/2015 3:29:00 PM,2,0,0,36.143080,-86.666650,DONELSON PKE,,,,288.00,Feet,North,I40 W ENT RAMP,,,,0.00,N,Not at Intersection, ,Non-Junction,None,,,         ,Austin,Childress,Clear,Angle,no,no,no,no,no,False
100962916,METROPOLITAN NASHVILLE POLICE DEPT,20150875130,Davidson,Nashville,9/18/2015 3:01:00 PM,2,2,0,36.168000,-86.664530,US HWY 70,,,,0.00,,,OLD LEBANON PIKE,,,,0.00,Y,Four-Way,N,Intersection,None,,,         ,Tyler,Conrads,Clear,Angle,no,no,no,no,no,False
100962920,METROPOLITAN NASHVILLE POLICE DEPT,20150875243,Davidson,Nashville,9/18/2015 3:11:00 PM,2,0,0,36.110290,-86.800350,BELMONT BLVD,,,,0.00,,,GRAYBAR LN,,,,0.00,Y,Four-Way, ,Intersection-Related,None,,,         ,Nicholas,Smith,Clear,Front to Rear,no,no,no,no,no,False
100962923,METROPOLITAN NASHVILLE POLICE DEPT,20150875112,Davidson,Goodlettsville,9/18/2015 2:54:00 PM,2,0,0,36.304710,-86.688980,NORTHSIDE FESTIVAL PVTDR,,,,0.00,,,LIBERTY LN,,,,0.00,Y,Four-Way,N,Intersection,None,,,         ,Samuel,Miller,Clear,Front to Rear,no,no,no,no,no,False
100962924,METROPOLITAN NASHVILLE POLICE DEPT,20150875329,Davidson,Nashville,9/18/2015 3:05:00 PM,2,0,0,36.202360,-86.776640,I 65,,,,0.00,,,,,,,87.00,N,Not at Intersection, ,Non-Junction,None,,,         ,Kevin,Reynolds,Clear,Front to Rear,no,no,no,no,no,False
100962926,METROPOLITAN NASHVILLE POLICE DEPT,2015-0875310,Davidson,Nashville,9/18/2015 3:56:00 PM,2,0,0,36.125680,-86.805260,21ST AVS,,,,94.00,Feet,South,SWEETBRIAR AV,,,,0.00,N,Not at Intersection, ,Non-Junction,None,,,         ,Austin,Kendrick,Clear,"Sideswipe, Same Direction",no,no,no,no,no,False
100962941,METROPOLITAN NASHVILLE POLICE DEPT,20150875437,Davidson,Nashville,9/18/2015 4:32:00 PM,2,0,0,36.154830,-86.763340,LINDSLEY AV,,,,0.00,,,HERMITAGE AV,,,,0.00,Y,T-Intersection, ,,None,,,         ,MIchael,Mihajlov,,,no,no,no,no,no,False
100962950,METROPOLITAN NASHVILLE POLICE DEPT,20150875380,Davidson,Nashville,9/18/2015 4:00:00 PM,2,0,0,36.187950,-86.607770,OLD LEBANON DIRT RD,,,,0.00,,,ANDREW JACKSON PKWY,,,,0.00,Y,Four-Way, ,Intersection,None,,,         ,Darryl,Williams,Clear,Front to Rear,no,no,no,no,no,False
100962951,METROPOLITAN NASHVILLE POLICE DEPT,20150875266,Davidson,Nashville,9/18/2015 3:30:00 PM,2,0,0,36.134230,-86.778470,WEDGEWOOD AVE,,,,170.00,Feet,East,US HWY 31,,,,0.00,N,Not at Intersection, ,Non-Junction,None,,,         ,Royce,McLester,Clear,Front to Rear,no,no,no,no,yes,False
100962953,METROPOLITAN NASHVILLE POLICE DEPT,2015-0875386,Davidson,Nashville,9/18/2015 4:05:00 PM,2,0,0,0.000000,0.000000,I 24 EAST,,,,101.00,Feet,East,,,I,,48.00,N,Not at Intersection, ,Non-Junction,None,,,         ,Dejuan,Daniels,Clear,Front to Rear,no,no,no,no,no,False
100962956,METROPOLITAN NASHVILLE POLICE DEPT,20150875373,Davidson,Nashville,9/18/2015 3:50:00 PM,2,1,0,36.038990,-86.782580,OLD HICKORY BLVD,,,,0.00,,,I65 N EXT RAMP,,,,0.00,Y,OTHER,N,Intersection,None,,,         ,Megan,Lamon,Clear,Front to Rear,no,no,no,no,yes,False
100962964,METROPOLITAN NASHVILLE POLICE DEPT,20150853716,Davidson,Nashville,9/11/2015 5:59:00 PM,2,0,0,36.184180,-86.798280,I 65,,,,0.00,,,,,,,85.30,N,Not at Intersection,N,Non-Junction,None,,,         ,Christopher,Kelly,Clear,Front to Rear,no,no,no,no,no,False
100962971,METROPOLITAN NASHVILLE POLICE DEPT,20150875532,Davidson,Nashville,9/18/2015 5:00:00 PM,2,0,0,36.153920,-86.787760,DEMONBREUN ST,,,,0.00,,,I40 W EXT RAMP,,,,0.00,Y,T-Intersection, ,,None,,,         ,Mikala,Moore,,,no,no,no,no,no,False
100962976,METROPOLITAN NASHVILLE POLICE DEPT,20150875562,Davidson,Nashville,9/18/2015 4:25:00 PM,2,0,0,36.143080,-86.666650,DONELSON PKE,,,,288.00,Feet,North,I40 W ENT RAMP,,,,0.00,N,Not at Intersection, ,Non-Junction,None,,,         ,Austin,Childress,Clear,Front to Rear,no,no,no,no,no,False
100962979,METROPOLITAN NASHVILLE POLICE DEPT,20150875578,Davidson,Nashville,9/18/2015 4:06:00 PM,2,0,0,36.165660,-86.761140,S 5TH ST,,,,0.00,,,SUMMER PL,,,,0.00,Y,Four-Way, ,Intersection,None,,,         ,Cressie,Prill,Clear,Angle,no,no,no,no,no,False
100962987,METROPOLITAN NASHVILLE POLICE DEPT,20150875613,Davidson,Nashville,9/18/2015 3:04:00 PM,2,0,0,36.206620,-86.777900,W TRINITY LN,,,,0.00,,,BRICK CHURCH PKE,,,,0.00,Y,Four-Way, ,Intersection,None,,,         ,Christopher,Kelly,Clear,Front to Rear,no,no,no,no,no,False
100963001,METROPOLITAN NASHVILLE POLICE DEPT,20150872099,Davidson,Nashville,9/18/2015 4:50:00 PM,3,1,0,36.121770,-86.804280,I 440,,,,0.00,,,,,,,2.85,N,Not at Intersection,N,Non-Junction,None,,,         ,Mark,Hatt,Clear,Front to Rear,no,no,no,no,yes,False
100963020,METROPOLITAN NASHVILLE POLICE DEPT,20150875757,Davidson,Nashville,9/18/2015 5:58:00 PM,2,0,0,36.142030,-86.711530,I 40,,,,0.00,,,,,,,214.10,N,Not at Intersection, ,Non-Junction,None,,,         ,George,Krukowski,Clear,Front to Rear,no,no,no,no,no,False
100963022,METROPOLITAN NASHVILLE POLICE DEPT,20150875769,Davidson,Nashville,9/18/2015 6:17:00 PM,2,1,0,36.127600,-86.712270,MURFREESBORO PKE,,,,306.00,Feet,East,PHILFRE CT,,,,0.00,N,Not at Intersection,N,Non-Junction,None,,,         ,Michael,Apsey,Clear,Front to Rear,no,no,no,no,no,False
100963038,METROPOLITAN NASHVILLE POLICE DEPT,20150875786,Davidson,Nashville,9/18/2015 5:49:00 PM,2,0,0,36.110960,-86.745900,THOMPSON LN,,,,0.00,,,ELIZABETH ST,,,,0.00,Y,T-Intersection, ,Intersection-Related,None,,,         ,Nicholas,Smith,Clear,Angle,no,no,no,no,no,False
100963040,METROPOLITAN NASHVILLE POLICE DEPT,2015-0875684,Davidson,Nashville,9/18/2015 5:47:00 PM,2,0,0,36.205890,-86.768610,E TRINITY LN,,,,0.00,Feet,East,DICKERSON PKE,,,,0.00,N,Not at Intersection, ,Non-Junction,None,,,         ,Anthony,Cavis,Clear,"Sideswipe, Same Direction",no,no,no,no,no,False