master_record_number,agency,agency_tracking_number,county,city,collision_date,vehicles_involved,number_injured,number_dead,latitude,longitude,roadway_name,roadway_suffix,roadway_number,roadway_local_id,distance_from_reference,miles-feet_indicator,direction_from_reference,intersection_road_name,intersection_road_name_suffix,intersection_road_number,intersection_local_id,mile_marker,intersection_indicator,intersect_type,interchange_related_indicator,relation_to_junction,work_zone_type,construction_maintenance_zone,construction_maintenance_zone_location,fatal_case_number,officer_first_name,officer_last_name,weather_condition(s),manner_of_crash,pedestrian,bicycle,scooter,parking,hitrun,mou
100963540,METROPOLITAN NASHVILLE POLICE DEPT,20150878181,Davidson,Nashville,9/19/2015 5:31:00 PM,2,0,0,36.184550,-86.634970,KOHLS PVT DR,,,,304.00,Feet,South,STONES RIV,,,,0.00,N,Not at Intersection,N,Non-Junction,None,,,         ,Bryan,Byrnes,Cloudy,"Sideswipe, Same Direction",no,no,no,yes,yes,False
100963543,METROPOLITAN NASHVILLE POLICE DEPT,2015-0877883,Davidson,Nashville,9/19/2015 3:13:00 PM,2,0,0,36.142980,-86.815040,WEST END AV,,,,259.00,Feet,South,30TH AVS,,,,0.00,N,Not at Intersection, ,Non-Junction,None,,,         ,Austin,Kendrick,Clear,Front to Rear,no,no,no,no,no,Campus
100963551,METROPOLITAN NASHVILLE POLICE DEPT,20150878226,Davidson,Nashville,9/19/2015 6:15:00 PM,2,0,0,36.150690,-86.767950,LAFAYETTE ST,,,,0.00,,,2ND AVS,,,,0.00,Y,OTHER, ,Intersection,None,,,         ,Benjamin,Smith,Clear,"Sideswipe, Same Direction",no,no,no,no,no,False
100963559,Nashville Airport Police,2015-02085,Davidson,Nashville,9/17/2015 3:32:00 PM,2,0,0,0.000000,0.000000,SHORT TERM PARKING LOT,,,,0.50,Miles,West,DONELSON PIKE,PIKE,SR255,,0.00,N,Not at Intersection, ,Non-Junction,None,,,         ,Delphia,Murphy,Clear,"Sideswipe, Same Direction",no,no,no,yes,no,False
100963561,METROPOLITAN NASHVILLE POLICE DEPT,20150875566,Davidson,Not in City Limit,9/18/2015 5:20:00 PM,2,2,0,36.263460,-86.684270,STATE RT 45,,,,0.00,,,LARKIN SPRINGS RD,,,,0.00,Y,T-Intersection,Y,Intersection,None,,,         ,Samuel,Miller,Clear,Angle,no,no,no,no,no,False
100963562,METROPOLITAN NASHVILLE POLICE DEPT,20150875609,Davidson,Not in City Limit,9/18/2015 5:20:00 PM,2,1,0,36.263600,-86.684270,STATE RT 45,,,,0.00,,,LARKIN SPRINGS RD,,,,0.00,Y,T-Intersection,Y,Intersection-Related,None,,,         ,Samuel,Miller,Clear,Front to Rear,no,no,no,no,no,False
100963563,METROPOLITAN NASHVILLE POLICE DEPT,20150875885,Davidson,Not in City Limit,9/18/2015 6:54:00 PM,2,0,0,36.263900,-86.712020,OLD TIME VILLAGE PVTDR,,,,111.00,Feet,West,GALLATIN PKEN,,,,0.00,N,Not at Intersection, ,,None,,,         ,Samuel,Miller,,,no,no,no,yes,no,False
100963564,METROPOLITAN NASHVILLE POLICE DEPT,20150877896,Davidson,Not in City Limit,9/19/2015 3:24:00 PM,2,1,0,36.273210,-86.714220,NESBITT LN,,,,58.00,Feet,West,NESBITT LN PVTDR,,,,0.00,N,Not at Intersection,N,Non-Junction,None,,,         ,Samuel,Miller,Cloudy,Front to Rear,no,no,no,no,no,False
100963566,METROPOLITAN NASHVILLE POLICE DEPT,20150878329,Davidson,Nashville,9/19/2015 7:14:00 PM,2,0,0,36.168030,-86.765860,I 24,,,,0.00,,,,,,,48.85,N,Not at Intersection, ,Non-Junction,None,,,         ,Mikala,Moore,Clear,"Sideswipe, Same Direction",no,no,no,no,yes,False
100963574,BERRY HILL POLICE DEPT,15-3743,Davidson,Berry Hill,9/18/2015 4:55:00 PM,2,0,0,36.112330,-86.767020,THOMPSON LN,,,,0.00,,,BRANSFORD AV,,,,0.00,Y,Four-Way, ,,None,,,         ,Larry,Carter,,,no,no,no,no,no,False
100963575,METROPOLITAN NASHVILLE POLICE DEPT,20150878026,Davidson,Nashville,9/19/2015 3:57:00 PM,2,0,0,36.068200,-86.719110,NOLENSVILLE PKE,,,,0.00,,,HAYWOOD LN,,,,0.00,Y,Four-Way, ,Intersection,None,,,         ,David,Collins,Clear,HeadOn,no,no,no,no,no,False
100963579,METROPOLITAN NASHVILLE POLICE DEPT,20150877775,Davidson,Nashville,9/19/2015 2:26:00 PM,3,2,0,36.157070,-86.708980,OMOHUNDRO DR,,,,5.00,Feet,North,LEBANON PKE,,,,0.00,N,Not at Intersection,N,Non-Junction,None,,,         ,Bradley,McIntyre,Clear,Front to Rear,no,no,no,no,no,False
100963583,METROPOLITAN NASHVILLE POLICE DEPT,20150878385,Davidson,Nashville,9/19/2015 7:48:00 PM,2,0,0,36.134280,-86.779090,WEDGEWOOD AV,,,,0.00,,,8TH AVS,,,,0.00,Y,Four-Way, ,Intersection,None,,,         ,Clyde,Stambaugh,Clear,Angle,no,no,no,no,no,False
100963602,METROPOLITAN NASHVILLE POLICE DEPT,20150878371,Davidson,Nashville,9/19/2015 7:35:00 PM,2,0,0,36.096150,-86.655630,US HWY 41,,,,0.00,,,SMITH SPRINGS RD,,,,0.00,Y,Four-Way, ,Intersection,None,,,         ,Josh,Baney,Clear,Angle,no,no,no,no,no,False
100963608,METROPOLITAN NASHVILLE POLICE DEPT,20150878499,Davidson,Nashville,9/19/2015 9:02:00 PM,2,0,0,36.134860,-86.784870,WEDGEWOOD AV,,,,0.00,,,10TH AVS,,,,0.00,Y,Four-Way, ,Intersection,None,,,         ,Clyde,Stambaugh,Clear,Angle,no,no,no,no,no,False
100963613,METROPOLITAN NASHVILLE POLICE DEPT,20150878133,Davidson,Nashville,9/19/2015 5:20:00 PM,2,1,0,36.166670,-86.764800,I 24,,,,0.00,,,,,,,48.95,N,Not at Intersection,N,Non-Junction,None,,,         ,Kimberly,Brown,Clear,Front to Rear,no,no,no,no,no,False
100963633,METROPOLITAN NASHVILLE POLICE DEPT,20150878169,Davidson,Nashville,9/19/2015 12:00:00 AM,1,1,0,36.175770,-86.771840,I 24,,,,0.00,,,,,,,48.00,N,Not at Intersection,N,Non-Junction,None,,,         ,Kevin,Coleman,Clear,Not Collision with Motor Vehicle in Transport,no,no,no,no,yes,False
100963634,METROPOLITAN NASHVILLE POLICE DEPT,20150878577,Davidson,Nashville,9/19/2015 9:29:00 PM,2,0,0,36.196860,-86.690070,OPRY MILLS DR,,,,0.00,,,BRILEY PKWY S ENT RAMP,,,,0.00,Y,Y-Intersection, ,Non-Junction,None,,,         ,Michael,Apsey,Clear,Front to Rear,no,no,no,no,no,False
100963641,METROPOLITAN NASHVILLE POLICE DEPT,20150878456,Davidson,Not in City Limit,9/19/2015 8:30:00 PM,1,0,0,36.301550,-86.883520,EATONS CREEK RD,,,,791.00,Feet,East,CLARKSVILLE PKE,,,,0.00,N,Not at Intersection,N,Non-Junction,None,,,         ,Christopher,Mackey,Clear,Not Collision with Motor Vehicle in Transport,no,no,no,no,no,False
100963645,METROPOLITAN NASHVILLE POLICE DEPT,20150878191,Davidson,Nashville,9/19/2015 5:15:00 PM,2,0,0,36.154450,-86.842330,46TH AVN,,,,0.00,Feet,,DELAWARE AV,,,,0.00,Y,Four-Way,N,Intersection-Related,None,,,         ,Marcus,Mitchell,Cloudy,"Sideswipe, Same Direction",no,no,no,no,yes,False
100963650,METROPOLITAN NASHVILLE POLICE DEPT,20150878567,Davidson,Nashville,9/19/2015 9:35:00 PM,2,0,0,36.067410,-86.631250,MURFREESBORO PKE,,,,0.00,,,FOREST VIEW DR,,,,0.00,Y,Four-Way, ,Intersection,None,,,         ,Rickie,Corman,Clear,Angle,no,no,no,no,yes,False
100963657,METROPOLITAN NASHVILLE POLICE DEPT,20150878235,Davidson,Nashville,9/19/2015 6:16:00 PM,4,4,0,36.145640,-86.752860,MURFREESBORO PKE,,,,100.00,Feet,West,LESTER AV,,,,0.00,N,Not at Intersection,N,Non-Junction,None,,,         ,Felipe,Pereira,Clear,HeadOn,no,no,no,no,no,False
100963665,METROPOLITAN NASHVILLE POLICE DEPT,20150878596,Davidson,Nashville,9/19/2015 9:52:00 PM,2,0,0,36.126730,-86.711010,THOMPSON PL,,,,25.00,Feet,East,MURFREESBORO PKE,,,,0.00,N,Not at Intersection,N,Non-Junction,None,,,         ,George,Krukowski,Clear,Front to Rear,no,no,no,no,no,False
100963667,METROPOLITAN NASHVILLE POLICE DEPT,20150870366,Davidson,Nashville,9/17/2015 6:20:00 AM,2,0,0,36.252780,-86.709920,MADISON BLVD,,,,0.00,,,WALNUT ST,,,,0.00,Y,Four-Way,N,Non-Junction,None,,,         ,Ryan,Russell,Clear,Angle,no,no,no,no,no,False
100963671,METROPOLITAN NASHVILLE POLICE DEPT,20150876938,Davidson,Nashville,9/19/2015 3:47:00 AM,2,0,0,36.150480,-86.770350,4TH AVS,,,,0.00,,,I40 E EXT RAMP,,,,0.00,Y,Four-Way,N,Intersection-Related,None,,,         ,Erik,Dabbs,Clear,Front to Rear,no,no,no,no,yes,False
100963681,METROPOLITAN NASHVILLE POLICE DEPT,20150878031,Davidson,Nashville,9/19/2015 4:20:00 PM,1,1,0,0.000000,0.000000,RANSOM,PL,,,0.00,,,MURFREESBORO,PIKE,,,0.00,Y,T-Intersection,N,Non-Junction,None,,,         ,Victoria,Cunningham,Clear,Not Collision with Motor Vehicle in Transport,yes,no,no,yes,no,False
100963706,METROPOLITAN NASHVILLE POLICE DEPT,20150878714,Davidson,Nashville,9/19/2015 9:50:00 PM,2,0,0,36.208650,-86.775730,-- UNKNOWN RAMP/ROAD --,,,,0.00,Feet,East,I 65,,,,0.00,N,Not at Intersection,N,Entrance/Exit Ramp Related,Construction Zone,Lane Shift-Crossover,Activity Area,         ,Ashley,Arnold,Clear,"Sideswipe, Same Direction",no,no,no,no,no,False
100963710,GOODLETTSVILLE POLICE DEPT,15-35399,Davidson,Goodlettsville,9/20/2015 12:02:00 AM,1,0,0,36.332804,-86.709235,,,I65,,100.00,Feet,North,,,,,97.20,N,Not at Intersection,N,Non-Junction,None,,,         ,Jeremy,Baker,Clear,Not Collision with Motor Vehicle in Transport,no,no,no,no,no,False
100963712,METROPOLITAN NASHVILLE POLICE DEPT,20150878835,Davidson,Nashville,9/20/2015 12:22:00 AM,2,3,0,36.161200,-86.792680,CHARLOTTE AV,,,,0.00,,,GEORGE L DAVIS BLVD,,,,0.00,Y,T-Intersection,Y,Entrance/Exit Ramp Related,None,,,         ,Brandon,Hicks,Clear,Angle,no,no,no,no,no,False
100963719,METROPOLITAN NASHVILLE POLICE DEPT,20150877064,Davidson,Nashville,9/19/2015 5:35:00 AM,1,1,0,36.119530,-86.718440,EAST THOMPSON LN,,,,248.00,Feet,North,CURREY RD,,,,0.00,N,Not at Intersection,N,Non-Junction,None,,,         ,Erik,Dabbs,Clear,Not Collision with Motor Vehicle in Transport,no,no,no,no,no,False
100963728,METROPOLITAN NASHVILLE POLICE DEPT,20150879075,Davidson,Nashville,9/20/2015 3:20:00 AM,1,0,0,36.129620,-86.839820,HARDING PKE,,,,86.00,Feet,West,VINE CT,,,,0.00,N,Not at Intersection,N,Non-Junction,None,,,         ,Autumn,Manning,Clear,Not Collision with Motor Vehicle in Transport,no,no,no,yes,yes,False
100963731,METROPOLITAN NASHVILLE POLICE DEPT,20150878931,Davidson,Nashville,9/20/2015 1:20:00 AM,1,0,0,36.060770,-86.903730,STATE HWY 254,,,,618.00,Feet,South,STATE HWY 100,,,,0.00,N,Not at Intersection,N,Non-Junction,None,,,         ,Ryan,McManman,Clear,Not Collision with Motor Vehicle in Transport,no,no,no,no,no,False
100963733,METROPOLITAN NASHVILLE POLICE DEPT,20150879179,Davidson,Nashville,9/20/2015 4:11:00 AM,2,0,0,36.138370,-86.726310,I24 W ENT RAMP,,,,0.00,,,I 24,,,,0.00,Y,Y-Intersection,N,Non-Junction,None,,,         ,richard,haley,Clear,"Sideswipe, Opposite Direction",no,no,no,no,yes,False
100963734,METROPOLITAN NASHVILLE POLICE DEPT,20150878750,Davidson,Nashville,9/19/2015 11:40:00 PM,2,0,0,36.165600,-86.812650,ALBION ST,,,,141.00,Feet,West,24TH AVN,,,,0.00,N,Not at Intersection,N,Non-Junction,None,,,         ,Alex,Marchak,Clear,Angle,no,no,no,no,no,False
100963737,METROPOLITAN NASHVILLE POLICE DEPT,20150878923,Davidson,Nashville,9/20/2015 12:27:00 AM,2,0,0,36.153390,-86.820880,CHARLOTTE AV,,,,0.00,,,31ST AVN,,,,0.00,Y,Four-Way,N,Non-Junction,None,,,         ,Harris,Smith,Clear,Angle,no,no,no,no,no,False
100963753,METROPOLITAN NASHVILLE POLICE DEPT,20150877712,Davidson,Nashville,9/19/2015 1:43:00 PM,2,0,0,36.110950,-86.745620,THOMPSON LN,,,,119.00,Feet,West,NOLENSVILLE PKE,,,,0.00,N,Not at Intersection,N,Non-Junction,None,,,         ,James,Smith,Clear,Other,no,no,no,no,no,False
100963760,METROPOLITAN NASHVILLE POLICE DEPT,20150878730,Davidson,Madison,9/19/2015 11:00:00 PM,2,0,0,36.263810,-86.711660,GALLATIN PKEN,,,,0.00,,,OLD TIME VILLAGE PVTDR,,,,0.00,Y,OTHER,N,Non-Junction,None,,,         ,Craig,Amabile,Clear,"Sideswipe, Opposite Direction",no,no,no,yes,yes,False
100963776,METROPOLITAN NASHVILLE POLICE DEPT,20150878896,Davidson,Goodlettsville,9/20/2015 12:53:00 AM,2,0,0,36.300730,-86.700950,RIVERGATE PKWY,,,,0.00,,,RIVERGATE MALL PVTDR,,,,0.00,Y,OTHER,N,Non-Junction,None,,,         ,Craig,Amabile,Clear,"Sideswipe, Same Direction",no,no,no,yes,no,False
100963778,METROPOLITAN NASHVILLE POLICE DEPT,20150879247,Davidson,Nashville,9/20/2015 6:56:00 AM,2,0,0,36.110590,-86.718080,BRILEY PKWYS,,,,450.00,Feet,East,BRILEY PKWYN,,,,0.00,N,Not at Intersection,N,Non-Junction,None,,,         ,Brian,Penny,Clear,Angle,no,no,no,no,no,False
100963783,METROPOLITAN NASHVILLE POLICE DEPT,20150879320,Davidson,Nashville,9/20/2015 7:03:00 AM,1,0,0,36.153450,-86.585800,S NEW HOPE RD,,,,0.00,,,SOUTHPORT CV,,,,0.00,,,N,Non-Junction,None,,,         ,Anthony,Venable,Clear,Not Collision with Motor Vehicle in Transport,no,no,no,no,no,False
100963796,METROPOLITAN NASHVILLE POLICE DEPT,20150879245,Davidson,Nashville,9/20/2015 6:30:00 AM,2,1,0,36.147710,-86.744380,I 40,,,,0.00,,,,,,,212.00,N,Not at Intersection,N,Non-Junction,None,,,         ,Mitchell,McClay,Clear,Front to Rear,no,no,no,no,yes,False
100963807,METROPOLITAN NASHVILLE POLICE DEPT,20150877465,Davidson,Antioch,9/19/2015 10:17:00 AM,2,0,0,36.026680,-86.577550,PIN OAK DR / PIN HOOK DR,,,,0.67,Miles,South,PIN HOOK RD,,,,0.00,,Not at Intersection, ,Non-Junction,None,,,         ,Megan,Arnett,Clear,Front to Rear,no,no,no,no,no,False
100963820,METROPOLITAN NASHVILLE POLICE DEPT,20150877751,Davidson,Nashville,9/19/2015 2:14:00 PM,2,1,0,36.150960,-86.854620,CHARLOTTE PKE,,,,59.00,Feet,West,CHARLOTTE AV,,,,0.00,N,Not at Intersection,N,Non-Junction,None,,,         ,Ryan,Burger,Clear,Front to Rear,no,no,no,no,no,False
100963833,METROPOLITAN NASHVILLE POLICE DEPT,20150870548,Davidson,Nashville,9/17/2015 9:00:00 AM,2,0,0,36.236270,-86.762720,I 65,,,,0.00,,,,,,,89.65,N,Not at Intersection, ,Non-Junction,Construction Zone,,,         ,Barrett,Teague,Clear,Front to Rear,no,no,no,no,no,False
100963835,METROPOLITAN NASHVILLE POLICE DEPT,20150879296,Davidson,Nashville,9/20/2015 12:00:00 AM,1,1,0,36.148070,-86.771200,OAK ST,,,,222.00,Feet,West,5TH AVS,,,,0.00,N,Not at Intersection,N,Unknown,None,,,         ,Leonard,Spadavecchia,Clear,Unknown,no,no,no,no,no,False
100963842,VANDERBILT UNIVERSITY POLICE,15-877755,Davidson,Nashville,9/19/2015 1:50:00 PM,2,0,0,36.146830,-86.805730,24TH AVS,,,,0.00,,,KENSINGTON PL,,,,0.00,Y,T-Intersection,N,Non-Junction,None,,,         ,Linda,Jennings,Clear,Other,no,no,no,no,yes,Campus
100963848,METROPOLITAN NASHVILLE POLICE DEPT,20150879407,Davidson,Madison,9/20/2015 9:15:00 AM,2,0,0,0.000000,0.000000,,,I1,,0.00,Feet,,OLD HICKORY BLVD,RDS,SR1,,0.00,Y,OTHER,Y,Entrance/Exit Ramp Related,None,,,         ,Jordan,Lowry,Clear,Front to Rear,no,no,no,no,no,False
100963854,METROPOLITAN NASHVILLE POLICE DEPT,2015-0879474,Davidson,Nashville,9/20/2015 9:45:00 AM,2,0,0,36.077140,-86.694700,I 24,,,,0.00,,,,,,,56.40,N,Not at Intersection,N,Non-Junction,None,,,         ,Stanley,Collins,Clear,"Sideswipe, Same Direction",no,no,no,no,yes,False
100963867,METROPOLITAN NASHVILLE POLICE DEPT,20150877729,Davidson,Nashville,9/19/2015 1:45:00 PM,3,0,0,36.134310,-86.726910,I24E,,,,69.00,Feet,East,I24 E ENT RAMP,,,,0.00,N,Not at Intersection,N,Non-Junction,None,,,         ,James,Thomas,Clear,Front to Rear,no,no,no,no,no,False
100963868,METROPOLITAN NASHVILLE POLICE DEPT,20150877698,Davidson,Nashville,9/19/2015 1:20:00 PM,3,0,0,36.164380,-86.782560,6TH AVN,,,,153.00,Feet,South,DEADERICK ST,,,,0.00,N,Not at Intersection,N,Non-Junction,None,,,         ,Erik,Nash,Clear,Front to Rear,no,no,no,no,yes,False
100963869,METROPOLITAN NASHVILLE POLICE DEPT,20150879312,Davidson,Nashville,9/20/2015 7:47:00 AM,1,0,0,36.174890,-86.765900,ELLINGTON PKWY N ENT RAMP,,,,0.00,,,SPRING ST,,,,0.00,Y,Y-Intersection,Y,Intersection-Related,None,,,         ,Jared,Eaves,Clear,Not Collision with Motor Vehicle in Transport,no,no,no,no,no,False
100963870,METROPOLITAN NASHVILLE POLICE DEPT,20150879384,Davidson,Nashville,9/20/2015 8:50:00 AM,2,0,0,36.171250,-86.750760,SHELBY AV,,,,0.00,,,S 11TH ST,,,,0.00,Y,Four-Way,N,Intersection,None,,,         ,Jared,Eaves,Clear,Angle,no,no,no,no,no,False
100963884,METROPOLITAN NASHVILLE POLICE DEPT,20150879505,Davidson,Nashville,9/20/2015 10:35:00 AM,1,0,0,36.068710,-86.707440,CHAMBERS DR,,,,105.00,Feet,North,HAYWOOD LN,,,,0.00,N,Not at Intersection,N,Non-Junction,None,,,         ,Roderic,Williams,Clear,Not Collision with Motor Vehicle in Transport,no,no,no,no,no,False
100963912,METROPOLITAN NASHVILLE POLICE DEPT,20150879563,Davidson,Not in City Limit,9/20/2015 11:31:00 AM,2,4,0,36.256340,-86.757930,DICKERSON PKE,,,,0.00,,,DUE WEST AVN,,,,0.00,Y,T-Intersection,N,Intersection,None,,,         ,Caleb,Foster,Clear,Angle,no,no,no,no,no,False
100963914,METROPOLITAN NASHVILLE POLICE DEPT,20150879580,Davidson,Nashville,9/20/2015 11:41:00 AM,2,1,0,36.159170,-86.776010,4TH AVS,,,,73.00,Feet,North,DEMONBREUN ST,,,,0.00,N,Not at Intersection,N,Non-Junction,None,,,         ,Joshua,Hollins,Clear,"Sideswipe, Same Direction",no,no,no,no,no,False
100963915,METROPOLITAN NASHVILLE POLICE DEPT,20150879673,Davidson,Nashville,9/20/2015 11:20:00 AM,1,0,0,36.238270,-86.783180,BRILEY PKWYW,,,,0.00,,,I24 W ENT RAMP,,,,0.00,Y,OTHER,N,Non-Junction,None,,,         ,Melvin,Brown III,Clear,Not Collision with Motor Vehicle in Transport,no,no,no,no,no,False
100963917,METROPOLITAN NASHVILLE POLICE DEPT,20150879633,Davidson,Nashville,9/20/2015 11:05:00 AM,3,0,0,36.250850,-86.718400,GALLATIN PKES,,,,60.00,Feet,North,MOVING CENTER CT,,,,0.00,N,Not at Intersection,N,Non-Junction,None,,,         ,Eric,Richardson,Clear,Front to Rear,no,no,no,no,yes,False
100963919,METROPOLITAN NASHVILLE POLICE DEPT,2015-0876136,Davidson,Nashville,9/18/2015 8:34:00 PM,2,0,0,36.146000,-86.813120,28TH AVN,,,,99.00,Feet,South,POSTON AV,,,,0.00,N,Not at Intersection,N,Non-Junction,None,,,         ,Austin,Kendrick,Clear,Angle,no,no,no,no,yes,Campus
100963920,METROPOLITAN NASHVILLE POLICE DEPT,20150879649,Davidson,Nashville,9/20/2015 12:35:00 PM,2,0,0,36.162140,-86.811860,24TH AVN,,,,0.00,,,HERMAN ST,,,,0.00,Y,Four-Way, ,Intersection-Related,None,,,         ,Ky,Luu,Clear,"Sideswipe, Same Direction",no,no,no,no,no,False
100963923,METROPOLITAN NASHVILLE POLICE DEPT,20150879647,Davidson,Madison,9/20/2015 12:54:00 PM,2,0,0,0.000000,0.000000,,,I65,,1.00,Miles,South,,,,,88.80,N,Not at Intersection, ,Non-Junction,Construction Zone,,,         ,Faye,Denson,Clear,Front to Rear,no,no,no,no,no,False
100963928,METROPOLITAN NASHVILLE POLICE DEPT,20150877569,Davidson,Nashville,9/19/2015 12:00:00 PM,2,3,0,36.134310,-86.726910,I24E,,,,69.00,Feet,East,I24 E ENT RAMP,,,,0.00,N,Not at Intersection,N,Non-Junction,None,,,         ,James,Thomas,Clear,Front to Rear,no,no,no,no,no,False
100963929,METROPOLITAN NASHVILLE POLICE DEPT,20150879664,Davidson,Nashville,9/20/2015 12:45:00 PM,2,0,0,36.133360,-86.726890,I24E,,,,69.00,Feet,East,I24 W EXT RAMP,,,,0.00,N,Not at Intersection,N,Non-Junction,None,,,         ,James,Thomas,Clear,Front to Rear,no,no,no,no,no,False
100963940,METROPOLITAN NASHVILLE POLICE DEPT,20150879713,Davidson,Nashville,9/20/2015 1:15:00 PM,2,0,0,36.082680,-86.765110,HARDING PL,,,,0.00,,,I65 S ENT RAMP,,,,0.00,Y,T-Intersection,N,Entrance/Exit Ramp Related,None,,,         ,James,Smith,Clear,Front to Rear,no,no,no,no,yes,False
100963947,METROPOLITAN NASHVILLE POLICE DEPT,2015-0879363,Davidson,Nashville,9/20/2015 12:00:00 AM,2,0,0,36.211590,-86.728280,HOWARD AV,,,,0.00,,,KATHERINE ST,,,,0.00,Y,OTHER,N,Non-Junction,None,,,         ,Eric,Knight,Unknown,"Sideswipe, Opposite Direction",no,no,no,no,no,False
100963955,METROPOLITAN NASHVILLE POLICE DEPT,20150879748,Davidson,Nashville,9/20/2015 1:50:00 PM,2,0,0,36.131700,-86.726910,I24E,,,,515.00,Feet,North,I24 W EXT RAMP,,,,0.00,N,Not at Intersection, ,Non-Junction,None,,,         ,Brian,Penny,Clear,Front to Rear,no,no,no,no,no,False
100963962,METROPOLITAN NASHVILLE POLICE DEPT,20150878514,Davidson,Nashville,9/19/2015 8:45:00 PM,2,0,0,36.211070,-86.775900,I 65,,,,0.00,,,,,,,87.65,N,Not at Intersection,N,Non-Junction,Construction Zone,Work On Shoulder Or Median,Advanced Warning Area,         ,Jarret,Sonnenberg,Clear,"Sideswipe, Same Direction",no,no,no,no,yes,False
100963969,METROPOLITAN NASHVILLE POLICE DEPT,20150879825,Davidson,Nashville,9/20/2015 1:20:00 PM,2,0,0,36.045430,-86.703610,OLD HICKORY BLVD,,,,0.00,,,EULALA DR,,,,0.00,Y,Four-Way, ,Intersection-Related,None,,,         ,Ian,Lynch,Clear,Front to Rear,no,no,no,no,no,False
100963973,METROPOLITAN NASHVILLE POLICE DEPT,20150856292,Davidson,Nashville,9/12/2015 8:16:00 PM,3,0,0,36.069130,-86.691310,HAYWOOD LN,,,,188.00,Feet,West,I24 E EXT RAMP,,,,0.00,N,Not at Intersection,N,Non-Junction,None,,,         ,Jared,Jenkins,Clear,Front to Rear,no,no,no,no,no,False
100963974,METROPOLITAN NASHVILLE POLICE DEPT,2015-0879834,Davidson,Nashville,9/20/2015 3:01:00 PM,2,0,0,36.120620,-86.790610,12TH AVS,,,,76.00,Feet,South,KIRKWOOD AV,,,,0.00,N,Not at Intersection, ,Non-Junction,None,,,         ,Austin,Kendrick,Clear,Front to Rear,no,no,no,no,no,False
100963983,METROPOLITAN NASHVILLE POLICE DEPT,20150879890,Davidson,Nashville,9/20/2015 3:35:00 PM,2,0,0,36.138560,-86.810010,BLAKEMORE AV,,,,257.00,Feet,East,NATCHEZ TRC,,,,0.00,N,Not at Intersection,N,Non-Junction,None,,,         ,Tien,Nguyen,Clear,Front to Rear,no,no,no,no,no,Campus
100963985,GOODLETTSVILLE POLICE DEPT,15-35334,Davidson,Goodlettsville,9/19/2015 2:10:00 PM,2,0,0,0.000000,0.000000,VIETNAM VETERANS BLVD,,SR386,,0.00,,,CONFERENCE DR.,,,,0.00,Y,T-Intersection, ,Intersection,None,,,         ,John,Spencer,Clear,Front to Rear,no,no,no,no,no,False
100963988,METROPOLITAN NASHVILLE POLICE DEPT,20150879306,Davidson,Nashville,9/20/2015 12:00:00 AM,2,0,0,36.071480,-86.664320,UNA ANTIOCH PKE,,,,0.00,,,APOLLO DR,,,,0.00,Y,OTHER,N,Non-Junction,None,,,         ,David,Simmonds,Clear,"Sideswipe, Opposite Direction",no,no,no,no,yes,False
100963993,METROPOLITAN NASHVILLE POLICE DEPT,20150879862,Davidson,Nashville,9/20/2015 3:30:00 PM,2,0,0,36.113400,-86.810970,HILLSBORO PKE,,,,202.00,Feet,South,WOODMONT BLVD,,,,0.00,N,Not at Intersection, ,Non-Junction,None,,,         ,Douglas,Sykes,Clear,Front to Rear,no,no,no,no,no,False
100964000,METROPOLITAN NASHVILLE POLICE DEPT,20150879893,Davidson,Nashville,9/20/2015 12:00:00 AM,1,0,0,36.245850,-86.779520,BRICK CHURCH PKE,,,,130.00,Feet,South,CHESAPEAKE DR,,,,0.00,N,Not at Intersection,N,Non-Junction,None,,,         ,Rodney,Phipps,Clear,Not Collision with Motor Vehicle in Transport,no,no,no,no,yes,False
100964002,METROPOLITAN NASHVILLE POLICE DEPT,2015-0878542,Davidson,Nashville,9/19/2015 9:20:00 PM,2,4,0,36.205890,-86.768610,E TRINITY LN,,,,0.00,Feet,East,DICKERSON PKE,,,,0.00,N,Not at Intersection,N,Non-Junction,None,,,         ,Anthony,Cavis,Clear,HeadOn,no,no,no,no,no,False
100964015,METROPOLITAN NASHVILLE POLICE DEPT,20150879982,Davidson,Nashville,9/20/2015 4:10:00 PM,2,0,0,36.175860,-86.772080,I 24,,,,0.00,,,,,,,48.00,N,Not at Intersection, ,Non-Junction,None,,,         ,Paul,Stein,Clear,Front to Rear,no,no,no,no,no,False
100964017,METROPOLITAN NASHVILLE POLICE DEPT,20150879740,Davidson,Nashville,9/20/2015 1:48:00 PM,2,4,0,36.066400,-86.717810,NOLENSVILLE PKE,,,,105.00,Feet,South,NORTHCREST DR,,,,0.00,N,Not at Intersection,N,Non-Junction,None,,,         ,David,Simmonds,Clear,Angle,no,no,no,no,no,False
100964021,METROPOLITAN NASHVILLE POLICE DEPT,20150880047,Davidson,Nashville,9/20/2015 4:30:00 PM,1,0,0,36.055310,-86.849780,CROMWELL DR,,,,194.00,Feet,North,MELBOURNE DR,,,,0.00,N,Not at Intersection,N,Non-Junction,None,,,         ,Eric,Burford,Clear,Not Collision with Motor Vehicle in Transport,no,no,no,no,no,False