master_record_number,agency,agency_tracking_number,county,city,collision_date,vehicles_involved,number_injured,number_dead,latitude,longitude,roadway_name,roadway_suffix,roadway_number,roadway_local_id,distance_from_reference,miles-feet_indicator,direction_from_reference,intersection_road_name,intersection_road_name_suffix,intersection_road_number,intersection_local_id,mile_marker,intersection_indicator,intersect_type,interchange_related_indicator,relation_to_junction,work_zone_type,construction_maintenance_zone,construction_maintenance_zone_location,fatal_case_number,officer_first_name,officer_last_name,weather_condition(s),manner_of_crash,pedestrian,bicycle,scooter,parking,hitrun,mou
100964025,METROPOLITAN NASHVILLE POLICE DEPT,20150879776,Davidson,Antioch,9/20/2015 2:14:00 PM,2,4,0,0.000000,0.000000,BELL,RD,,,200.00,Feet,East,HICKORY HOLLOW,PKWY,,,0.00,N,Not at Intersection,N,Non-Junction,None,,,         ,Josh,Baney,Clear,Front to Rear,no,no,no,no,no,False
100964033,METROPOLITAN NASHVILLE POLICE DEPT,20150879815,Davidson,Nashville,9/20/2015 2:30:00 PM,2,1,0,36.133320,-86.726890,I24E,,,,70.00,Feet,East,I24 W EXT RAMP,,,,0.00,N,Not at Intersection,Y,Non-Junction,None,,,         ,Rickie,Corman,Clear,Front to Rear,no,no,no,no,no,False
100964036,METROPOLITAN NASHVILLE POLICE DEPT,20150879812,Davidson,Nashville,9/20/2015 2:00:00 PM,2,0,0,36.144900,-86.765370,3RD AVS,,,,196.00,Feet,South,4TH AVS,,,,0.00,N,Not at Intersection, ,Non-Junction,None,,,         ,Jacob,Masteller,Clear,"Sideswipe, Same Direction",no,no,no,no,no,False
100964037,METROPOLITAN NASHVILLE POLICE DEPT,20150880105,Davidson,Nashville,9/20/2015 5:10:00 PM,2,0,0,36.150760,-86.768170,LAFAYETTE ST,,,,68.00,Feet,West,2ND AVS,,,,0.00,N,Not at Intersection, ,Non-Junction,None,,,         ,Jacob,Masteller,Clear,Front to Rear,no,no,no,no,no,False
100964040,METROPOLITAN NASHVILLE POLICE DEPT,20150880092,Davidson,Nashville,9/20/2015 2:15:00 PM,2,0,0,36.105940,-86.672520,MURFREESBORO PKE,,,,187.00,Feet,East,DONELSON PKE,,,,0.00,N,Not at Intersection, ,Non-Junction,None,,,         ,Jonathan,Frith,Clear,"Sideswipe, Same Direction",no,no,no,no,yes,False
100964042,METROPOLITAN NASHVILLE POLICE DEPT,20150879972,Davidson,Nashville,9/20/2015 4:11:00 PM,2,0,0,36.131840,-86.727200,I 24,,,,0.00,,,,,,,51.05,N,Not at Intersection, ,,None,,,         ,Tamara,Zurawski,,,no,no,no,no,no,False
100964063,METROPOLITAN NASHVILLE POLICE DEPT,20150879899,Davidson,Nashville,9/20/2015 12:00:00 AM,2,0,0,36.133320,-86.726890,I24E,,,,70.00,Feet,East,I24 W EXT RAMP,,,,0.00,N,Not at Intersection,Y,Non-Junction,None,,,         ,Rickie,Corman,Clear,Front to Rear,no,no,no,no,no,False
100964071,METROPOLITAN NASHVILLE POLICE DEPT,20150880000,Davidson,Nashville,9/20/2015 3:00:00 PM,2,0,0,36.090520,-86.627240,SMITH SPRINGS RD,,,,229.00,Feet,West,BELL RD,,,,0.00,N,Not at Intersection, ,Non-Junction,None,,,         ,Colby,Mathis,Clear,Front to Rear,no,no,no,no,no,False
100964077,GOODLETTSVILLE POLICE DEPT,15-35450,Davidson,Goodlettsville,9/20/2015 5:27:00 PM,1,2,0,36.310595,-86.716250,DICKERSON,PIKE,US41,,100.00,Feet,West,DICKERSON,PIKE,US41,,0.00,N,Not at Intersection,N,Non-Junction,None,,,         ,Brian,Hajdu,Cloudy,Not Collision with Motor Vehicle in Transport,no,no,no,yes,no,False
100964078,METROPOLITAN NASHVILLE POLICE DEPT,20150880140,Davidson,Nashville,9/20/2015 5:20:00 PM,2,0,0,36.088610,-86.688220,EZELL PKE,,,,299.00,Feet,North,CORRECTIONS CENTER PVTDR,,,,0.00,N,Not at Intersection,N,Non-Junction,None,,,         ,Jarret,Sonnenberg,Clear,Front to Rear,no,no,no,no,no,False
100964084,METROPOLITAN NASHVILLE POLICE DEPT,20150880218,Davidson,Not in City Limit,9/20/2015 4:00:00 PM,2,0,0,36.112320,-86.929630,CHARLOTTE PKE PVTDR,,,,0.00,,,CHARLOTTE PKE,,,,0.00,Y,Four-Way, ,,None,,,         ,Michael,Russell,,,no,no,no,no,no,False
100964091,Nashville Airport Police,2015-02107,Davidson,Nashville,9/19/2015 3:40:00 PM,2,0,0,36.139000,-86.665800,DONELSON PKE,,,,0.00,,,I40 E ENT RAMP,,,,0.00,Y,T-Intersection,N,Intersection-Related,None,,,         ,Christopher,Kullman,Clear,Angle,no,no,no,no,no,False
100964104,METROPOLITAN NASHVILLE POLICE DEPT,20150880225,Davidson,Nashville,9/20/2015 6:18:00 PM,2,1,0,36.136160,-86.788670,WEDGEWOOD AV,,,,0.00,,,12TH AVS,,,,0.00,Y,Four-Way,N,Intersection-Related,None,,,         ,Tien,Nguyen,Clear,Angle,no,no,no,no,no,False
100964121,METROPOLITAN NASHVILLE POLICE DEPT,20150880469,Davidson,Nashville,9/20/2015 8:22:00 PM,2,0,0,36.172590,-86.762800,S 6TH ST,,,,0.00,,,WOODLAND ST,,,,0.00,Y,Four-Way,N,Intersection,None,,,         ,Kimberly,Brown,Clear,Angle,no,no,no,no,no,False
100964124,METROPOLITAN NASHVILLE POLICE DEPT,20150880181,Davidson,Nashville,9/20/2015 5:47:00 PM,2,0,0,36.138900,-86.822750,I440 E EXT RAMP,,,,0.00,,,I 440,,,,0.00,Y,T-Intersection, ,Entrance/Exit Ramp Related,None,,,         ,Tien,Nguyen,Clear,Front to Rear,no,no,no,no,yes,False
100964136,METROPOLITAN NASHVILLE POLICE DEPT,20150871758,Davidson,Nashville,9/17/2015 3:42:00 PM,2,0,0,36.063920,-86.717110,NOLENSVILLE PKE,,,,373.00,Feet,North,FAIRLANE DR,,,,0.00,N,Not at Intersection,N,Non-Junction,None,,,         ,Jared,Jenkins,Clear,Angle,no,no,no,no,no,False
100964139,METROPOLITAN NASHVILLE POLICE DEPT,20150880018,Davidson,Nashville,9/20/2015 4:30:00 PM,2,0,0,36.131840,-86.727200,I 24,,,,0.00,,,,,,,51.05,N,Not at Intersection,N,Non-Junction,None,,,         ,Tamara,Zurawski,Clear,Front to Rear,no,no,no,no,no,False
100964147,METROPOLITAN NASHVILLE POLICE DEPT,20150880569,Davidson,Nashville,9/20/2015 9:28:00 PM,2,0,0,36.154630,-86.779160,8TH AVS,,,,0.00,,,LAFAYETTE ST,,,,0.00,Y,Roundabout,Y,Intersection,None,,,         ,Benjamin,Smith,Clear,Angle,no,no,no,no,no,False
100964149,METROPOLITAN NASHVILLE POLICE DEPT,20150880510,Davidson,Nashville,9/20/2015 8:56:00 PM,2,0,0,36.210220,-86.776010,I 65,,,,0.00,,,,,,,87.60,N,Not at Intersection,N,Non-Junction,None,,,         ,Ethan,Luffman,Clear,Not Collision with Motor Vehicle in Transport,no,no,no,no,no,False
100964150,METROPOLITAN NASHVILLE POLICE DEPT,20150880559,Davidson,Nashville,9/20/2015 9:40:00 PM,2,0,0,36.143770,-86.689500,I 40,,,,0.00,,,,,,,215.30,N,Not at Intersection, ,Non-Junction,None,,,         ,John,Kelley,Clear,Front to Rear,no,no,no,no,no,False
100964151,METROPOLITAN NASHVILLE POLICE DEPT,20150880547,Davidson,Nashville,9/20/2015 7:45:00 PM,2,0,0,36.167600,-86.762220,S 5TH ST,,,,0.00,,,SHELBY AV,,,,0.00,Y,Four-Way, ,Intersection,None,,,         ,Robert,Croteau,Clear,Angle,no,no,no,no,yes,False
100964155,METROPOLITAN NASHVILLE POLICE DEPT,20150880423,Davidson,Nashville,9/20/2015 8:00:00 PM,2,0,0,36.153300,-86.772180,ELM ST,,,,0.00,,,4TH AVS,,,,0.00,Y,Four-Way, ,,None,,,         ,Tyler,Hutton,,,no,no,no,no,no,False
100964156,METROPOLITAN NASHVILLE POLICE DEPT,20150866752,Davidson,Nashville,9/20/2015 6:10:00 AM,2,0,0,36.192320,-86.616300,JUAREZ DR,,,,0.00,,,OLD HICKORY BLVD,,,,0.00,Y,Four-Way,N,Intersection,None,,,         ,Roy,McElwee,Clear,HeadOn,no,no,no,no,no,False
100964157,METROPOLITAN NASHVILLE POLICE DEPT,20150880261,Davidson,Nashville,9/20/2015 6:25:00 PM,1,0,0,36.082700,-86.630560,SAILBOAT DR,,,,0.00,,,,,,,0.00,,,N,Non-Junction,None,,,         ,Codey,Mullins,Clear,Not Collision with Motor Vehicle in Transport,no,no,no,no,no,False
100964159,METROPOLITAN NASHVILLE POLICE DEPT,20150880137,Davidson,Nashville,9/20/2015 6:20:00 PM,1,0,0,36.141720,-86.713340,I 40,,,,0.00,,,,,,,214.00,N,Not at Intersection, ,Non-Junction,None,,,         ,Thomas,Barnes,Clear,Not Collision with Motor Vehicle in Transport,no,no,no,no,no,False
100964161,METROPOLITAN NASHVILLE POLICE DEPT,20150878722,Davidson,Nashville,9/19/2015 11:25:00 PM,2,0,0,36.086700,-86.700670,I 24,,,,0.00,,,,,,,55.70,N,Not at Intersection,N,Non-Junction,None,,,         ,Kevin,Breeding,Clear,"Sideswipe, Same Direction",no,no,no,no,yes,False
100964166,METROPOLITAN NASHVILLE POLICE DEPT,20150880463,Davidson,Nashville,9/20/2015 8:28:00 PM,2,0,0,36.071870,-86.636180,MURFREESBORO PKE,,,,0.00,,,BELL RD,,,,0.00,Y,Four-Way,N,Intersection,None,,,         ,Josh,Baney,Clear,HeadOn,no,no,no,no,no,False
100964177,METROPOLITAN NASHVILLE POLICE DEPT,20150880648,Davidson,Nashville,9/20/2015 9:36:00 PM,2,0,0,36.176760,-86.772820,SPRING ST,,,,0.00,,,I24 E ENT RAMP,,,,0.00,Y,OTHER,N,Intersection-Related,None,,,         ,Richard,Hyatt,Clear,Front to Rear,no,no,no,no,no,False
100964186,METROPOLITAN NASHVILLE POLICE DEPT,20150880773,Davidson,Madison,9/20/2015 11:00:00 PM,2,0,0,36.256930,-86.738280,I 65,,,,0.00,,,,,,,91.75,N,Not at Intersection,N,Non-Junction,None,,,         ,Ryan,Russell,Clear,"Sideswipe, Same Direction",no,no,no,no,yes,False
100964201,METROPOLITAN NASHVILLE POLICE DEPT,20150880725,Davidson,Nashville,9/20/2015 11:51:00 PM,2,0,0,36.232270,-86.787320,EWING DR,,,,871.00,Feet,East,EWING LN,,,,0.00,N,Not at Intersection, ,,None,,,         ,Chad,Brown,,,no,no,no,no,no,False
100964203,METROPOLITAN NASHVILLE POLICE DEPT,20150880741,Davidson,Nashville,9/21/2015 12:02:00 AM,1,1,0,36.155010,-86.830100,I 40,,,,0.00,,,,,,,205.50,N,Not at Intersection,N,Non-Junction,None,,,         ,Shane,McCormick,Clear,Not Collision with Motor Vehicle in Transport,no,no,no,no,yes,False
100964206,METROPOLITAN NASHVILLE POLICE DEPT,20150879143,Davidson,Nashville,9/20/2015 2:50:00 AM,2,0,0,36.148740,-86.798860,DIVISION ST,,,,200.00,Feet,West,20TH AVS,,,,0.00,N,Not at Intersection,N,Non-Junction,None,,,         ,Jason,Dudley,Clear,Front to Rear,no,no,no,no,yes,Campus
100964207,METROPOLITAN NASHVILLE POLICE DEPT,20150880670,Davidson,Nashville,9/20/2015 11:20:00 PM,2,0,0,36.152300,-86.797450,WEST END AV,,,,0.00,,,19TH AVN,,,,0.00,Y,Four-Way, ,Intersection,None,,,         ,Jason,Dudley,Clear,"Sideswipe, Same Direction",no,no,no,no,no,False
100964208,METROPOLITAN NASHVILLE POLICE DEPT,20150878936,Davidson,Nashville,9/20/2015 12:25:00 AM,2,0,0,36.034510,-86.642770,I 24,,,,0.00,,,,,,,60.60,N,Not at Intersection,N,Non-Junction,None,,,         ,David,Moser,Cloudy,Not Collision with Motor Vehicle in Transport,no,no,no,no,no,False
100964214,METROPOLITAN NASHVILLE POLICE DEPT,20150880968,Davidson,Nashville,9/21/2015 2:35:00 AM,1,0,0,36.188540,-86.614340,OLD HICKORY BLVD,,,,1510.00,Feet,South,HERMITAGE MARKETPLACE PVTDR,,,,0.00,N,Not at Intersection,N,Non-Junction,None,,,         ,Gregory,Dixon,Clear,Not Collision with Motor Vehicle in Transport,no,no,no,no,yes,False
100964223,METROPOLITAN NASHVILLE POLICE DEPT,20150881049,Davidson,Nashville,9/21/2015 3:35:00 AM,2,0,0,36.145740,-86.764720,2ND AVS,,,,0.00,,,CHESTNUT ST,,,,0.00,Y,Four-Way,N,Intersection,None,,,         ,richard,haley,Clear,Angle,no,no,no,no,no,False
100964235,METROPOLITAN NASHVILLE POLICE DEPT,20150878712,Davidson,Nashville,9/19/2015 8:14:00 PM,2,0,0,36.126250,-86.711910,EAST THOMPSON LN,,,,313.00,Feet,West,THOMPSON PL,,,,0.00,N,Not at Intersection, ,Non-Junction,None,,,         ,Erik,Dabbs,Clear,Angle,no,no,no,yes,yes,False
100964245,METROPOLITAN NASHVILLE POLICE DEPT,20150881203,Davidson,Nashville,9/21/2015 5:51:00 AM,1,0,0,36.236220,-86.627320,OLD HICKORY BLVD,,,,0.00,,,FIELDS DR,,,,0.00,Y,OTHER, ,Non-Junction,None,,,         ,Roy,McElwee,Clear,Not Collision with Motor Vehicle in Transport,no,no,no,no,no,False
100964246,METROPOLITAN NASHVILLE POLICE DEPT,20150881193,Davidson,Nashville,9/21/2015 5:35:00 AM,2,0,0,36.044860,-86.670430,BELL RD,,,,0.00,,,HICKORY PARK DR,,,,0.00,Y,T-Intersection, ,Intersection,None,,,         ,Dale,Dameron,Cloudy,Angle,no,no,no,no,no,False
100964247,METROPOLITAN NASHVILLE POLICE DEPT,2015-0877771,Davidson,Nashville,9/19/2015 1:50:00 PM,2,0,0,36.171570,-86.688490,BRILEY PKWYN,,,,0.00,,East,BRILEY PKWY N ENT RAMP,,,,0.00,N,Not at Intersection, ,Non-Junction,None,,,         ,Brandon,Wood,Clear,Front to Rear,no,no,no,no,no,False
100964248,Metro Park Police,20150864077,Davidson,Nashville,9/15/2015 12:15:00 PM,1,0,0,36.146970,-86.815020,BURCH AV,,,,0.00,,,29TH AVN,,,,0.00,Y,OTHER, ,Non-Junction,None,,,         ,Aubrey,"Whitworth, Jr.",Clear,Not Collision with Motor Vehicle in Transport,no,no,no,no,no,False
100964250,METROPOLITAN NASHVILLE POLICE DEPT,20150874720,Davidson,Nashville,9/18/2015 12:09:00 PM,2,0,0,36.046030,-86.713340,NOLENSVILLE PKE,,,,244.00,Feet,North,OLD HICKORY BLVD,,,,0.00,N,Not at Intersection,N,Non-Junction,None,,,         ,Nathan,Kemp,Clear,Angle,no,no,no,no,no,False
100964251,METROPOLITAN NASHVILLE POLICE DEPT,20150874919,Davidson,Nashville,9/18/2015 1:17:00 PM,2,1,0,36.095580,-86.825400,HILLSBORO PKE,,,,0.00,,,BURTON HILLS BLVD,,,,0.00,Y,T-Intersection,N,Intersection,None,,,         ,Nathan,Kemp,Clear,Angle,no,no,no,no,no,False
100964260,METROPOLITAN NASHVILLE POLICE DEPT,2015-0881279,Davidson,Not in City Limit,9/21/2015 6:50:00 AM,2,0,0,36.077960,-86.996060,I 40,,,,0.00,,,,,,,193.85,N,Not at Intersection,N,Non-Junction,None,,,         ,Curtis,Rich,Cloudy,Front to Rear,no,no,no,no,no,False
100964261,METROPOLITAN NASHVILLE POLICE DEPT,20150879699,Davidson,Nashville,9/20/2015 2:32:00 PM,1,0,0,36.137850,-86.857710,KNOB RD,,,,0.00,,,WHITE BRIDGE PKE,,,,0.00,Y,Four-Way,N,Intersection-Related,None,,,         ,Corteze,Armstrong,Clear,Not Collision with Motor Vehicle in Transport,no,no,no,no,no,False
100964264,BERRY HILL POLICE DEPT,15-3695,Davidson,Nashville,9/16/2015 5:20:00 PM,2,0,0,36.111280,-86.756460,THOMPSON LN,,,,368.00,Feet,West,SIDCO DR,,,,0.00,N,Not at Intersection, ,,None,,,         ,John,Gleixner,,,no,no,no,no,no,False
100964267,METROPOLITAN NASHVILLE POLICE DEPT,20150881285,Davidson,Nashville,9/21/2015 6:45:00 AM,3,1,0,36.158810,-86.798160,17TH AVN,,,,0.00,Feet,,CHARLOTTE AV,,,,0.00,Y,Four-Way,Y,Intersection-Related,None,,,         ,Ky,Luu,Cloudy,Front to Rear,no,no,no,no,no,False
100964268,METROPOLITAN NASHVILLE POLICE DEPT,20150881319,Davidson,Nashville,9/20/2015 10:00:00 PM,1,0,0,36.102110,-86.747860,DRAKE AV,,,,0.00,,,LOUISE DR,,,,0.00,Y,T-Intersection, ,Intersection,None,,,         ,Leonard,Spadavecchia,Clear,Not Collision with Motor Vehicle in Transport,no,no,no,yes,yes,False
100964273,METROPOLITAN NASHVILLE POLICE DEPT,2015-0881372,Davidson,Nashville,9/21/2015 7:45:00 AM,2,0,0,36.051430,-86.885470,OLD HICKORY BLVD,,,,0.00,,,EDINBURGH DR,,,,0.00,Y,Four-Way, ,Intersection,None,,,         ,Curtis,Rich,Clear,Angle,no,no,no,no,no,False
100964289,METROPOLITAN NASHVILLE POLICE DEPT,20150881348,Davidson,Nashville,9/21/2015 7:26:00 AM,5,0,0,36.065530,-86.774250,FRANKLIN PKE,,,,279.00,Feet,South,HOGAN RD,,,,0.00,N,Not at Intersection,N,Non-Junction,None,,,         ,Nathan,Kemp,Clear,Front to Rear,no,no,no,no,no,False
100964296,METROPOLITAN NASHVILLE POLICE DEPT,20150881363,Davidson,Nashville,9/21/2015 7:29:00 AM,2,0,0,36.149640,-86.773350,I 40,,,,0.00,,,,,,,210.20,N,Not at Intersection, ,Non-Junction,None,,,         ,Joshua,Hollins,Clear,Front to Rear,no,no,no,no,no,False
100964297,METROPOLITAN NASHVILLE POLICE DEPT,2015-0881401,Davidson,Nashville,9/21/2015 7:45:00 AM,2,0,0,36.177560,-86.749950,WOODLAND ST,,,,0.00,,,N 11TH ST,,,,0.00,Y,Five Point Or More, ,,None,,,         ,Alex,Moore,,,no,no,no,no,no,False
100964298,METROPOLITAN NASHVILLE POLICE DEPT,20150881362,Davidson,Nashville,9/21/2015 7:28:00 AM,2,0,0,36.051860,-86.775160,I 65,,,,0.00,,,,,,,74.65,N,Not at Intersection,N,Non-Junction,None,,,         ,Reuben,Hewit,Cloudy,Front to Rear,no,no,no,no,no,False
100964303,BERRY HILL POLICE DEPT,15-3744,Davidson,Berry Hill,9/18/2015 12:00:00 AM,2,0,0,36.112090,-86.764620,THOMPSON LN,,,,338.00,Feet,South,DOGWOOD PL,,,,0.00,N,Not at Intersection, ,Non-Junction,None,,,         ,John,Gleixner,Clear,Rear to Rear,no,no,no,yes,yes,False
100964310,METROPOLITAN NASHVILLE POLICE DEPT,15-0881321,Davidson,Nashville,9/21/2015 7:09:00 AM,2,0,0,36.170060,-86.778860,1ST AVN,,,,216.00,Feet,North,GAY ST,,,,0.00,N,Not at Intersection, ,,None,,,         ,Frank,Campbell,,,no,no,no,no,no,False
100964315,METROPOLITAN NASHVILLE POLICE DEPT,20150881518,Davidson,Nashville,9/21/2015 8:22:00 AM,1,0,0,36.193410,-86.753840,DOUGLAS AV,,,,161.00,Feet,West,ELLINGTON PKWY S EXT RAMP,,,,0.00,N,Not at Intersection,N,Non-Junction,None,,,         ,Dontaveous,Eubanks,Clear,Not Collision with Motor Vehicle in Transport,no,no,no,no,no,False
100964334,METROPOLITAN NASHVILLE POLICE DEPT,2015-0881433,Davidson,Nashville,9/21/2015 7:39:00 AM,2,0,0,36.044620,-86.659470,I24 E ENT RAMP,,,,0.00,,,I 24,,,,0.00,Y,OTHER, ,Entrance/Exit Ramp Related,None,,,         ,Stanley,Collins,Clear,Angle,no,no,no,no,no,False
100964343,METROPOLITAN NASHVILLE POLICE DEPT,20150881492,Davidson,Not in City Limit,9/21/2015 7:45:00 AM,2,0,0,36.011080,-86.702690,NOLENSVILLE PKE,,,,0.00,,,LENOX CREEKSIDE DR,,,,0.00,Y,T-Intersection, ,Intersection,None,,,         ,Todd,Watson,Unknown,Angle,no,no,no,no,no,False
100964344,METROPOLITAN NASHVILLE POLICE DEPT,20150881419,Davidson,Nashville,9/21/2015 7:48:00 AM,2,1,0,36.143960,-86.690780,I 40,,,,0.00,,,,,,,215.25,N,Not at Intersection,N,Non-Junction,None,,,         ,James,Curtis,Cloudy,Front to Rear,no,no,no,no,no,False
100964348,METROPOLITAN NASHVILLE POLICE DEPT,20150881584,Davidson,Nashville,9/21/2015 8:44:00 AM,2,1,0,36.059580,-86.641060,CAMBRIDGE APTS PVTDR,,,,0.00,,,BELL RD,,,,0.00,Y,T-Intersection,N,Non-Junction,None,,,         ,Tyler,McDaniel,Clear,Front to Rear,no,no,no,yes,no,False
100964351,METROPOLITAN NASHVILLE POLICE DEPT,20150881556,Davidson,Nashville,9/21/2015 7:41:00 AM,2,0,0,36.059240,-86.622380,MURFREESBORO PKE,,,,0.51,Miles,South,HAMILTON CHURCH RD,,,,0.00,N,Not at Intersection, ,,None,,,         ,Kenneth,Alexandrow,,,no,no,no,no,no,False
100964353,METROPOLITAN NASHVILLE POLICE DEPT,20150881281,Davidson,Not in City Limit,9/21/2015 6:30:00 AM,2,4,0,36.316280,-86.876580,OLD CLARKSVILLE PKE,,,,0.00,,,EATONS CREEK RD,,,,0.00,Y,Four-Way,N,Intersection,None,,,         ,Clint,Gilleland,Clear,Angle,no,no,no,no,no,False
100964363,METROPOLITAN NASHVILLE POLICE DEPT,20150881463,Davidson,Nashville,9/21/2015 8:00:00 AM,3,0,0,36.086830,-86.695940,S PERIMETER PARK DR,,,,0.00,,,STATE HWY 255,,,,0.00,Y,Four-Way, ,Intersection,None,,,         ,Ernesto,Holiday,Cloudy,Front to Rear,no,no,no,no,no,False
100964365,METROPOLITAN NASHVILLE POLICE DEPT,20150881393,Davidson,Nashville,9/21/2015 7:42:00 AM,2,0,0,36.126570,-86.848620,WHITE BRIDGE CNCTR,,,,685.00,Feet,West,KENNER AV,,,,0.00,N,Not at Intersection, ,Non-Junction,None,,,         ,Corteze,Armstrong,Clear,Angle,no,no,no,no,no,False
100964373,METROPOLITAN NASHVILLE POLICE DEPT,20150881693,Davidson,Nashville,9/21/2015 9:33:00 AM,1,0,0,36.108780,-86.720230,I24 W EXT RAMP,,,,0.00,Feet,East,I 24,,,,0.00,N,Not at Intersection,Y,Entrance/Exit Ramp Related,None,,,         ,Kevin,Caperton,Cloudy,Not Collision with Motor Vehicle in Transport,no,no,no,no,no,False
100964374,METROPOLITAN NASHVILLE POLICE DEPT,20150881845,Davidson,Nashville,9/21/2015 10:25:00 AM,2,0,0,36.105400,-86.814190,HILLSBORO PKE,,,,189.00,Feet,South,ABBOTT MARTIN RD,,,,0.00,N,Not at Intersection,N,Non-Junction,None,,,         ,Nathan,Kemp,Clear,Angle,no,no,no,no,no,False
100964375,METROPOLITAN NASHVILLE POLICE DEPT,20150881797,Davidson,Nashville,9/21/2015 10:11:00 AM,2,1,0,36.082100,-86.761700,I65 N EXT RAMP,,,,0.00,,,HARDING PL,,,,0.00,Y,Four-Way,N,Entrance/Exit Ramp Related,None,,,         ,Nathan,Kemp,Clear,Front to Rear,no,no,no,no,no,False
100964379,METROPOLITAN NASHVILLE POLICE DEPT,20150881472,Davidson,Madison,9/21/2015 8:09:00 AM,3,2,0,36.258230,-86.738450,I 65,,,,0.00,,,,,,,91.80,N,Not at Intersection,N,Non-Junction,None,,,         ,Barrett,Teague,Clear,Front to Rear,no,no,no,no,no,False
100964380,METROPOLITAN NASHVILLE POLICE DEPT,2015-0881793,Davidson,Nashville,9/21/2015 9:48:00 AM,1,0,0,36.058740,-86.683320,BARELLA DR,,,,137.00,Feet,South,SANTEE CT,,,,0.00,N,Not at Intersection,N,Non-Junction,None,,,         ,Stanley,Collins,Clear,Not Collision with Motor Vehicle in Transport,no,no,no,no,yes,False
100964382,GOODLETTSVILLE POLICE DEPT,15-35526,Davidson,Goodlettsville,9/21/2015 9:53:00 AM,2,0,0,36.329360,-86.707910,I 65,,,,0.00,,,,,,,97.40,N,Not at Intersection, ,Non-Junction,None,,,         ,Benny,Alexander,Cloudy,Front to Rear,no,no,no,no,no,False
100964384,METROPOLITAN NASHVILLE POLICE DEPT,20150881333,Davidson,Nashville,9/21/2015 7:10:00 AM,1,0,0,36.102730,-86.741030,NOLENSVILLE PKE,,,,39.00,Feet,North,THUSS AV,,,,0.00,N,Not at Intersection,N,Non-Junction,None,,,         ,James,Thomas,Clear,Not Collision with Motor Vehicle in Transport,no,no,no,no,no,False
100964386,METROPOLITAN NASHVILLE POLICE DEPT,20150881731,Davidson,Madison,9/21/2015 9:30:00 AM,2,0,0,36.289570,-86.704150,GALLATIN PKEN,,,,465.00,Feet,South,ALTUS AV,,,,0.00,N,Not at Intersection,N,Non-Junction,None,,,         ,David,Boone,Clear,Angle,no,no,no,no,no,False
100964390,METROPOLITAN NASHVILLE POLICE DEPT,2015-0882070,Davidson,Nashville,9/21/2015 11:38:00 AM,2,0,0,36.102680,-86.870020,HARDING PKE,,,,194.00,Feet,North,HARDING PL,,,,0.00,N,Not at Intersection, ,Non-Junction,None,,,         ,Curtis,Rich,Clear,Angle,no,no,no,no,no,False
100964395,METROPOLITAN NASHVILLE POLICE DEPT,2015-0867180,Davidson,Nashville,9/16/2015 9:45:00 AM,2,0,0,36.167430,-86.777040,GAY ST,,,,110.00,Feet,North,WOODLAND ST,,,,0.00,N,Not at Intersection,N,"Driveway, Alley Access, etc",None,,,         ,David,Hazzard,Clear,Angle,no,no,no,no,no,False
100964397,METROPOLITAN NASHVILLE POLICE DEPT,20150881879,Davidson,Nashville,9/13/2015 1:00:00 AM,2,0,0,36.208520,-86.734850,W KIRKLAND AV,,,,0.00,,,GALLATIN PKE,,,,0.00,Y,Four-Way, ,Non-Junction,None,,,         ,Kenneth,Alexandrow,Clear,Unknown,no,no,no,no,yes,False
100964410,METROPOLITAN NASHVILLE POLICE DEPT,20150881865,Davidson,Nashville,9/21/2015 10:37:00 AM,3,0,0,36.140740,-86.800340,21ST AVS,,,,0.00,,,DIXIE PL,,,,0.00,Y,T-Intersection, ,,None,,,         ,Darrell,Osment,,,no,no,no,no,no,Campus
100964411,METROPOLITAN NASHVILLE POLICE DEPT,2015-0882168,Davidson,Nashville,9/21/2015 12:09:00 PM,2,0,0,36.125280,-86.847930,WHITE BRIDGE PKE,,,,138.00,Feet,North,HARDING PKE,,,,0.00,N,Not at Intersection, ,,None,,,         ,Curtis,Rich,,,no,no,no,no,no,False
100964412,VANDERBILT UNIVERSITY POLICE,15-0882033,Davidson,Nashville,9/21/2015 11:15:00 AM,2,0,0,36.138960,-86.803730,CHILDRENS WAY,,,,239.00,Feet,West,23RD AVS,,,,0.00,N,Not at Intersection, ,,None,,,         ,Brent,Clark,,,no,no,no,yes,no,Campus
100964420,METROPOLITAN NASHVILLE POLICE DEPT,20150881923,Davidson,Nashville,9/21/2015 10:52:00 AM,2,1,0,36.221720,-86.774610,I 65,,,,0.00,,,,,,,88.40,N,Not at Intersection,Y,Non-Junction,Construction Zone,Lane Shift-Crossover,Advanced Warning Area,         ,Michael,McCord,Clear,Front to Rear,no,no,no,no,no,False
100964423,METROPOLITAN NASHVILLE POLICE DEPT,2015-0881764,Davidson,Nashville,9/21/2015 9:55:00 AM,2,0,0,36.169160,-86.757810,S 7TH ST,,,,48.00,Feet,South,SHELBY AVE,,,,0.00,N,Not at Intersection, ,Non-Junction,None,,,         ,Coleman,Womack,Cloudy,Front to Rear,no,no,no,no,no,False
100964426,METROPOLITAN NASHVILLE POLICE DEPT,20150882051,Davidson,Nashville,9/21/2015 11:40:00 AM,2,0,0,36.240400,-86.748960,BRILEY PKWYE,,,,0.00,,,I65 N EXT RAMP,,,,0.00,Y,OTHER, ,Non-Junction,None,,,         ,Dontaveous,Eubanks,Clear,"Sideswipe, Same Direction",no,no,no,no,no,False