master_record_number,agency,agency_tracking_number,county,city,collision_date,vehicles_involved,number_injured,number_dead,latitude,longitude,roadway_name,roadway_suffix,roadway_number,roadway_local_id,distance_from_reference,miles-feet_indicator,direction_from_reference,intersection_road_name,intersection_road_name_suffix,intersection_road_number,intersection_local_id,mile_marker,intersection_indicator,intersect_type,interchange_related_indicator,relation_to_junction,work_zone_type,construction_maintenance_zone,construction_maintenance_zone_location,fatal_case_number,officer_first_name,officer_last_name,weather_condition(s),manner_of_crash,pedestrian,bicycle,scooter,parking,hitrun,mou
100964430,METROPOLITAN NASHVILLE POLICE DEPT,2015-0881824,Davidson,Nashville,9/21/2015 10:20:00 AM,2,0,0,36.227260,-86.759710,US HWY 31W,,,,778.00,Feet,South,BROADMOOR DR,,,,0.00,N,Not at Intersection,N,"Driveway, Alley Access, etc",None,,,         ,Coleman,Womack,Clear,Angle,no,no,no,no,no,False
100964434,METROPOLITAN NASHVILLE POLICE DEPT,2015-0875014,Davidson,Nashville,9/18/2015 1:50:00 PM,2,0,0,36.148480,-86.793490,CHET ATKINS PL,,,,0.00,,,MUSIC SQW,,,,0.00,Y,Four-Way,N,Intersection,None,,,         ,David,Barras,Clear,Angle,no,no,no,no,no,False
100964438,METROPOLITAN NASHVILLE POLICE DEPT,20150882174,Davidson,Nashville,9/21/2015 11:55:00 AM,2,0,0,36.240460,-86.752220,I 65,,,,0.00,,,,,,,90.30,N,Not at Intersection, ,Non-Junction,None,,,         ,Brian,Otto,Clear,Angle,no,no,no,no,no,False
100964439,METROPOLITAN NASHVILLE POLICE DEPT,20150882258,Davidson,Nashville,9/21/2015 12:44:00 PM,2,0,0,36.111100,-86.747920,THOMPSON LN,,,,170.00,Feet,West,LOUISE DR,,,,0.00,N,Not at Intersection, ,Non-Junction,None,,,         ,Nathan,Kemp,Clear,"Sideswipe, Same Direction",no,no,no,no,no,False
100964446,GOODLETTSVILLE POLICE DEPT,15-35541,Davidson,Goodlettsville,9/21/2015 12:51:00 PM,2,0,0,36.307520,-86.703940,I 65,,,,0.00,,,RIVERGATE PKWY,,,,0.00,Y,T-Intersection, ,Intersection-Related,None,,,         ,Benny,Alexander,Clear,Front to Rear,no,no,no,no,no,False
100964456,METROPOLITAN NASHVILLE POLICE DEPT,20150882214,Davidson,Goodlettsville,9/21/2015 12:30:00 PM,2,0,0,36.293140,-86.702350,RIVERGATE STATION PVTDR,,,,0.00,,,GALLATIN PKEN,,,,0.00,Y,Four-Way,N,Intersection,None,,,         ,Jordan,Lowry,Clear,Angle,no,no,no,no,yes,False
100964461,METROPOLITAN NASHVILLE POLICE DEPT,20150882308,Davidson,Nashville,9/21/2015 12:00:00 AM,2,0,0,36.047530,-86.739830,BRENTWOOD TER,,,,0.00,,,BRENTWOOD PL,,,,0.00,Y,OTHER,N,Non-Junction,None,,,         ,Leonard,Spadavecchia,Clear,Rear to Side,no,no,no,yes,yes,False
100964472,METROPOLITAN NASHVILLE POLICE DEPT,20150882362,Davidson,Nashville,9/21/2015 1:10:00 PM,2,0,0,36.134200,-86.774730,I65 N EXT RAMP,,,,0.00,,,I 65,,,,0.00,Y,OTHER,Y,Entrance/Exit Ramp Related,None,,,         ,Justin,Pinkelton,Clear,Front to Rear,no,no,no,no,no,False
100964473,METROPOLITAN NASHVILLE POLICE DEPT,20150881830,Davidson,Nashville,9/21/2015 10:24:00 AM,1,0,0,36.170460,-86.802630,JEFFERSON ST,,,,47.00,Feet,East,16TH AVN,,,,0.00,N,Not at Intersection,N,Non-Junction,Construction Zone,Lane Shift-Crossover,Advanced Warning Area,         ,Charles,Ward,Clear,Not Collision with Motor Vehicle in Transport,no,no,no,no,no,False
100964477,METROPOLITAN NASHVILLE POLICE DEPT,2015-0872793,Davidson,Nashville,9/17/2015 5:50:00 PM,2,0,0,36.135690,-86.822890,WEST END AV,,,,206.00,Feet,West,I440 WEST END AV ENT RAMP,,,,0.00,N,Not at Intersection,N,Non-Junction,None,,,         ,Christopher,Clark,Clear,Front to Rear,no,no,no,no,yes,False
100964482,METROPOLITAN NASHVILLE POLICE DEPT,2015-0881301,Davidson,Nashville,9/21/2015 6:02:00 AM,2,0,0,36.047550,-86.655930,HICKORY HOLLOW PKWY,,,,0.00,,,BELL RD,,,,0.00,Y,Four-Way, ,Intersection,None,,,         ,William,Whitworth,Cloudy,Front to Rear,no,no,no,no,no,False
100964483,METROPOLITAN NASHVILLE POLICE DEPT,20150880540,Davidson,Nashville,9/20/2015 9:38:00 PM,2,0,0,36.154500,-86.786530,DEMONBREUN ST,,,,103.00,Feet,West,12TH AVS,,,,0.00,N,Not at Intersection, ,Non-Junction,None,,,         ,Mikala,Moore,Clear,Front to Rear,no,no,no,no,yes,False
100964501,METROPOLITAN NASHVILLE POLICE DEPT,20150882457,Davidson,Nashville,9/21/2015 1:42:00 PM,2,1,0,36.139280,-86.733690,MURFREESBORO PKE,,,,147.00,Feet,West,ARLINGTON AV,,,,0.00,N,Not at Intersection,N,Non-Junction,None,,,         ,Wesley,Young,Clear,Front to Rear,no,no,no,no,yes,False
100964503,METROPOLITAN NASHVILLE POLICE DEPT,2015-0875035,Davidson,Nashville,9/18/2015 1:45:00 PM,2,0,0,36.180160,-86.745310,ORDWAY PL,,,,0.00,,,N 14TH ST,,,,0.00,Y,OTHER, ,OtherLocation,None,,,         ,Alex,Moore,Clear,Unknown,no,no,no,no,yes,False
100964504,METROPOLITAN NASHVILLE POLICE DEPT,20150882496,Davidson,Not in City Limit,9/21/2015 2:06:00 PM,2,1,0,36.277000,-86.799980,I 24,,,,0.00,,,,,,,40.55,N,Not at Intersection,N,Non-Junction,None,,,         ,Larry,Benz,Clear,Angle,no,no,no,no,yes,False
100964514,METROPOLITAN NASHVILLE POLICE DEPT,20150882557,Davidson,Nashville,9/21/2015 2:13:00 PM,2,0,0,36.086810,-86.695480,HARDING PL,,,,141.00,Feet,East,S PERIMETER PARK DR,,,,0.00,N,Not at Intersection,N,Non-Junction,None,,,         ,Jessie,Meadows,Clear,"Sideswipe, Same Direction",no,no,no,no,no,False
100964532,METROPOLITAN NASHVILLE POLICE DEPT,20150882722,Davidson,Nashville,9/21/2015 3:57:00 PM,2,0,0,36.157660,-86.790820,I 40,,,,0.00,,,,,,,209.00,N,Not at Intersection, ,Non-Junction,None,,,         ,Eric,Harvey,Clear,"Sideswipe, Same Direction",no,no,no,no,no,False
100964538,METROPOLITAN NASHVILLE POLICE DEPT,2015-0879969,Davidson,Not in City Limit,9/20/2015 4:00:00 PM,1,1,0,36.265190,-86.708540,THELMA ST,,,,157.00,Feet,South,DULING AV,,,,0.00,N,Not at Intersection,N,Non-Junction,None,,,         ,Sandra,Talavera,Clear,Not Collision with Motor Vehicle in Transport,no,no,no,no,no,False
100964541,METROPOLITAN NASHVILLE POLICE DEPT,20150882767,Davidson,Nashville,9/21/2015 3:55:00 PM,2,0,0,36.154890,-86.779150,8TH AVS,,,,0.00,,,KOREAN VETERANS BLVD,,,,0.00,Y,Roundabout,N,Intersection,None,,,         ,Benjamin,Smith,Clear,Front to Rear,no,no,no,no,no,False
100964545,METROPOLITAN NASHVILLE POLICE DEPT,20150882809,Davidson,Nashville,9/21/2015 2:40:00 PM,1,0,0,36.164590,-86.651300,MCCAMPBELL AV,,,,39.00,Feet,East,STEWARTS FERRY PKE,,,,0.00,N,Not at Intersection,N,Non-Junction,None,,,         ,Austin,Childress,Clear,Not Collision with Motor Vehicle in Transport,no,no,no,no,no,False
100964551,METROPOLITAN NASHVILLE POLICE DEPT,20150882693,Davidson,Nashville,9/21/2015 3:36:00 PM,2,0,0,36.219990,-86.774290,I 65,,,,0.00,,,,,,,88.30,N,Not at Intersection, ,Non-Junction,None,,,         ,Robert,Croteau,Clear,Front to Rear,no,no,no,no,yes,False
100964559,METROPOLITAN NASHVILLE POLICE DEPT,20150882817,Davidson,Nashville,9/21/2015 4:07:00 PM,2,0,0,36.080650,-86.805400,TYNE BLVD,,,,0.00,,,GRANNY WHITE PKE,,,,0.00,Y,Four-Way,N,Intersection-Related,None,,,         ,Tien,Nguyen,Clear,Front to Rear,no,no,no,no,yes,False
100964561,METROPOLITAN NASHVILLE POLICE DEPT,20150882740,Davidson,Nashville,9/21/2015 3:46:00 PM,3,1,0,36.167820,-86.663840,LEBANON PKE,,,,60.00,Feet,East,OLD LEBANON PKE,,,,0.00,N,Not at Intersection,N,Non-Junction,None,,,         ,Leslie,Hale,Clear,Front to Rear,no,no,no,no,no,False
100964564,METROPOLITAN NASHVILLE POLICE DEPT,20150882697,Davidson,Nashville,9/21/2015 3:30:00 PM,2,0,0,36.150500,-86.857880,WHITE BRIDGE PKE,,,,50.00,Feet,South,OBRIEN AV,,,,0.00,N,Not at Intersection, ,Non-Junction,None,,,         ,Mark,Hatt,Clear,Angle,no,no,no,no,no,False
100964568,METROPOLITAN NASHVILLE POLICE DEPT,2015-0836400,Davidson,Nashville,9/6/2015 12:00:00 AM,1,0,0,36.092580,-86.885420,HARDING PKE,,,,0.00,Feet,,VAUGHNS GAP RD,,,,0.00,Y,T-Intersection, ,Intersection,None,,,         ,Joel,Callies,Clear,Not Collision with Motor Vehicle in Transport,no,no,no,no,no,False
100964569,METROPOLITAN NASHVILLE POLICE DEPT,20150880419,Davidson,Nashville,9/20/2015 8:00:00 PM,2,0,0,36.047690,-86.713050,NOLENSVILLE PKE,,,,0.00,,,,,,,0.00,,, ,Non-Junction,None,,,         ,Ian,Lynch,Clear,Front to Rear,no,no,no,yes,yes,False
100964577,METROPOLITAN NASHVILLE POLICE DEPT,2015-0882818,Davidson,Nashville,9/21/2015 3:40:00 PM,2,0,0,36.050490,-86.876680,OLD HICKORY BLVD,,,,0.00,,,CHICKERING RD,,,,0.00,Y,Four-Way,Y,Intersection,None,,,         ,Christopher,Clark,Clear,Angle,no,no,no,no,yes,False
100964584,METROPOLITAN NASHVILLE POLICE DEPT,2015-0882951,Davidson,Nashville,9/21/2015 4:44:00 PM,2,0,0,36.139350,-86.819100,WEST END AV,,,,0.00,,,MURPHY RD,,,,0.00,Y,Four-Way, ,Intersection-Related,None,,,         ,Austin,Kendrick,Clear,"Sideswipe, Same Direction",no,no,no,no,no,False
100964590,METROPOLITAN NASHVILLE POLICE DEPT,20150882979,Davidson,Not in City Limit,9/21/2015 4:58:00 PM,2,0,0,36.276000,-86.867970,CLARKSVILLE PKE,,,,698.00,Feet,West,DRY FORK RD,,,,0.00,N,Not at Intersection, ,Non-Junction,None,,,         ,Timothy,Morgan,Clear,"Sideswipe, Same Direction",no,no,no,no,no,False
100964593,METROPOLITAN NASHVILLE POLICE DEPT,20150882978,Davidson,Nashville,9/21/2015 4:57:00 PM,2,0,0,36.090960,-86.651100,MURFREESBORO PKE,,,,0.00,Feet,,BOROWOOD DR,,,,0.00,Y,Four-Way,N,Intersection,None,,,         ,Natalie,Robinson,Clear,Front to Rear,no,no,no,no,no,False
100964597,GOODLETTSVILLE POLICE DEPT,15-35576,Davidson,Goodlettsville,9/21/2015 5:03:00 PM,2,0,0,36.309390,-86.689090,VIETNAM VETERANS BLVDN,,,,658.00,Feet,South,VIETNAM VETERANS BLVD SB EXT R,,,,0.00,N,Not at Intersection,N,Non-Junction,None,,,         ,Rico,Jones,Clear,Front to Rear,no,no,no,no,no,False
100964598,METROPOLITAN NASHVILLE POLICE DEPT,2015875827,Davidson,Nashville,9/18/2015 6:39:00 PM,2,2,0,36.151340,-86.768360,2ND AVS,,,,0.00,,,I40 E ENT RAMP,,,,0.00,Y,T-Intersection,N,Intersection-Related,None,,,         ,Jacob,Paul,Clear,Angle,no,no,no,no,no,False
100964602,METROPOLITAN NASHVILLE POLICE DEPT,2015-0882714,Davidson,Nashville,9/21/2015 3:43:00 PM,1,1,0,36.151600,-86.751760,I 40,,,,0.00,,,,,,,211.50,N,Not at Intersection,Y,Non-Junction,None,,,         ,Bryan,Byrnes,Clear,Not Collision with Motor Vehicle in Transport,no,no,no,no,no,False
100964607,METROPOLITAN NASHVILLE POLICE DEPT,20150882882,Davidson,Not in City Limit,9/21/2015 4:29:00 PM,1,1,0,36.105210,-86.944080,CHARLOTTE PKE,,,,1598.00,Feet,West,FORREST VALLEY DR,,,,0.00,N,Not at Intersection,N,Non-Junction,None,,,         ,Brandon,Pedigo,Clear,Not Collision with Motor Vehicle in Transport,no,no,no,no,no,False
100964608,METROPOLITAN NASHVILLE POLICE DEPT,20150882929,Davidson,Nashville,9/21/2015 4:44:00 PM,2,0,0,36.111140,-86.752150,THOMPSON LN,,,,400.00,Feet,East,FOSTER CREIGHTON DR,,,,0.00,N,Not at Intersection,N,Non-Junction,None,,,         ,Jacob,Crouch,Clear,Front to Rear,no,no,no,no,no,False
100964616,METROPOLITAN NASHVILLE POLICE DEPT,20150883056,Davidson,Nashville,9/21/2015 4:50:00 PM,2,0,0,36.115900,-86.795200,I 440,,,,0.00,,,,,,,3.70,N,Not at Intersection, ,Non-Junction,None,,,         ,Nicholas,Smith,Clear,Front to Rear,no,no,no,no,no,False
100964619,METROPOLITAN NASHVILLE POLICE DEPT,20150882931,Davidson,Nashville,9/21/2015 4:45:00 PM,2,0,0,36.033200,-86.775340,CHURCH STE,,,,1977.00,Feet,West,CLOVERLAND DR,,,,0.00,N,Not at Intersection, ,Non-Junction,None,,,         ,Tien,Nguyen,Clear,"Sideswipe, Same Direction",no,no,no,no,no,False
100964620,METROPOLITAN NASHVILLE POLICE DEPT,20150883127,Davidson,Nashville,9/21/2015 5:00:00 PM,2,1,0,36.074990,-86.730450,EDMONDSON PKE,,,,748.00,Feet,South,MILNER DR,,,,0.00,N,Not at Intersection,N,Non-Junction,None,,,         ,Tien,Nguyen,Clear,Front to Rear,no,no,no,no,no,False
100964621,METROPOLITAN NASHVILLE POLICE DEPT,2015-0883213,Davidson,Nashville,9/21/2015 4:55:00 PM,2,0,0,36.150150,-86.857950,WHITE BRIDGE PKE,,,,0.00,,,CHARLOTTE PKE,,,,0.00,Y,Four-Way,N,Intersection,None,,,         ,Christopher,Clark,Clear,Angle,no,no,no,no,yes,False
100964625,METROPOLITAN NASHVILLE POLICE DEPT,20150883148,Davidson,Nashville,9/21/2015 6:01:00 PM,2,0,0,36.152820,-86.683410,ELM HILL PKE,,,,0.00,,,MCGAVOCK PKE,,,,0.00,Y,Four-Way,N,Intersection,None,,,         ,Austin,Childress,Clear,Angle,no,no,no,no,no,False
100964626,METROPOLITAN NASHVILLE POLICE DEPT,20150883242,Davidson,Nashville,9/21/2015 6:15:00 PM,2,1,0,36.066300,-86.774230,HOGAN RD,,,,0.00,Feet,,FRANKLIN PKE,,,,0.00,Y,Four-Way,N,Intersection,None,,,         ,Megan,Lamon,Clear,Angle,no,no,no,no,no,False
100964627,METROPOLITAN NASHVILLE POLICE DEPT,20150882847,Davidson,Nashville,9/21/2015 4:39:00 PM,2,3,0,36.035100,-86.675930,BLUE HOLE RD,,,,48.00,Feet,South,W OAK HIGHLAND DR,,,,0.00,N,Not at Intersection,N,Non-Junction,None,,,         ,Jessie,Meadows,Clear,Angle,no,no,no,no,no,False
100964628,METROPOLITAN NASHVILLE POLICE DEPT,20150883215,Davidson,Nashville,9/21/2015 6:50:00 PM,2,0,0,36.045250,-86.660010,I24 E EXT RAMP,,,,0.00,Feet,East,I 24,,,,0.00,N,Not at Intersection, ,Entrance/Exit Ramp Related,None,,,         ,Jessie,Meadows,Clear,Front to Rear,no,no,no,no,no,False
100964637,METROPOLITAN NASHVILLE POLICE DEPT,20150883284,Davidson,Nashville,9/21/2015 6:21:00 PM,2,0,0,36.110040,-86.770300,I 65,,,,0.00,,,,,,,79.75,N,Not at Intersection, ,Non-Junction,None,,,         ,Tien,Nguyen,Clear,Front to Rear,no,no,no,no,no,False
100964640,VANDERBILT UNIVERSITY POLICE,15-0883252,Davidson,Nashville,9/21/2015 6:00:00 PM,2,0,0,36.139070,-86.806040,CHILDRENS WAY,,,,342.00,Feet,West,24TH AVS,,,,0.00,N,Not at Intersection,N,Non-Junction,None,,,         ,Jonathan,McAllister,Clear,Front to Rear,no,no,no,yes,yes,Campus
100964642,METROPOLITAN NASHVILLE POLICE DEPT,20150882835,Davidson,Nashville,9/21/2015 4:15:00 PM,2,2,0,36.182400,-86.733020,EASTLAND AV,,,,50.00,Feet,East,PORTER RD,,,,0.00,N,Not at Intersection,N,Non-Junction,None,,,         ,Richard,Conger,Clear,Front to Rear,no,no,no,no,no,False
100964649,METROPOLITAN NASHVILLE POLICE DEPT,20150882707,Davidson,Nashville,9/21/2015 3:35:00 PM,2,2,0,36.044650,-86.659640,I24 E ENT RAMP,,,,0.00,Feet,East,I 24,,,,0.00,N,Not at Intersection,N,Non-Junction,None,,,         ,William,Durham,Clear,Front to Rear,no,no,no,no,no,False
100964650,METROPOLITAN NASHVILLE POLICE DEPT,20150883133,Davidson,Nashville,9/21/2015 5:23:00 PM,2,0,0,36.139000,-86.732870,MURFREESBORO PKE,,,,45.00,Feet,East,ARLINGTON AV,,,,0.00,N,Not at Intersection,N,Non-Junction,None,,,         ,William,Durham,Clear,Front to Rear,no,no,no,no,no,False
100964651,METROPOLITAN NASHVILLE POLICE DEPT,20150883305,Davidson,Nashville,9/21/2015 6:58:00 PM,2,0,0,36.098030,-86.709810,I 24,,,,0.00,,,,,,,54.70,N,Not at Intersection, ,Non-Junction,None,,,         ,William,Durham,Clear,Front to Rear,no,no,no,no,no,False
100964654,METROPOLITAN NASHVILLE POLICE DEPT,20150883302,Davidson,Nashville,9/21/2015 6:15:00 PM,2,0,0,36.160360,-86.825040,BATAVIA ST,,,,91.00,Feet,East,33RD AVN,,,,0.00,N,Not at Intersection,N,Non-Junction,None,,,         ,Zachary,Ronan,Clear,Front to Rear,no,no,no,no,yes,False
100964655,METROPOLITAN NASHVILLE POLICE DEPT,20150883228,Davidson,Nashville,9/21/2015 6:22:00 PM,2,1,0,36.089590,-86.688520,EZELL PKE,,,,0.00,,,HARDING PL,,,,0.00,Y,Four-Way,N,Intersection-Related,None,,,         ,Natalie,Robinson,Clear,Angle,no,no,no,no,no,False
100964656,METROPOLITAN NASHVILLE POLICE DEPT,2015-0882169,Davidson,Nashville,9/21/2015 12:25:00 PM,2,1,0,36.174190,-86.604170,CENTRAL PKE,,,,16.00,Feet,East,SHURGARD WAY,,,,0.00,N,Not at Intersection,N,Non-Junction,None,,,         ,Jeb,Johnston,Clear,HeadOn,no,no,no,no,no,False
100964659,METROPOLITAN NASHVILLE POLICE DEPT,2015-0883209,Davidson,Nashville,9/21/2015 6:08:00 PM,2,0,0,36.084780,-86.894550,PERCY WARNER BLVD,,,,0.00,,,HARDING PKE,,,,0.00,Y,T-Intersection,N,Intersection-Related,None,,,         ,Michael,Rogers,Clear,Front to Rear,no,no,no,no,no,False
100964668,METROPOLITAN NASHVILLE POLICE DEPT,20150883384,Davidson,Nashville,9/21/2015 7:29:00 PM,1,0,0,36.133290,-86.768840,WEDGEWOOD AV,,,,0.00,,,BRANSFORD AV,,,,0.00,Y,T-Intersection, ,Intersection-Related,None,,,         ,Tien,Nguyen,Clear,Not Collision with Motor Vehicle in Transport,no,no,no,no,yes,False
100964669,METROPOLITAN NASHVILLE POLICE DEPT,20150883303,Davidson,Nashville,9/21/2015 6:55:00 PM,1,1,0,36.184310,-86.754460,W EASTLAND AV,,,,0.00,,,MCFERRIN AV,,,,0.00,Y,Four-Way,N,Intersection-Related,None,,,         ,Terence,Maahs,Clear,Not Collision with Motor Vehicle in Transport,yes,no,no,no,no,False
100964672,METROPOLITAN NASHVILLE POLICE DEPT,20150883271,Davidson,Not in City Limit,9/21/2015 5:40:00 PM,2,0,0,36.277540,-86.734650,I 65,,,,0.00,,,,,,,93.15,N,Not at Intersection, ,Non-Junction,None,,,         ,Nathan,Dungan,Clear,Front to Rear,no,no,no,no,no,False
100964675,METROPOLITAN NASHVILLE POLICE DEPT,20150883198,Davidson,Nashville,9/21/2015 5:15:00 PM,2,1,0,36.165420,-86.811420,ALBION ST,,,,210.00,Feet,East,24TH AVN,,,,0.00,N,Not at Intersection,N,Non-Junction,None,,,         ,Christopher,Littles,Clear,Front to Rear,no,no,no,no,no,False
100964676,METROPOLITAN NASHVILLE POLICE DEPT,20150883197,Davidson,Nashville,9/21/2015 6:00:00 PM,4,0,0,36.191640,-86.785120,I 65,,,,0.00,,,,,,,86.00,N,Not at Intersection,N,Non-Junction,None,,,         ,Caleb,Rogan,Clear,Front to Rear,no,no,no,no,no,False
100964682,METROPOLITAN NASHVILLE POLICE DEPT,20150883429,Davidson,Old Hickory,9/21/2015 7:53:00 PM,1,0,0,36.252840,-86.648420,OLD HICKORY,BLVD,SR45,,0.00,,,,,,,0.00,,,N,Non-Junction,None,,,         ,Shawn,Taylor,Clear,Not Collision with Motor Vehicle in Transport,no,no,no,no,yes,False
100964685,METROPOLITAN NASHVILLE POLICE DEPT,20150882915,Davidson,Nashville,9/21/2015 4:20:00 PM,3,0,0,36.154390,-86.833360,I 40,,,,0.00,,,,,,,205.30,N,Not at Intersection, ,Non-Junction,None,,,         ,Michael,Russell,Clear,Front to Rear,no,no,no,no,no,False
100964688,METROPOLITAN NASHVILLE POLICE DEPT,20150882857,Davidson,Nashville,9/21/2015 4:15:00 PM,3,1,0,36.141200,-86.717410,I 40,,,,0.00,,,,,,,213.80,N,Not at Intersection,N,Non-Junction,None,,,         ,Felipe,Pereira,Clear,Front to Rear,no,no,no,no,no,False
100964689,METROPOLITAN NASHVILLE POLICE DEPT,201508681630,Davidson,Nashville,9/16/2015 3:50:00 PM,2,0,0,36.161020,-86.777200,BROADWAY,,,,0.00,,,4TH AVN,,,,0.00,Y,OTHER, ,Intersection-Related,None,,,         ,Jacob,Paul,Clear,"Sideswipe, Same Direction",no,no,no,no,no,False
100964696,METROPOLITAN NASHVILLE POLICE DEPT,20150883280,Davidson,Nashville,9/21/2015 6:20:00 PM,2,0,0,36.110130,-86.775650,WOODMONT BLVD,,,,50.00,Feet,East,PLEASANT VALLEY RD,,,,0.00,N,Not at Intersection,N,Non-Junction,None,,,         ,Jacob,Crouch,Clear,Angle,no,no,no,no,no,False
100964697,METROPOLITAN NASHVILLE POLICE DEPT,20150883529,Davidson,Nashville,9/21/2015 8:30:00 PM,2,0,0,36.149270,-86.747250,I 40,,,,0.00,,,,,,,211.80,N,Not at Intersection, ,Unknown,None,,,         ,Austin,Childress,Clear,Front to Rear,no,no,no,no,no,False
100964704,METROPOLITAN NASHVILLE POLICE DEPT,20150882992,Davidson,Nashville,9/21/2015 5:54:00 PM,2,2,0,36.088560,-86.732040,NOLENSVILLE PKE,,,,713.00,Feet,South,ZOO RD,,,,0.00,N,Not at Intersection,N,Non-Junction,None,,,         ,Jessie,Meadows,Clear,Angle,no,no,no,no,no,False
100964705,METROPOLITAN NASHVILLE POLICE DEPT,20150883350,Davidson,Nashville,9/21/2015 7:39:00 PM,2,1,0,36.092490,-86.652040,MURFREESBORO PKE,,,,504.00,Feet,North,BRITISH WOODS DR,,,,0.00,N,Not at Intersection,N,Non-Junction,None,,,         ,Jessie,Meadows,Clear,Front to Rear,no,no,no,no,no,False
100964707,METROPOLITAN NASHVILLE POLICE DEPT,20150883624,Davidson,Nashville,9/21/2015 9:10:00 PM,2,0,0,36.163650,-86.782100,6TH AVN,,,,134.00,Feet,South,UNION ST,,,,0.00,N,Not at Intersection, ,,None,,,         ,Caleb,Rogan,,,no,no,no,no,no,False
100964708,METROPOLITAN NASHVILLE POLICE DEPT,20150883462,Davidson,Nashville,9/21/2015 6:28:00 PM,2,0,0,36.168840,-86.811360,JEFFERSON ST,,,,526.00,Feet,West,21ST AVN,,,,0.00,N,Not at Intersection, ,Non-Junction,None,,,         ,Ashton,Hill,Clear,Front to Rear,no,no,no,no,no,False
100964710,METROPOLITAN NASHVILLE POLICE DEPT,20150883414,Davidson,Nashville,9/21/2015 7:45:00 PM,1,0,0,36.217610,-86.704260,RIVERVIEW DR,,,,0.00,,,MCGAVOCK PKE,,,,0.00,Y,T-Intersection, ,Intersection-Related,None,,,         ,John,Kelley,Clear,Not Collision with Motor Vehicle in Transport,no,no,no,no,no,False
100964716,METROPOLITAN NASHVILLE POLICE DEPT,20150880767,Davidson,Nashville,9/20/2015 11:15:00 PM,1,0,0,36.162460,-86.647660,STEWARTS FERRY PIKE,,,,445.00,Feet,West,CREEKSTONE CIR,,,,0.00,N,Not at Intersection, ,Non-Junction,None,,,         ,John,Melia,Clear,Not Collision with Motor Vehicle in Transport,no,no,no,no,no,False
100964719,METROPOLITAN NASHVILLE POLICE DEPT,20150883586,Davidson,Nashville,9/21/2015 8:55:00 PM,2,0,0,36.109420,-86.727950,BRILEY PKWYN,,,,27.00,Feet,East,BRILEY PKWYS,,,,0.00,N,Not at Intersection,N,Non-Junction,None,,,         ,William,Durham,Clear,Angle,no,no,no,no,no,False
100964721,METROPOLITAN NASHVILLE POLICE DEPT,20150882962,Davidson,Goodlettsville,9/21/2015 4:50:00 PM,2,0,0,36.289160,-86.704340,GALLATIN PKEN,,,,626.00,Feet,South,ALTUS AV,,,,0.00,N,Not at Intersection, ,"Driveway, Alley Access, etc",None,,,         ,Nathan,Dungan,Clear,"Sideswipe, Same Direction",no,no,no,no,no,False
100964727,METROPOLITAN NASHVILLE POLICE DEPT,20150881293,Davidson,Nashville,9/21/2015 6:00:00 AM,1,0,0,36.142970,-86.874540,US HWY 70,,,,18.00,Feet,East,WILCLAY DR,,,,0.00,N,Not at Intersection, ,Non-Junction,None,,,         ,Jeremy,Kidd,Clear,Not Collision with Motor Vehicle in Transport,no,no,no,no,no,False
100964729,METROPOLITAN NASHVILLE POLICE DEPT,20150883002,Davidson,Nashville,9/21/2015 4:15:00 PM,2,0,0,36.152200,-86.634730,I 40,,,,0.00,,,,,,,218.60,N,Not at Intersection,N,Non-Junction,None,,,         ,James,DeSantis,Clear,"Sideswipe, Same Direction",no,no,no,no,yes,False
100964739,METROPOLITAN NASHVILLE POLICE DEPT,20150883588,Davidson,Nashville,9/21/2015 8:48:00 PM,1,1,0,36.054990,-86.759550,BRENTVIEW HILLS DR,,,,0.00,,,TROUSDALE DR,,,,0.00,Y,Four-Way,N,Intersection-Related,None,,,         ,Tien,Nguyen,Clear,Not Collision with Motor Vehicle in Transport,no,no,no,no,no,False
100964748,METROPOLITAN NASHVILLE POLICE DEPT,20150883110,Davidson,Nashville,9/21/2015 5:10:00 PM,2,0,0,36.177300,-86.604180,OLD HICKORY BLVD,,,,0.00,,,HERMITAGE WOODS DR,,,,0.00,Y,OTHER,N,Intersection-Related,None,,,         ,Codey,Mullins,Clear,Front to Rear,no,no,no,no,yes,False
100964761,METROPOLITAN NASHVILLE POLICE DEPT,20150881206,Davidson,Not in City Limit,9/21/2015 5:50:00 AM,2,0,0,36.299610,-86.812010,I 24,,,,0.00,,,,,,,38.80,N,Not at Intersection,N,Non-Junction,None,,,         ,Eric,Mumaw,Clear,Front to Rear,no,no,no,no,no,False
100964763,METROPOLITAN NASHVILLE POLICE DEPT,20150880532,Davidson,Nashville,9/20/2015 9:15:00 PM,2,0,0,36.153780,-86.800090,CHURCH ST,,,,261.00,Feet,East,20TH AVN,,,,0.00,N,Not at Intersection,N,Non-Junction,None,,,         ,Royce,McLester,Clear,"Sideswipe, Same Direction",no,no,no,no,no,False