master_record_number,agency,agency_tracking_number,county,city,collision_date,vehicles_involved,number_injured,number_dead,latitude,longitude,roadway_name,roadway_suffix,roadway_number,roadway_local_id,distance_from_reference,miles-feet_indicator,direction_from_reference,intersection_road_name,intersection_road_name_suffix,intersection_road_number,intersection_local_id,mile_marker,intersection_indicator,intersect_type,interchange_related_indicator,relation_to_junction,work_zone_type,construction_maintenance_zone,construction_maintenance_zone_location,fatal_case_number,officer_first_name,officer_last_name,weather_condition(s),manner_of_crash,pedestrian,bicycle,scooter,parking,hitrun,mou
100964771,METROPOLITAN NASHVILLE POLICE DEPT,20150884006,Davidson,Nashville,9/21/2015 11:00:00 PM,2,0,0,36.059070,-86.716220,TUSCULUM RD,,,,0.00,,,NOLENSVILLE PKE,,,,0.00,Y,Four-Way,N,Non-Junction,None,,,         ,Joshua,Vaughn,Clear,HeadOn,no,no,no,no,no,False
100964772,METROPOLITAN NASHVILLE POLICE DEPT,20150883860,Davidson,Nashville,9/21/2015 9:15:00 PM,2,0,0,36.178420,-86.748930,FORREST AV,,,,181.00,Feet,West,N 12TH ST,,,,0.00,N,Not at Intersection,N,Non-Junction,None,,,         ,Coleman,McKellar,Clear,Rear to Side,no,no,no,no,yes,False
100964791,METROPOLITAN NASHVILLE POLICE DEPT,2015-0884062,Davidson,Nashville,9/22/2015 12:38:00 AM,1,1,0,36.213820,-86.756450,FLAMINGO DR,,,,0.00,,,JONES AV,,,,0.00,Y,Four-Way,N,Intersection,None,,,         ,Michael,Agee,Clear,Not Collision with Motor Vehicle in Transport,no,yes,no,no,yes,False
100964806,METROPOLITAN NASHVILLE POLICE DEPT,20150879110,Davidson,Nashville,9/20/2015 4:02:00 AM,1,1,0,36.044300,-86.846310,OLD HICKORY BLVD,,,,292.00,Feet,West,BALLEROY DR,,,,0.00,N,Not at Intersection,N,Non-Junction,None,,,         ,Charles,Holmes,Clear,Not Collision with Motor Vehicle in Transport,no,no,no,no,no,False
100964820,METROPOLITAN NASHVILLE POLICE DEPT,2015-0884117,Davidson,Nashville,9/21/2015 12:50:00 AM,1,0,0,36.123880,-86.706710,VULTEE BLVD,,,,228.00,Feet,East,MURFREESBORO PKE,,,,0.00,N,Not at Intersection,N,Non-Junction,None,,,         ,Daniel,Garrett,Clear,Not Collision with Motor Vehicle in Transport,no,no,no,no,no,False
100964831,METROPOLITAN NASHVILLE POLICE DEPT,20150884630,Davidson,Nashville,9/22/2015 5:42:00 AM,2,0,0,36.103350,-86.816090,HILLSBORO PKE,,,,0.00,Feet,,WARFIELD DR,,,,0.00,Y,Four-Way,N,Intersection-Related,None,,,         ,Steven,Popp,Clear,Front to Rear,no,no,no,no,no,False
100964836,METROPOLITAN NASHVILLE POLICE DEPT,20150884700,Davidson,Nashville,9/22/2015 6:05:00 AM,1,0,0,36.103640,-86.772620,FRANKLIN PKE,,,,27.00,Feet,North,GLEN LEVEN DR,,,,0.00,N,Not at Intersection,N,Non-Junction,None,,,         ,Nathan,Kemp,Clear,Not Collision with Motor Vehicle in Transport,no,no,no,no,no,False
100964837,METROPOLITAN NASHVILLE POLICE DEPT,20150881219,Davidson,Nashville,9/21/2015 6:00:00 AM,1,1,0,36.263070,-86.711920,STATE RT 45,,,,0.00,,,GALLATIN PKEN,,,,0.00,Y,Four-Way,N,Intersection,None,,,         ,John,Joyce,Clear,Not Collision with Motor Vehicle in Transport,no,no,no,no,no,False
100964843,METROPOLITAN NASHVILLE POLICE DEPT,2015-0881198,Davidson,Nashville,9/20/2015 4:20:00 AM,1,0,0,36.230160,-86.772950,EWING DR,,,,258.00,Feet,East,RICHMOND HILL DR,,,,0.00,N,Not at Intersection,N,Non-Junction,None,,,         ,John,Joyce,Clear,Not Collision with Motor Vehicle in Transport,no,no,no,no,yes,False
100964845,METROPOLITAN NASHVILLE POLICE DEPT,20150882478,Davidson,Nashville,9/21/2015 2:10:00 PM,2,0,0,36.236560,-86.757500,I65 N EXT RAMP,,,,0.00,,,I 65,,,,0.00,Y,OTHER, ,Non-Junction,None,,,         ,Dontaveous,Eubanks,Clear,Front to Rear,no,no,no,no,no,False
100964847,BERRY HILL POLICE DEPT,15-3784,Davidson,Berry Hill,9/21/2015 1:18:00 PM,2,0,0,36.125770,-86.773190,I 65,,,,0.00,,,,,,,80.75,N,Not at Intersection, ,Non-Junction,None,,,         ,Ronnie,Hill,Clear,"Sideswipe, Same Direction",no,no,no,yes,no,False
100964848,METROPOLITAN NASHVILLE POLICE DEPT,20150882494,Davidson,Nashville,9/21/2015 2:19:00 PM,3,1,0,36.220580,-86.774040,I 65,,,,0.00,,,,,,,88.35,N,Not at Intersection,N,Entrance/Exit Ramp Related,Construction Zone,Other,Activity Area,         ,Eric,Westbrook,Clear,Front to Rear,no,no,no,no,no,False
100964857,METROPOLITAN NASHVILLE POLICE DEPT,20150884719,Davidson,Not in City Limit,9/22/2015 6:45:00 AM,2,0,0,36.318130,-86.888630,CLARKSVILLE PKE,,,,0.00,,,CHAMBLISS RD,,,,0.00,Y,T-Intersection, ,Intersection,None,,,         ,Clint,Gilleland,Clear,Angle,no,no,no,no,no,False
100964858,BERRY HILL POLICE DEPT,15-3785,Davidson,Berry Hill,9/21/2015 1:50:00 PM,2,0,0,36.112690,-86.766940,BRANSFORD AV,,,,0.00,,,HEATHER PL,,,,0.00,Y,T-Intersection, ,Intersection,None,,,         ,John,Gleixner,Clear,Front to Rear,no,no,no,no,no,False
100964868,METROPOLITAN NASHVILLE POLICE DEPT,20150884774,Davidson,Nashville,9/22/2015 7:20:00 AM,2,0,0,36.239200,-86.728320,WALTON LN,,,,197.00,Feet,East,QUAIL CREEK CONDOMINIUMS PVTDR,,,,0.00,N,Not at Intersection,N,Non-Junction,None,,,         ,Brian,Otto,Clear,Angle,no,no,no,no,no,False
100964871,METROPOLITAN NASHVILLE POLICE DEPT,2015-0884799,Davidson,Nashville,9/22/2015 7:55:00 AM,2,0,0,36.171290,-86.870960,BRILEY PKWY S EXT RAMP,,,,0.00,,,CENTENNIAL BLVD,,,,0.00,Y,T-Intersection, ,,None,,,         ,Curtis,Rich,,,no,no,no,no,no,False
100964873,METROPOLITAN NASHVILLE POLICE DEPT,20150884849,Davidson,Nashville,9/22/2015 7:04:00 AM,2,0,0,36.108180,-86.810200,GLEN ECHO RD,,,,221.00,Feet,West,BENHAM AV,,,,0.00,N,Not at Intersection,N,"Driveway, Alley Access, etc",None,,,         ,Nathan,Kemp,Clear,Angle,no,no,no,no,no,False
100964879,METROPOLITAN NASHVILLE POLICE DEPT,20150844989,Davidson,Not in City Limit,9/9/2015 8:28:00 AM,2,1,0,36.328650,-86.893210,I 24,,,,0.00,,,,,,,33.55,N,Not at Intersection,N,Non-Junction,None,,,         ,Earnest,Fields,Clear,Other,no,no,no,no,yes,False
100964880,METROPOLITAN NASHVILLE POLICE DEPT,20150884778,Davidson,Nashville,9/22/2015 7:27:00 AM,2,0,0,36.188880,-86.823090,ROSA L PARKS BLVD,,,,0.00,,,CLARKSVILLE PKE,,,,0.00,Y,Y-Intersection, ,Non-Junction,None,,,         ,Charles,Ward,Clear,"Sideswipe, Same Direction",no,no,no,no,yes,False
100964895,METROPOLITAN NASHVILLE POLICE DEPT,20150884777,Davidson,Nashville,9/22/2015 7:29:00 AM,2,0,0,36.171430,-86.769040,JAMES ROBERTSON PKWY,,,,0.00,,,INTERSTATE DR,,,,0.00,Y,Four-Way, ,Intersection,None,,,         ,Johnny,Crumby Jr.,Clear,Front to Rear,no,no,no,no,no,False
100964901,METROPOLITAN NASHVILLE POLICE DEPT,2015-0884965,Davidson,Nashville,9/22/2015 8:12:00 AM,2,0,0,36.092580,-86.885420,VAUGHNS GAP RD,,,,0.00,Feet,,HARDING PKE,,,,0.00,Y,Four-Way, ,Non-Junction,None,,,         ,Curtis,Rich,Clear,Front to Rear,no,no,no,no,no,False
100964902,METROPOLITAN NASHVILLE POLICE DEPT,20150884941,Davidson,Nashville,9/22/2015 8:15:00 AM,1,0,0,36.208310,-86.788180,W TRINITY LN,,,,205.00,Feet,East,OLD MATTHEWS RD,,,,0.00,N,Not at Intersection,N,Non-Junction,None,,,         ,Michael,Parman,Clear,Not Collision with Motor Vehicle in Transport,no,no,no,yes,no,False
100964904,METROPOLITAN NASHVILLE POLICE DEPT,20150885058,Davidson,Nashville,9/22/2015 8:49:00 AM,2,0,0,36.097570,-86.763250,I 65,,,,0.00,,,,,,,78.85,N,Not at Intersection, ,Non-Junction,None,,,         ,Nathan,Kemp,Clear,Front to Rear,no,no,no,no,no,False
100964917,METROPOLITAN NASHVILLE POLICE DEPT,20150885000,Davidson,Nashville,9/22/2015 8:29:00 AM,2,0,0,36.162310,-86.761180,I 24,,,,0.00,,,,,,,49.30,N,Not at Intersection,N,Non-Junction,None,,,         ,Michael,Johnson,Clear,"Sideswipe, Same Direction",no,no,no,no,no,False
100964931,GOODLETTSVILLE POLICE DEPT,15-35650,Davidson,Goodlettsville,9/22/2015 9:01:00 AM,2,1,0,36.326240,-86.714080,US HWY 31W,,,,72.00,Feet,North,OLD BRICK CHURCH PIKE,,,,0.00,N,Not at Intersection,N,Non-Junction,None,,,         ,Benny,Alexander,Clear,Angle,no,no,no,no,no,False
100964943,VANDERBILT UNIVERSITY POLICE,15-0885012,Davidson,Nashville,9/22/2015 8:00:00 AM,2,0,0,36.139510,-86.803930,PIERCE AV,,,,0.00,,,,,,,0.00,,, ,Non-Junction,None,,,         ,Yasemine,Lomax,Clear,Front to Rear,no,no,no,yes,no,Campus
100964944,METROPOLITAN NASHVILLE POLICE DEPT,20150885229,Davidson,Nashville,9/22/2015 9:37:00 AM,2,0,0,36.224910,-86.776490,I65 S ENT RAMP,,,,0.00,Feet,East,I 24,,,,0.00,N,Not at Intersection, ,Entrance/Exit Ramp Related,Construction Zone,,,         ,Michael,Parman,Clear,Front to Rear,no,no,no,no,no,False
100964946,VANDERBILT UNIVERSITY POLICE,15-884884,Davidson,Nashville,9/22/2015 5:30:00 AM,2,0,0,36.139430,-86.805960,CHILDRENS WAY,,,,0.00,,,,,,,0.00,,, ,Non-Junction,None,,,         ,Linda,Jennings,Clear,"Sideswipe, Same Direction",no,no,no,yes,no,Campus
100964953,METROPOLITAN NASHVILLE POLICE DEPT,2015-0885239,Davidson,Nashville,9/22/2015 10:00:00 AM,2,0,0,36.149450,-86.872740,I 40,,,,0.00,,,,,,,203.10,N,Not at Intersection, ,Non-Junction,None,,,         ,Curtis,Rich,Clear,Not Collision with Motor Vehicle in Transport,no,no,no,no,no,False
100964967,METROPOLITAN NASHVILLE POLICE DEPT,2015-0884984,Davidson,Nashville,9/22/2015 8:16:00 AM,2,3,0,36.097160,-86.708830,I 24,,,,0.00,,,,,,,54.80,N,Not at Intersection,N,Non-Junction,None,,,         ,John,Neely,Clear,Front to Rear,no,no,no,no,no,False
100964968,METROPOLITAN NASHVILLE POLICE DEPT,20150885187,Davidson,Nashville,9/22/2015 9:35:00 AM,2,0,0,36.151300,-86.750970,I 40,,,,0.00,,,,,,,211.55,N,Not at Intersection,N,Non-Junction,None,,,         ,Larry,Benz,Clear,Angle,no,no,no,no,no,False
100964970,METROPOLITAN NASHVILLE POLICE DEPT,20150885479,Davidson,Nashville,9/22/2015 11:33:00 AM,2,0,0,36.149740,-86.805880,ELLISTON PL,,,,164.00,Feet,South,23RD AVN,,,,0.00,N,Not at Intersection, ,,None,,,         ,Nathan,Kemp,,,no,no,no,no,no,Campus
100964989,METROPOLITAN NASHVILLE POLICE DEPT,20150884913,Davidson,Nashville,9/22/2015 8:15:00 AM,1,0,0,36.241080,-86.752510,DICKERSON PKE ENT RAMP,,,,0.00,,,BRILEY PKWYW,,,,0.00,Y,OTHER,N,Entrance/Exit Ramp Related,None,,,         ,Jeffery,Burnette,Clear,Not Collision with Motor Vehicle in Transport,no,no,no,no,no,False
100965002,METROPOLITAN NASHVILLE POLICE DEPT,20150885526,Davidson,Madison,9/22/2015 11:25:00 AM,2,0,0,36.273120,-86.689490,MYATT DR,,,,364.00,Feet,North,ANDERSON LN,,,,0.00,N,Not at Intersection, ,Non-Junction,Work Zone,,,         ,David,Boone,Clear,Angle,no,no,no,no,no,False
100965003,METROPOLITAN NASHVILLE POLICE DEPT,20150885150,Davidson,Nashville,9/22/2015 9:15:00 AM,2,0,0,36.083650,-86.647220,MURFREESBORO PKE,,,,0.00,,,BROOKSBORO PL,,,,0.00,Y,Four-Way,N,Intersection,None,,,         ,Roderic,Williams,Clear,Angle,no,no,no,no,no,False
100965010,METROPOLITAN NASHVILLE POLICE DEPT,2015-0885460,Davidson,Nashville,9/22/2015 11:45:00 AM,2,0,0,36.146220,-86.668730,ROYAL PKWY,,,,217.00,Feet,East,NELSON PL,,,,0.00,N,Not at Intersection, ,Non-Junction,None,,,         ,Wesley,Feinstein,Clear,"Sideswipe, Same Direction",no,no,no,no,no,False
100965012,METROPOLITAN NASHVILLE POLICE DEPT,20150885561,Davidson,Nashville,9/22/2015 12:04:00 PM,2,0,0,36.100940,-86.818730,HILLSBORO PKE,,,,0.00,,,HOBBS RD,,,,0.00,Y,Four-Way,N,Intersection,None,,,         ,Nathan,Kemp,Clear,"Sideswipe, Same Direction",no,no,no,no,yes,False
100965015,THP District 9 - Administrative,315048664,Davidson,Nashville,9/22/2015 6:45:00 AM,2,0,0,36.138660,-86.723400,SPENCE LN,,,,175.00,Feet,South,CORNELIA ST,,,,0.00,N,Not at Intersection, ,Non-Junction,None,,,         ,Michael,Morgan,Clear,Front to Rear,no,no,no,no,no,False
100965017,METROPOLITAN NASHVILLE POLICE DEPT,20150882261,Davidson,Nashville,9/21/2015 12:54:00 PM,2,0,0,36.134700,-86.776220,I65 S EXT RAMP,,,,0.00,Feet,East,I 65,,,,0.00,N,Not at Intersection, ,,None,,,         ,Erik,Wagner,,,no,no,no,no,no,False
100965023,METROPOLITAN NASHVILLE POLICE DEPT,20150885562,Davidson,Nashville,9/22/2015 12:10:00 PM,2,0,0,36.183530,-86.746750,N 12TH ST,,,,32.00,Feet,South,EASTLAND AV,,,,0.00,N,Not at Intersection,N,Non-Junction,None,,,         ,Erik,Nash,Clear,"Sideswipe, Same Direction",no,no,no,no,no,False
100965031,METROPOLITAN NASHVILLE POLICE DEPT,2015-0885429,Davidson,Nashville,9/22/2015 10:40:00 AM,2,0,0,36.049910,-86.667130,I 24,,,,0.00,,,,,,,58.85,N,Not at Intersection,N,Non-Junction,None,,,         ,Stanley,Collins,Clear,Front to Rear,no,no,no,no,no,False
100965035,METROPOLITAN NASHVILLE POLICE DEPT,20150885120,Davidson,Nashville,9/22/2015 9:13:00 AM,3,1,0,36.141180,-86.717540,I 40,,,,0.00,,,,,,,213.80,N,Not at Intersection,N,Non-Junction,None,,,         ,Justin,Franklin,Clear,Front to Rear,no,no,no,no,no,False
100965042,METROPOLITAN NASHVILLE POLICE DEPT,20150885551,Davidson,Nashville,9/22/2015 11:58:00 AM,2,0,0,36.183470,-86.795050,6TH AVN,,,,0.00,Feet,East,BUCHANAN ST,,,,0.00,N,Not at Intersection, ,Non-Junction,None,,,         ,Ernie,Wilson,Clear,Angle,no,no,no,no,no,False
100965051,METROPOLITAN NASHVILLE POLICE DEPT,20150881354,Davidson,Nashville,9/22/2015 7:15:00 AM,2,0,0,36.169170,-86.607750,I40 W ENT RAMP,,,,0.00,,,I 40,,,,0.00,Y,OTHER,N,Non-Junction,None,,,         ,Jason,Smith,Clear,Front to Rear,no,no,no,no,yes,False
100965057,METROPOLITAN NASHVILLE POLICE DEPT,2015-0885838,Davidson,Nashville,9/22/2015 1:44:00 PM,2,0,0,36.152210,-86.833410,CHARLOTTE AV,,,,115.00,Feet,South,39TH AVN,,,,0.00,N,Not at Intersection, ,Non-Junction,None,,,         ,Curtis,Rich,Clear,Angle,no,no,no,yes,yes,False
100965059,METROPOLITAN NASHVILLE POLICE DEPT,2015-0882486,Davidson,Nashville,9/21/2015 2:16:00 PM,3,0,0,36.161020,-86.777200,BROADWAY,,,,0.00,,,4TH AVN,,,,0.00,Y,Four-Way, ,Intersection-Related,None,,,         ,Allen,Bates,Clear,"Sideswipe, Same Direction",no,no,no,no,no,False
100965067,METROPOLITAN NASHVILLE POLICE DEPT,20150882162,Davidson,Nashville,9/21/2015 12:23:00 PM,1,1,0,36.240050,-86.707640,PENN MEADE WAY,,,,62.00,Feet,North,BENAY RD,,,,0.00,N,Not at Intersection,N,Non-Junction,None,,,         ,James,Curtis,Clear,Not Collision with Motor Vehicle in Transport,no,no,no,no,no,False
100965071,VANDERBILT UNIVERSITY POLICE,MNPD15- 0885786,Davidson,Nashville,9/22/2015 1:10:00 PM,2,0,0,36.145480,-86.804670,24TH AVS,,,,0.00,,,,,,,0.00,,, ,OtherLocation,None,,,         ,Charles,Payton,Clear,Rear to Side,no,no,no,no,yes,Campus
100965089,METROPOLITAN NASHVILLE POLICE DEPT,20150884771,Davidson,Nashville,9/22/2015 7:20:00 AM,2,0,0,36.201960,-86.776850,I 65,,,,0.00,,,,,,,87.00,N,Not at Intersection,Y,Entrance/Exit Ramp Related,None,,,         ,Michael,McCord,Clear,Front to Rear,no,no,no,no,yes,False
100965090,METROPOLITAN NASHVILLE POLICE DEPT,20150886018,Davidson,Nashville,9/22/2015 1:59:00 PM,2,0,0,36.186770,-86.631640,CENTRAL PKE,,,,0.00,,,LEBANON PKE,,,,0.00,Y,Four-Way, ,Intersection,None,,,         ,Shawn,Taylor,Clear,"Sideswipe, Same Direction",no,no,no,no,no,False
100965095,METROPOLITAN NASHVILLE POLICE DEPT,20150885971,Davidson,Nashville,9/22/2015 2:36:00 PM,2,0,0,36.083290,-86.647070,MURFREESBORO PKE,,,,139.00,Feet,South,BROOKSBORO PL,,,,0.00,N,Not at Intersection, ,,None,,,         ,Matthew,Johnson,,,no,no,no,no,no,False
100965099,METROPOLITAN NASHVILLE POLICE DEPT,20150885960,Davidson,Nashville,9/22/2015 2:59:00 PM,2,0,0,36.109830,-86.720650,BRILEY PKWYN,,,,95.00,Feet,South,I24 W ENT RAMP,,,,0.00,N,Not at Intersection,N,Non-Junction,None,,,         ,Jessie,Meadows,Clear,Front to Rear,no,no,no,no,yes,False
100965104,METROPOLITAN NASHVILLE POLICE DEPT,20150885973,Davidson,Madison,9/22/2015 2:55:00 PM,2,0,0,36.260370,-86.712860,HICKORY ST,,,,0.00,,,GALLATIN PKES,,,,0.00,Y,T-Intersection, ,Intersection-Related,None,,,         ,Nathan,Dungan,Clear,Angle,no,no,no,no,no,False
100965145,METROPOLITAN NASHVILLE POLICE DEPT,20150886228,Davidson,Nashville,9/22/2015 4:24:00 PM,2,0,0,36.130390,-86.801960,21ST AVS,,,,0.00,,,BLAIR BLVD,,,,0.00,Y,Four-Way, ,,None,,,         ,Charles,Griffin,,,no,no,no,no,no,False
100965147,METROPOLITAN NASHVILLE POLICE DEPT,20150886061,Davidson,Nashville,9/22/2015 12:00:00 AM,3,2,0,36.146100,-86.870730,CHARLOTTE PKE,,,,2.00,Feet,West,WESTBORO DR,,,,0.00,N,Not at Intersection,N,Non-Junction,None,,,         ,Douglas,Sykes,Clear,Front to Rear,no,no,no,no,no,False
100965148,GOODLETTSVILLE POLICE DEPT,15-35666,Davidson,Goodlettsville,9/22/2015 12:34:00 PM,2,2,0,36.296500,-86.715370,I 65,,,,0.00,,,,,,,94.85,N,Not at Intersection,N,Non-Junction,None,,,         ,Benny,Alexander,Clear,"Sideswipe, Same Direction",no,no,no,no,no,False
100965156,METROPOLITAN NASHVILLE POLICE DEPT,20150886215,Davidson,Nashville,9/22/2015 4:10:00 PM,2,0,0,36.158480,-86.640250,STEWARTS FERRY PKE,,,,0.00,,,HICKORY BEND DR,,,,0.00,Y,T-Intersection, ,Intersection,None,,,         ,Shawn,Taylor,Clear,Front to Rear,no,no,no,no,no,False
100965177,METROPOLITAN NASHVILLE POLICE DEPT,20150886295,Davidson,Nashville,9/22/2015 4:26:00 PM,2,0,0,36.165670,-86.764370,I 24,,,,0.00,,,,,,,49.00,N,Not at Intersection, ,Non-Junction,None,,,         ,Blaze,Williams,Clear,"Sideswipe, Same Direction",no,no,no,no,no,False
100965178,METROPOLITAN NASHVILLE POLICE DEPT,20150886134,Davidson,Nashville,9/22/2015 3:45:00 PM,2,0,0,36.049980,-86.649500,MT VIEW RD,,,,0.00,,,BELL RD,,,,0.00,Y,Four-Way,N,Intersection,None,,,         ,Oscar,Gomez,Clear,Front to Rear,no,no,no,no,no,False
100965182,METROPOLITAN NASHVILLE POLICE DEPT,20150886201,Davidson,Nashville,9/22/2015 4:16:00 PM,3,1,0,36.114200,-86.746930,NOLENSVILLE PKE,,,,151.00,Feet,South,CENTRAL AV,,,,0.00,N,Not at Intersection,N,Non-Junction,None,,,         ,Tien,Nguyen,Clear,Angle,no,no,no,no,no,False
100965187,METROPOLITAN NASHVILLE POLICE DEPT,20150886077,Davidson,Nashville,9/22/2015 3:05:00 PM,2,0,0,36.146720,-86.743760,FESSLERS LN,,,,0.00,,,RUNDLE AV,,,,0.00,Y,T-Intersection,N,Intersection,None,,,         ,Leslie,Hale,Clear,"Sideswipe, Same Direction",no,no,no,no,yes,False
100965188,METROPOLITAN NASHVILLE POLICE DEPT,20150886032,Davidson,Nashville,9/22/2015 3:24:00 PM,2,0,0,36.073350,-86.920650,OLD HICKORY BLVD,,,,77.00,Feet,North,BELLEVUE VALLEY PLAZA PVTDR,,,,0.00,N,Not at Intersection,N,"Driveway, Alley Access, etc",None,,,         ,Brandon,Pedigo,Clear,Angle,no,no,no,no,no,False
100965191,METROPOLITAN NASHVILLE POLICE DEPT,20150885896,Davidson,Nashville,9/22/2015 12:00:00 AM,3,0,0,36.100850,-86.728830,ANTIOCH PKE,,,,162.00,Feet,East,MCMILLAN CT,,,,0.00,N,Not at Intersection,N,Non-Junction,None,,,         ,Larry,Preuett,Clear,Front to Rear,no,no,no,no,no,False
100965193,METROPOLITAN NASHVILLE POLICE DEPT,20150885998,Davidson,Nashville,9/22/2015 3:00:00 PM,1,1,0,0.000000,0.000000,MASHBURN,RD,,,0.00,,,ENNIS,RD,,,0.00,Y,Four-Way,N,Non-Junction,None,,,         ,Victoria,Cunningham,Clear,Unknown,no,no,no,yes,no,False
100965194,METROPOLITAN NASHVILLE POLICE DEPT,20150886312,Davidson,Nashville,9/22/2015 4:52:00 PM,2,0,0,36.217340,-86.604560,SHUTE LN,,,,994.00,Feet,North,LEBANON PKE,,,,0.00,N,Not at Intersection,N,Non-Junction,None,,,         ,James,DeSantis,Clear,Angle,no,no,no,no,no,False
100965200,METROPOLITAN NASHVILLE POLICE DEPT,20150886130,Davidson,Nashville,9/22/2015 3:40:00 PM,2,1,0,36.115750,-86.781240,I 440,,,,0.00,,,,,,,4.45,N,Not at Intersection,N,Non-Junction,None,,,         ,Jacob,Crouch,Clear,Front to Rear,no,no,no,no,no,False
100965205,METROPOLITAN NASHVILLE POLICE DEPT,20150886304,Davidson,Nashville,9/22/2015 4:01:00 PM,2,0,0,36.149350,-86.773400,I 40,,,,0.00,,,,,,,210.20,N,Not at Intersection, ,Entrance/Exit Ramp Related,None,,,         ,Megan,Lamon,Clear,Front to Rear,no,no,no,no,no,False
100965206,METROPOLITAN NASHVILLE POLICE DEPT,20150886555,Davidson,Nashville,9/22/2015 12:00:00 AM,2,0,0,36.110650,-86.718950,I24 W ENT RAMP,,,,0.00,,,BRILEY PKWY S ENT RAMP,,,,0.00,Y,OTHER, ,Entrance/Exit Ramp Related,None,,,         ,Larry,Preuett,Clear,Front to Rear,no,no,no,no,no,False
100965208,METROPOLITAN NASHVILLE POLICE DEPT,20150886435,Davidson,Nashville,9/22/2015 5:35:00 PM,2,0,0,36.161070,-86.793730,14TH AVN,,,,0.00,,,I40 E EXT RAMP,,,,0.00,Y,Four-Way,Y,Entrance/Exit Ramp Related,Construction Zone,Work On Shoulder Or Median,Activity Area,         ,Victor,Alexander,Clear,Front to Rear,no,no,no,no,no,False
100965215,METROPOLITAN NASHVILLE POLICE DEPT,20150886551,Davidson,Nashville,9/22/2015 6:15:00 PM,2,0,0,36.235660,-86.710030,BRILEY PKWYW,,,,136.00,Feet,East,PENNINGTON BEND RD,,,,0.00,N,Not at Intersection,N,Non-Junction,None,,,         ,Shawn,Taylor,Clear,Front to Rear,no,no,no,no,no,False
100965216,METROPOLITAN NASHVILLE POLICE DEPT,20150886376,Davidson,Nashville,9/22/2015 5:01:00 PM,2,0,0,36.193600,-86.776220,I 24,,,,0.00,,,,,,,46.65,N,Not at Intersection, ,Non-Junction,None,,,         ,Jeffrey,Livingston,Clear,"Sideswipe, Same Direction",no,no,no,no,no,False
100965218,METROPOLITAN NASHVILLE POLICE DEPT,20150886448,Davidson,Nashville,9/22/2015 5:31:00 PM,2,0,0,36.143150,-86.685330,I 40,,,,0.00,,,,,,,215.55,N,Not at Intersection,N,Non-Junction,None,,,         ,Michael,Apsey,Clear,Front to Rear,no,no,no,no,no,False
100965227,GOODLETTSVILLE POLICE DEPT,15-35673,Davidson,Goodlettsville,9/22/2015 1:05:00 PM,2,1,0,36.324698,-86.701372,CONFERENCE,DR,,,184.00,Feet,South,LONG HOLLOW,PIKE,SR174,,0.00,N,Not at Intersection,N,"Driveway, Alley Access, etc",None,,,         ,Charles,Hauskin,Clear,Other,no,no,no,no,no,False
100965231,METROPOLITAN NASHVILLE POLICE DEPT,20150886518,Davidson,Nashville,9/22/2015 5:58:00 PM,2,0,0,36.064630,-86.901210,HIGHWAY 100,,,,2204.00,Feet,South,HARPETH TRACE DR,,,,0.00,N,Not at Intersection, ,,None,,,         ,Tyler,Reese,,,no,no,no,no,no,False
100965233,METROPOLITAN NASHVILLE POLICE DEPT,20150886052,Davidson,Nashville,9/22/2015 3:30:00 PM,2,0,0,36.177150,-86.745770,WOODLAND ST,,,,0.00,,,N 14TH ST,,,,0.00,Y,Four-Way, ,Intersection,None,,,         ,Kelly,Cantrell,Clear,"Sideswipe, Opposite Direction",no,no,no,no,no,False
100965234,METROPOLITAN NASHVILLE POLICE DEPT,20150886459,Davidson,Nashville,9/22/2015 5:42:00 PM,2,0,0,36.165180,-86.763770,I 24,,,,0.00,,,,,,,49.05,N,Not at Intersection,N,Non-Junction,None,,,         ,Robert,Croteau,Clear,Front to Rear,no,no,no,no,no,False
100965240,METROPOLITAN NASHVILLE POLICE DEPT,20150886697,Davidson,Nashville,9/22/2015 7:14:00 PM,2,1,0,36.153510,-86.776230,LAFAYETTE ST,,,,43.00,Feet,East,LEA AV,,,,0.00,N,Not at Intersection,N,Non-Junction,None,,,         ,Blaze,Williams,Clear,Angle,no,no,no,no,no,False
100965247,METROPOLITAN NASHVILLE POLICE DEPT,20150886528,Davidson,Nashville,9/22/2015 5:53:00 PM,2,0,0,36.120530,-86.750020,NOLENSVILLE PKE,,,,0.00,,,I440 E ENT RAMP,,,,0.00,Y,Four-Way,N,Intersection-Related,None,,,         ,Tien,Nguyen,Clear,"Sideswipe, Same Direction",no,no,no,no,yes,False
100965248,METROPOLITAN NASHVILLE POLICE DEPT,20150886778,Davidson,Nashville,9/22/2015 7:30:00 PM,2,0,0,36.078460,-86.725990,NOLENSVILLE PKE,,,,427.00,Feet,South,HARDING PL,,,,0.00,N,Not at Intersection,N,Non-Junction,None,,,         ,Tien,Nguyen,Clear,Front to Rear,no,no,no,no,no,False
100965254,METROPOLITAN NASHVILLE POLICE DEPT,20150886598,Davidson,Nashville,9/22/2015 6:46:00 PM,2,0,0,36.106210,-86.673060,MURFREESBORO PKE,,,,0.00,,,DONELSON PKE,,,,0.00,Y,Four-Way, ,,None,,,         ,Timothy,Mead,,,no,no,no,no,no,False