master_record_number,agency,agency_tracking_number,county,city,collision_date,vehicles_involved,number_injured,number_dead,latitude,longitude,roadway_name,roadway_suffix,roadway_number,roadway_local_id,distance_from_reference,miles-feet_indicator,direction_from_reference,intersection_road_name,intersection_road_name_suffix,intersection_road_number,intersection_local_id,mile_marker,intersection_indicator,intersect_type,interchange_related_indicator,relation_to_junction,work_zone_type,construction_maintenance_zone,construction_maintenance_zone_location,fatal_case_number,officer_first_name,officer_last_name,weather_condition(s),manner_of_crash,pedestrian,bicycle,scooter,parking,hitrun,mou
100966563,GOODLETTSVILLE POLICE DEPT,15-35937,Davidson,Goodlettsville,9/24/2015 7:16:00 PM,2,1,0,36.323511,-86.701081,CONFERENCE,DR,,,0.00,,,NORTHGATE,CIR,,,0.00,Y,Four-Way,N,Intersection,None,,,         ,Carey,Birdine,Clear,Front to Rear,no,no,no,no,no,False
100966567,METROPOLITAN NASHVILLE POLICE DEPT,20150894550,Davidson,Nashville,9/24/2015 7:46:00 PM,3,0,0,36.206620,-86.776230,I 65,,,,0.00,,,,,,,87.30,N,Not at Intersection,N,Non-Junction,Construction Zone,Work On Shoulder Or Median,Activity Area,         ,John,Anderson,Clear,Front to Rear,no,no,no,no,no,False
100966573,METROPOLITAN NASHVILLE POLICE DEPT,2015-0889356,Davidson,Nashville,9/23/2015 12:43:00 PM,2,2,0,36.143100,-86.666650,DONELSON PKE,,,,294.00,Feet,North,I40 W ENT RAMP,,,,0.00,N,Not at Intersection,N,Non-Junction,None,,,         ,Jeb,Johnston,Clear,HeadOn,no,no,no,no,no,False
100966574,METROPOLITAN NASHVILLE POLICE DEPT,20150894807,Davidson,Nashville,9/24/2015 9:20:00 PM,2,0,0,36.158290,-86.771890,HERMITAGE AV,,,,0.00,,,KOREAN VETERANS BLVD,,,,0.00,Y,Four-Way, ,Non-Junction,None,,,         ,Jeffrey,Livingston,Clear,Front to Rear,no,no,no,no,no,False
100966576,METROPOLITAN NASHVILLE POLICE DEPT,2015-0893621,Davidson,Nashville,9/24/2015 2:28:00 PM,2,0,0,36.194780,-86.622710,LEBANON PKE,,,,324.00,Feet,East,BONNAFORD DR,,,,0.00,N,Not at Intersection, ,Non-Junction,None,,,         ,Jeb,Johnston,Cloudy,Unknown,no,no,no,yes,yes,False
100966579,METROPOLITAN NASHVILLE POLICE DEPT,20150893940,Davidson,Nashville,9/24/2015 4:10:00 PM,2,0,0,36.157390,-86.802370,CHARLOTTE AV,,,,109.00,Feet,East,JO JOHNSTON AV,,,,0.00,N,Not at Intersection,N,Non-Junction,None,,,         ,Michael,Brooks,Clear,Front to Rear,no,no,no,no,no,False
100966580,METROPOLITAN NASHVILLE POLICE DEPT,20150893956,Davidson,Nashville,9/24/2015 3:54:00 PM,2,0,0,36.161350,-86.792320,CHARLOTTE AV,,,,119.00,Feet,East,GEORGE L DAVIS BLVD,,,,0.00,N,Not at Intersection, ,Non-Junction,None,,,         ,Michael,Brooks,Clear,"Sideswipe, Same Direction",no,no,no,no,no,False
100966581,METROPOLITAN NASHVILLE POLICE DEPT,20150894234,Davidson,Nashville,9/24/2015 5:51:00 PM,3,0,0,36.179480,-86.807370,14TH AVN,,,,274.00,Feet,South,BUCHANAN ST,,,,0.00,N,Not at Intersection,N,Non-Junction,None,,,         ,Michael,Brooks,Clear,"Sideswipe, Same Direction",no,no,no,no,no,False
100966582,METROPOLITAN NASHVILLE POLICE DEPT,20150894189,Davidson,Nashville,9/24/2015 5:36:00 PM,2,0,0,36.179680,-86.805880,12TH AVN,,,,230.00,Feet,South,BUCHANAN ST,,,,0.00,N,Not at Intersection, ,Non-Junction,None,,,         ,Michael,Brooks,Clear,Angle,no,no,no,no,no,False
100966583,METROPOLITAN NASHVILLE POLICE DEPT,20150894696,Davidson,Nashville,9/24/2015 8:03:00 PM,2,0,0,36.191850,-86.779960,I 65,,,,0.00,,,,,,,86.30,N,Not at Intersection,Y,Entrance/Exit Ramp Related,None,,,         ,Michael,Brooks,Clear,Angle,no,no,no,no,no,False
100966585,METROPOLITAN NASHVILLE POLICE DEPT,2015-0888390,Davidson,Nashville,9/23/2015 7:09:00 AM,2,1,0,36.168610,-86.600380,OLD HICKORY BLVD,,,,29.00,Feet,North,MILLS RD,,,,0.00,N,Not at Intersection,N,Non-Junction,None,,,         ,Jeb,Johnston,Clear,Angle,no,no,no,no,no,False
100966588,METROPOLITAN NASHVILLE POLICE DEPT,2015-0888693,Davidson,Nashville,9/23/2015 8:48:00 AM,2,0,0,36.156450,-86.631310,STEWARTS FERRY PKE,,,,0.00,,,I40 W EXT RAMP,,,,0.00,Y,Four-Way, ,Intersection,None,,,         ,Jeb,Johnston,Clear,Front to Rear,no,no,no,no,no,False
100966593,METROPOLITAN NASHVILLE POLICE DEPT,20150893974,Davidson,Nashville,9/24/2015 4:10:00 PM,2,0,0,36.047300,-86.862740,OLD HICKORY BLVD,,,,0.00,,,HILLSBORO PKE,,,,0.00,Y,Four-Way, ,Intersection,None,,,         ,Mark,Hatt,Clear,Front to Rear,no,no,no,no,no,False
100966597,METROPOLITAN NASHVILLE POLICE DEPT,20150893884,Davidson,Antioch,9/24/2015 3:53:00 PM,1,0,0,36.049840,-86.562440,HURRICANE CREEK BOAT RMP,,,,0.00,Feet,East,STONES RIVER RD,,,,0.00,N,Not at Intersection, ,Non-Junction,None,,,         ,Kevin,Keating,Clear,Not Collision with Motor Vehicle in Transport,no,no,no,no,no,False
100966598,METROPOLITAN NASHVILLE POLICE DEPT,20150894148,Davidson,Nashville,9/24/2015 5:19:00 PM,3,0,0,36.067240,-86.631060,MURFREESBORO PKE,,,,88.00,Feet,South,FOREST VIEW DR,,,,0.00,N,Not at Intersection,N,Non-Junction,None,,,         ,Kevin,Keating,Clear,Front to Rear,no,no,no,no,yes,False
100966605,METROPOLITAN NASHVILLE POLICE DEPT,20150894895,Davidson,Nashville,9/24/2015 10:21:00 PM,2,0,0,36.087400,-86.700770,I24 W ENT RAMP,,,,0.00,Feet,East,I 24,,,,0.00,N,Not at Intersection, ,Entrance/Exit Ramp Related,None,,,         ,Jessie,Meadows,Clear,Front to Rear,no,no,no,no,no,False
100966607,METROPOLITAN NASHVILLE POLICE DEPT,20150894197,Davidson,Nashville,9/24/2015 5:39:00 PM,2,1,0,36.140920,-86.761590,2ND AVS,,,,168.00,Feet,South,OLD RADNOR CAR LINE,,,,0.00,N,Not at Intersection,N,Non-Junction,None,,,         ,William,Durham,Clear,Not Collision with Motor Vehicle in Transport,no,no,no,no,no,False
100966608,METROPOLITAN NASHVILLE POLICE DEPT,20150894894,Davidson,Nashville,9/24/2015 9:49:00 PM,3,1,0,36.082780,-86.697910,I 24,,,,0.00,,,,,,,56.00,N,Not at Intersection,N,Non-Junction,None,,,         ,William,Durham,Clear,Not Collision with Motor Vehicle in Transport,no,no,no,no,yes,False
100966614,METROPOLITAN NASHVILLE POLICE DEPT,20150894196,Davidson,Nashville,9/24/2015 5:38:00 PM,3,0,0,36.044810,-86.662220,BELL RD,,,,204.00,Feet,West,CANE RIDGE RD,,,,0.00,N,Not at Intersection,N,Non-Junction,None,,,         ,Jason,Door,Clear,Front to Rear,no,no,no,no,no,False
100966638,METROPOLITAN NASHVILLE POLICE DEPT,20150895278,Davidson,Nashville,9/25/2015 12:42:00 AM,1,0,0,36.257610,-86.776850,BRICK CHURCH PKE,,,,0.00,,,BELLE ARBOR DR,,,,0.00,Y,T-Intersection,N,Non-Junction,None,,,         ,Ryan,Kozlowski,Clear,Not Collision with Motor Vehicle in Transport,no,no,no,no,no,False
100966656,METROPOLITAN NASHVILLE POLICE DEPT,2015-0895414,Davidson,Nashville,9/25/2015 1:48:00 AM,2,0,0,36.160910,-86.778180,BROADWAY,,,,175.00,Feet,North,OPRY PL,,,,0.00,N,Not at Intersection, ,"Driveway, Alley Access, etc",None,,,         ,Michael,Willis Jr.,Clear,Rear to Rear,no,no,no,no,no,False
100966663,METROPOLITAN NASHVILLE POLICE DEPT,20150895664,Davidson,Nashville,9/25/2015 4:40:00 AM,1,0,0,36.144910,-86.694170,I40 W EXT RAMP,,,,0.00,Feet,East,I40 W ENT RAMP,,,,0.00,N,Not at Intersection, ,Non-Junction,None,,,         ,Alyson,Cook,Clear,Not Collision with Motor Vehicle in Transport,no,no,no,no,no,False
100966666,METROPOLITAN NASHVILLE POLICE DEPT,20150892345,Davidson,Nashville,9/24/2015 6:26:00 AM,2,0,0,36.199890,-86.619020,LEBANON PKE,,,,200.00,Feet,South,LEBANON PKE PVTDR,,,,0.00,N,Not at Intersection, ,,None,,,         ,William,Kautzman,,,no,no,no,no,no,False
100966684,Metro Park Police,20150893634,Davidson,Not in City Limit,9/24/2015 2:40:00 PM,2,0,0,36.074030,-86.935310,HIGHWAY 70S,,,,0.00,,,COLICE JEANNE RD,,,,0.00,Y,Four-Way, ,Intersection,None,,,         ,Jerry,"Moore, Jr.",Clear,Front to Rear,no,no,no,no,no,False
100966685,METROPOLITAN NASHVILLE POLICE DEPT,20150893232,Davidson,Madison,9/24/2015 12:00:00 AM,2,0,0,36.254930,-86.702390,NEELYS CHASE DR,,,,50.00,Feet,South,NEELYS BEND RD,,,,0.00,N,Not at Intersection, ,Non-Junction,None,,,         ,Joshua,Borum,Clear,Front to Rear,no,no,no,no,no,False
100966691,METROPOLITAN NASHVILLE POLICE DEPT,20150895768,Davidson,Nashville,9/25/2015 5:58:00 AM,2,0,0,36.032560,-86.768700,CLOVERLAND DR,,,,0.00,,,JONES PKWY,,,,0.00,Y,Four-Way,N,Intersection-Related,None,,,         ,Jason,Thomas,Clear,Front to Rear,no,no,no,no,no,False
100966712,METROPOLITAN NASHVILLE POLICE DEPT,20150895934,Davidson,Not in City Limit,9/25/2015 7:20:00 AM,2,0,0,36.275500,-86.735460,I 65,,,,0.00,,,,,,,93.00,N,Not at Intersection, ,Non-Junction,None,,,         ,Caleb,Foster,Clear,Front to Rear,no,no,no,no,no,False
100966717,METROPOLITAN NASHVILLE POLICE DEPT,20150895885,Davidson,Not in City Limit,9/25/2015 7:00:00 AM,2,0,0,36.280100,-86.733430,I 65,,,,0.00,,,,,,,93.35,N,Not at Intersection, ,Non-Junction,None,,,         ,John,Tyree,Clear,Front to Rear,no,no,no,no,no,False
100966730,METROPOLITAN NASHVILLE POLICE DEPT,20150895889,Davidson,Nashville,9/25/2015 6:50:00 AM,2,0,0,36.282010,-86.731900,I 65,,,,0.00,,,,,,,93.50,N,Not at Intersection, ,Non-Junction,None,,,         ,Jordan,Lowry,Clear,"Sideswipe, Same Direction",no,no,no,no,no,False
100966731,METROPOLITAN NASHVILLE POLICE DEPT,2015-0893092,Davidson,Not in City Limit,9/24/2015 11:50:00 AM,1,1,0,36.083630,-86.951600,I 40,,,,0.00,,,,,,,196.65,N,Not at Intersection,N,Non-Junction,None,,,         ,Curtis,Rich,Clear,Not Collision with Motor Vehicle in Transport,no,no,no,no,no,False
100966737,METROPOLITAN NASHVILLE POLICE DEPT,20150895963,Davidson,Nashville,9/25/2015 7:42:00 AM,2,0,0,36.040310,-86.782410,I 65,,,,0.00,,,,,,,74.70,N,Not at Intersection,N,Non-Junction,None,,,         ,Arthur,Hummell,Clear,Front to Rear,no,no,no,no,no,False
100966754,METROPOLITAN NASHVILLE POLICE DEPT,20150896018,Davidson,Nashville,9/25/2015 8:11:00 AM,2,0,0,36.148760,-86.775040,I 40,,,,0.00,,,,,,,210.10,N,Not at Intersection, ,Entrance/Exit Ramp Related,None,,,         ,Nathan,Kemp,Clear,"Sideswipe, Same Direction",no,no,no,no,no,False
100966763,METROPOLITAN NASHVILLE POLICE DEPT,20150895977,Davidson,Nashville,9/25/2015 7:55:00 AM,2,0,0,36.148930,-86.798760,BROADWAY,,,,141.00,Feet,North,DIVISION ST,,,,0.00,N,Not at Intersection, ,Non-Junction,None,,,         ,Joshua,Dickall,Clear,"Sideswipe, Same Direction",no,no,no,no,no,Campus
100966771,METROPOLITAN NASHVILLE POLICE DEPT,20150895872,Davidson,Nashville,9/25/2015 6:57:00 AM,2,0,0,36.231910,-86.724850,GALLATIN PKE,,,,161.00,Feet,South,INGLEWOOD DR,,,,0.00,N,Not at Intersection,N,Non-Junction,None,,,         ,William,Crowe,Clear,Other,no,no,no,no,yes,False
100966778,METROPOLITAN NASHVILLE POLICE DEPT,2015-0896132,Davidson,Nashville,9/25/2015 9:04:00 AM,2,0,0,36.160800,-86.781800,7TH AVN,,,,0.00,,,COMMERCE ST,,,,0.00,Y,Four-Way, ,Intersection,None,,,         ,Daniel,Massey,Clear,Front to Rear,no,no,no,no,no,False
100966780,METROPOLITAN NASHVILLE POLICE DEPT,20150896126,Davidson,Nashville,9/25/2015 9:03:00 AM,2,1,0,36.110940,-86.745220,THOMPSON LN,,,,0.00,,,NOLENSVILLE PKE,,,,0.00,Y,Four-Way,N,Intersection,None,,,         ,Christopher,Hanor,Clear,Front to Rear,no,no,no,no,no,False
100966786,METROPOLITAN NASHVILLE POLICE DEPT,20150896121,Davidson,Nashville,9/25/2015 9:03:00 AM,2,0,0,36.063130,-86.637480,BELL RD,,,,73.00,Feet,South,RICE RD,,,,0.00,N,Not at Intersection, ,Non-Junction,None,,,         ,David,Simmonds,Clear,"Sideswipe, Same Direction",no,no,no,no,no,False
100966789,METROPOLITAN NASHVILLE POLICE DEPT,2015-0896282,Davidson,Nashville,9/25/2015 10:11:00 AM,2,1,0,36.149860,-86.857940,WHITE BRIDGE PKE,,,,105.00,Feet,South,CHARLOTTE PKE,,,,0.00,N,Not at Intersection,N,Non-Junction,None,,,         ,Curtis,Rich,Cloudy,Front to Rear,no,no,no,no,no,False
100966803,METROPOLITAN NASHVILLE POLICE DEPT,2015-0895908,Davidson,Nashville,9/25/2015 7:15:00 AM,2,3,0,36.067000,-86.686880,I 24,,,,0.00,,,,,,,57.20,N,Not at Intersection,N,Non-Junction,None,,,         ,John,Neely,Clear,Front to Rear,no,no,no,no,no,False
100966804,METROPOLITAN NASHVILLE POLICE DEPT,2015-0895967,Davidson,Nashville,9/25/2015 7:53:00 AM,2,0,0,36.066940,-86.686820,I 24,,,,0.00,,,,,,,57.20,N,Not at Intersection, ,Non-Junction,None,,,         ,John,Neely,Clear,Front to Rear,no,no,no,no,no,False
100966814,METROPOLITAN NASHVILLE POLICE DEPT,20150896264,Davidson,Nashville,9/25/2015 10:00:00 AM,1,0,0,36.130430,-86.788490,12TH AVS,,,,0.00,,,,,,,0.00,,, ,,Construction Zone,,,         ,David,Smith,,,no,no,no,no,no,False
100966831,BERRY HILL POLICE DEPT,15-3829,Davidson,Berry Hill,9/24/2015 2:20:00 PM,2,1,0,36.118860,-86.774590,BERRY RD,,,,0.00,,,FRANKLIN PKE,,,,0.00,Y,Four-Way,Y,Intersection,None,,,         ,Timothy,Coleman,Clear,Front to Rear,no,no,no,no,no,False
100966858,METROPOLITAN NASHVILLE POLICE DEPT,20150896498,Davidson,Nashville,9/25/2015 11:16:00 AM,2,0,0,36.112330,-86.767020,POWELL AV,,,,0.00,,,THOMPSON LN,,,,0.00,Y,Four-Way, ,Intersection,None,,,         ,Nathan,Kemp,Clear,"Sideswipe, Same Direction",no,no,no,no,no,False
100966882,METROPOLITAN NASHVILLE POLICE DEPT,201500895952,Davidson,Nashville,9/25/2015 7:18:00 AM,2,0,0,36.051730,-86.743180,EDMONDSON PKE,,,,173.00,Feet,South,HUNTINGTON PKWY,,,,0.00,N,Not at Intersection, ,Non-Junction,None,,,         ,Phillip,Murphy,Clear,Angle,no,no,no,no,no,False
100966897,METROPOLITAN NASHVILLE POLICE DEPT,2015-0896614,Davidson,Nashville,9/25/2015 12:34:00 PM,1,1,0,36.128370,-86.842390,HARDING PKE,,,,526.00,Feet,East,WOODLAWN DR,,,,0.00,N,Not at Intersection,N,Non-Junction,None,,,         ,Curtis,Rich,Cloudy,Not Collision with Motor Vehicle in Transport,no,no,no,no,no,False
100966916,METROPOLITAN NASHVILLE POLICE DEPT,20150896079,Davidson,Not in City Limit,9/25/2015 8:39:00 AM,2,0,0,36.258420,-86.738450,I 65,,,,0.00,,,,,,,91.85,N,Not at Intersection,N,Non-Junction,None,,,         ,John,Tyree,Clear,Front to Rear,no,no,no,no,yes,False
100966920,METROPOLITAN NASHVILLE POLICE DEPT,20150896662,Davidson,Nashville,9/25/2015 12:54:00 PM,1,1,0,36.145740,-86.653780,MCCRORY CREEK RD,,,,806.00,Feet,East,HURT DR,,,,0.00,N,Not at Intersection,N,Non-Junction,None,,,         ,Larry,Benz,Rain,Not Collision with Motor Vehicle in Transport,no,no,no,no,no,False
100966939,METROPOLITAN NASHVILLE POLICE DEPT,20150896696,Davidson,Nashville,9/25/2015 1:11:00 PM,2,0,0,36.176960,-86.751430,S 10TH ST,,,,0.00,,,WOODLAND ST,,,,0.00,Y,Four-Way, ,Non-Junction,None,,,         ,Ian,Herlein,Cloudy,Front to Rear,no,no,no,no,no,False
100966941,METROPOLITAN NASHVILLE POLICE DEPT,20150896584,Davidson,Nashville,9/25/2015 12:17:00 PM,1,1,0,36.218580,-86.803780,WHITES CREEK PKE,,,,178.00,Feet,North,MOORMANS ARM RD,,,,0.00,N,Not at Intersection,N,Non-Junction,None,,,         ,Michael,McCord,Cloudy,Not Collision with Motor Vehicle in Transport,no,yes,no,no,yes,False
100966956,METROPOLITAN NASHVILLE POLICE DEPT,20150896740,Davidson,Not in City Limit,9/25/2015 10:59:00 AM,1,0,0,36.318130,-86.888630,CLARKSVILLE PKE,,,,0.00,,,CHAMBLISS RD,,,,0.00,Y,T-Intersection,N,Non-Junction,None,,,         ,Noah,Melton,Cloudy,Not Collision with Motor Vehicle in Transport,no,no,no,no,no,False
100966965,METROPOLITAN NASHVILLE POLICE DEPT,20150896311,Davidson,Nashville,9/25/2015 9:29:00 AM,2,0,0,36.060490,-86.680410,I 24,,,,0.00,,,,,,,57.80,N,Not at Intersection,N,Non-Junction,None,,,         ,David,Simmonds,Clear,"Sideswipe, Same Direction",no,no,no,no,no,False
100966986,METROPOLITAN NASHVILLE POLICE DEPT,20150895987,Davidson,Nashville,9/25/2015 7:42:00 AM,2,0,0,36.108700,-86.744070,TANKSLEY AV,,,,0.00,,,NOLENSVILLE PKE,,,,0.00,Y,Four-Way, ,,None,,,         ,Ian,Hammond,,,no,no,no,no,no,False
100967028,METROPOLITAN NASHVILLE POLICE DEPT,20150896703,Davidson,Nashville,9/25/2015 1:08:00 PM,2,4,0,36.050730,-86.646910,BELL FORGE LNE,,,,0.00,,,BELL RD,,,,0.00,Y,Four-Way,N,Intersection,None,,,         ,Megan,Arnett,Rain,Angle,no,no,no,no,no,False
100967039,METROPOLITAN NASHVILLE POLICE DEPT,20150896830,Davidson,Nashville,9/25/2015 2:30:00 PM,2,0,0,36.095020,-86.880400,HARDING PKE,,,,445.00,Feet,East,BROOK HOLLOW RD,,,,0.00,N,Not at Intersection, ,Non-Junction,Maintenance Zone,,,         ,Tyler,Reese,Rain,Front to Rear,no,no,no,no,no,False
100967041,METROPOLITAN NASHVILLE POLICE DEPT,20150896862,Davidson,Nashville,9/25/2015 2:29:00 PM,2,0,0,36.060730,-86.916150,HIGHWAY 100,,,,0.00,,,OLD HICKORY BLVD,,,,0.00,Y,T-Intersection, ,Intersection-Related,None,,,         ,Brandon,Pedigo,Cloudy,Front to Rear,no,no,no,no,no,False
100967049,METROPOLITAN NASHVILLE POLICE DEPT,20150896902,Davidson,Nashville,9/25/2015 3:04:00 PM,2,2,0,36.195990,-86.742610,GALLATIN AV,,,,0.00,,,CAHAL AV,,,,0.00,Y,T-Intersection,N,Intersection,None,,,         ,Cressie,Prill,Rain,Angle,no,no,no,no,no,False
100967056,METROPOLITAN NASHVILLE POLICE DEPT,20150896892,Davidson,Nashville,9/25/2015 3:03:00 PM,2,1,0,36.142910,-86.666640,DONELSON PKE,,,,224.00,Feet,North,I40 W ENT RAMP,,,,0.00,N,Not at Intersection,N,Non-Junction,None,,,         ,Bradley,McIntyre,Rain,Angle,no,no,no,no,no,False
100967063,METROPOLITAN NASHVILLE POLICE DEPT,20150896920,Davidson,Nashville,9/25/2015 3:16:00 PM,1,0,0,36.134820,-86.775480,I 65,,,,0.00,,,,,,,81.40,N,Not at Intersection,N,Non-Junction,None,,,         ,Clyde,Stambaugh,Rain,Not Collision with Motor Vehicle in Transport,no,no,no,no,no,False
100967067,METROPOLITAN NASHVILLE POLICE DEPT,20150896894,Davidson,Nashville,9/25/2015 2:55:00 PM,2,0,0,36.172150,-86.768590,I 24,,,,0.00,,,,,,,48.30,N,Not at Intersection,N,Non-Junction,None,,,         ,Joshua,Murray,Rain,Front to Rear,no,no,no,no,no,False
100967074,METROPOLITAN NASHVILLE POLICE DEPT,20150896972,Davidson,Not in City Limit,9/25/2015 12:00:00 AM,2,0,0,36.271790,-86.761460,OLD HICKORY BLVD,,,,0.00,,,MARYDALE DR,,,,0.00,Y,Four-Way, ,,None,,,         ,Joshua,Reece,,,no,no,no,no,no,False
100967078,METROPOLITAN NASHVILLE POLICE DEPT,20150896866,Davidson,Nashville,9/25/2015 2:42:00 PM,2,0,0,36.162780,-86.789130,CHARLOTTE AV,,,,26.00,Feet,West,GULCH GRNWY,,,,0.00,N,Not at Intersection, ,Non-Junction,None,,,         ,Derek,Betty,Rain,Front to Rear,no,no,no,no,no,False
100967080,METROPOLITAN NASHVILLE POLICE DEPT,20150894683,Davidson,Nashville,9/24/2015 8:36:00 PM,2,5,0,36.187780,-86.794320,I 65,,,,0.00,,,,,,,85.45,N,Not at Intersection,N,Non-Junction,None,,,         ,Michael,Osuna,Clear,Front to Rear,no,no,no,no,no,False
100967088,GOODLETTSVILLE POLICE DEPT,15-36047,Davidson,Goodlettsville,9/25/2015 3:58:00 PM,1,1,0,36.326301,-86.718296,OLD BRICK CHURCH PIKE,,,,400.00,Feet,West,BELL STREET,,,,0.00,N,Not at Intersection,N,Non-Junction,None,,,         ,Daniel,Knalls,Rain,Not Collision with Motor Vehicle in Transport,no,no,no,no,no,False
100967095,METROPOLITAN NASHVILLE POLICE DEPT,20150896833,Davidson,Not in City Limit,9/25/2015 2:12:00 PM,2,0,0,36.261570,-86.677840,SANDHURST DR,,,,134.00,Feet,North,LONDON BRIDGE RD,,,,0.00,N,Not at Intersection,N,Non-Junction,None,,,         ,Daniel,Caruth,Rain,HeadOn,no,no,no,no,no,False
100967097,METROPOLITAN NASHVILLE POLICE DEPT,20150896868,Davidson,Nashville,9/25/2015 2:50:00 PM,3,0,0,36.044850,-86.663050,BELL RD,,,,450.00,Feet,West,CANE RIDGE RD,,,,0.00,N,Not at Intersection,N,Non-Junction,None,,,         ,Jessie,Meadows,Rain,Front to Rear,no,no,no,no,yes,False
100967098,METROPOLITAN NASHVILLE POLICE DEPT,20150896873,Davidson,Nashville,9/25/2015 3:24:00 PM,2,0,0,36.045680,-86.674090,BELL RD,,,,78.00,Feet,East,BLUE HOLE RD,,,,0.00,N,Not at Intersection, ,Non-Junction,None,,,         ,Jessie,Meadows,Rain,Front to Rear,no,no,no,no,no,False
100967099,METROPOLITAN NASHVILLE POLICE DEPT,20150896949,Davidson,Nashville,9/25/2015 3:55:00 PM,2,0,0,36.025220,-86.664630,PRESTON RD,,,,37.00,Feet,East,PETTUS RD,,,,0.00,N,Not at Intersection, ,Non-Junction,None,,,         ,Jessie,Meadows,Rain,Front to Rear,no,no,no,no,no,False
100967100,METROPOLITAN NASHVILLE POLICE DEPT,20150896929,Davidson,Nashville,9/25/2015 3:20:00 PM,2,1,0,36.098890,-86.871890,HEADY DR,,,,0.00,,,HIGHWAY 100,,,,0.00,Y,Four-Way,N,Intersection,None,,,         ,Mark,Hatt,Rain,Angle,no,no,no,no,no,False
100967118,METROPOLITAN NASHVILLE POLICE DEPT,20150897082,Davidson,Nashville,9/25/2015 4:10:00 PM,1,0,0,36.191420,-86.725950,RIVERSIDE DR,,,,428.00,Feet,North,CREIGHTON AV,,,,0.00,N,Not at Intersection,N,Non-Junction,None,,,         ,Kevin,Reynolds,Rain,Not Collision with Motor Vehicle in Transport,no,no,no,no,no,False
100967120,METROPOLITAN NASHVILLE POLICE DEPT,20150897014,Davidson,Nashville,9/25/2015 4:00:00 PM,2,3,0,36.091340,-86.771390,FRANKLIN PKE,,,,8.00,Feet,South,ELYSIAN FIELDS RD,,,,0.00,N,Not at Intersection,N,Non-Junction,None,,,         ,Brenton,Adcox,Rain,HeadOn,no,no,no,no,no,False
100967121,METROPOLITAN NASHVILLE POLICE DEPT,20150897075,Davidson,Nashville,9/25/2015 4:33:00 PM,2,0,0,36.216080,-86.813180,CHATEAU VALLEY DR,,,,0.00,,,MOORMANS ARM RD,,,,0.00,Y,Four-Way, ,Intersection,None,,,         ,Robert,Erickson,Rain,Front to Rear,no,no,no,no,no,False
100967125,METROPOLITAN NASHVILLE POLICE DEPT,20150896960,Davidson,Nashville,9/25/2015 2:25:00 PM,2,1,0,36.162190,-86.798000,JO JOHNSTON AV,,,,0.00,,,16TH AVN,,,,0.00,Y,OTHER,N,Non-Junction,None,,,         ,Jeanine,Sarno,Rain,Angle,no,no,no,no,no,False
100967129,METROPOLITAN NASHVILLE POLICE DEPT,20150896919,Davidson,Nashville,9/25/2015 3:20:00 PM,2,1,0,36.169610,-86.672050,LEBANON PKE,,,,136.00,Feet,West,BLUEFIELD AV,,,,0.00,N,Not at Intersection,N,Non-Junction,None,,,         ,Austin,Childress,Rain,Angle,no,no,no,no,no,False
100967130,METROPOLITAN NASHVILLE POLICE DEPT,20150897101,Davidson,Nashville,9/25/2015 4:42:00 PM,2,0,0,36.128120,-86.707280,PATRICIA DR,,,,334.00,Feet,North,THOMPSON PL,,,,0.00,N,Not at Intersection, ,Non-Junction,None,,,         ,Michael,Apsey,Cloudy,Front to Rear,no,no,no,no,no,False
100967131,VANDERBILT UNIVERSITY POLICE,15-0897098,Davidson,Nashville,9/25/2015 4:08:00 PM,1,0,0,36.142480,-86.800590,MEDICAL CENTER DR,,,,0.00,,,,,,,0.00,,Not at Intersection, ,Non-Junction,None,,,         ,Cheryl,Bradley,Rain,Not Collision with Motor Vehicle in Transport,no,no,no,yes,no,Campus
100967134,METROPOLITAN NASHVILLE POLICE DEPT,20150897164,Davidson,Nashville,9/25/2015 4:58:00 PM,2,0,0,36.162290,-86.785600,YMCA WAY,,,,85.00,Feet,West,ROSA L PARKS BLVD EXT RAMP,,,,0.00,N,Not at Intersection, ,Non-Junction,None,,,         ,Derek,Betty,Rain,"Sideswipe, Same Direction",no,no,no,no,no,False
100967136,METROPOLITAN NASHVILLE POLICE DEPT,20150896939,Davidson,Nashville,9/25/2015 3:31:00 PM,1,1,0,36.120530,-86.750020,PEACHTREE ST,,,,0.00,,,NOLENSVILLE PKE,,,,0.00,Y,Four-Way,Y,Intersection,None,,,         ,Nicholas,Smith,Rain,Not Collision with Motor Vehicle in Transport,yes,no,no,no,no,False
100967139,METROPOLITAN NASHVILLE POLICE DEPT,20150897182,Davidson,Nashville,9/25/2015 5:03:00 PM,2,0,0,36.191120,-86.797200,VANTAGE WAY,,,,0.00,,,FRENCH LANDING DR,,,,0.00,Y,Four-Way, ,,None,,,         ,Joshua,Hausman,,,no,no,no,no,no,False
100967141,METROPOLITAN NASHVILLE POLICE DEPT,20150894424,Davidson,Nashville,9/24/2015 3:20:00 AM,1,0,0,36.238740,-86.671580,NEELYS BEND RD,,,,136.00,Feet,North,NEELYS BEND CIR,,,,0.00,N,Not at Intersection, ,,None,,,         ,Samuel,Miller,,,no,no,no,no,no,False