master_record_number,agency,agency_tracking_number,county,city,collision_date,vehicles_involved,number_injured,number_dead,latitude,longitude,roadway_name,roadway_suffix,roadway_number,roadway_local_id,distance_from_reference,miles-feet_indicator,direction_from_reference,intersection_road_name,intersection_road_name_suffix,intersection_road_number,intersection_local_id,mile_marker,intersection_indicator,intersect_type,interchange_related_indicator,relation_to_junction,work_zone_type,construction_maintenance_zone,construction_maintenance_zone_location,fatal_case_number,officer_first_name,officer_last_name,weather_condition(s),manner_of_crash,pedestrian,bicycle,scooter,parking,hitrun,mou
100970316,BERRY HILL POLICE DEPT,15-3908,Davidson,Berry Hill,9/29/2015 12:00:00 AM,2,1,0,36.112010,-86.763810,THOMPSON LN,,,,263.00,Feet,West,E IRIS DR,,,,0.00,N,Not at Intersection,N,Non-Junction,None,,,         ,John,Gleixner,Clear,Rear to Rear,no,no,no,yes,no,False
100970324,METROPOLITAN NASHVILLE POLICE DEPT,20150911785,Davidson,Nashville,9/30/2015 4:40:00 PM,1,0,0,36.086870,-86.730230,NOLENSVILLE PKE,,,,0.00,,,ELYSIAN FIELDS CT,,,,0.00,Y,Four-Way, ,Intersection,None,,,         ,Eric,Burford,Clear,Not Collision with Motor Vehicle in Transport,no,no,no,no,no,False
100970325,METROPOLITAN NASHVILLE POLICE DEPT,2015-0911652,Davidson,Nashville,9/30/2015 3:58:00 PM,2,0,0,36.129450,-86.854570,WHITE BRIDGE PKE,,,,0.00,,,TARGET PVTDR,,,,0.00,Y,Four-Way,N,Intersection,None,,,         ,Walter,Gray II,Cloudy,Angle,no,no,no,no,no,False
100970337,METROPOLITAN NASHVILLE POLICE DEPT,20150911867,Davidson,Nashville,9/30/2015 4:56:00 PM,2,0,0,36.048800,-86.713670,NOLENSVILLE PKE,,,,0.00,,,HICKORYVIEW DR,,,,0.00,Y,T-Intersection, ,Intersection,None,,,         ,Clyde,Stambaugh,Clear,Angle,no,no,no,no,no,False
100970338,METROPOLITAN NASHVILLE POLICE DEPT,20150911909,Davidson,Nashville,9/30/2015 5:13:00 PM,2,0,0,36.191780,-86.615660,OLD HICKORY BLVD,,,,269.00,Feet,South,HERMITAGE MARKETPLACE PVTDR,,,,0.00,N,Not at Intersection, ,Non-Junction,None,,,         ,Shawn,Taylor,Cloudy,Front to Rear,no,no,no,no,no,False
100970340,METROPOLITAN NASHVILLE POLICE DEPT,20150911732,Davidson,Nashville,9/30/2015 4:25:00 PM,2,0,0,36.045260,-86.717040,OLD HICKORY BLVD,,,,0.00,,,HICKORY PLZ,,,,0.00,Y,Four-Way,N,Intersection-Related,None,,,         ,Tien,Nguyen,Clear,Front to Rear,no,no,no,no,yes,False
100970346,BERRY HILL POLICE DEPT,15-3924,Davidson,Berry Hill,9/30/2015 2:30:00 PM,2,0,0,36.121370,-86.775450,FRANKLIN PKE,,,,0.00,,,KIRKWOOD AV,,,,0.00,Y,Four-Way, ,Intersection,Construction Zone,,,         ,John,Gleixner,Clear,Angle,no,no,no,no,no,False
100970348,METROPOLITAN NASHVILLE POLICE DEPT,20150911416,Davidson,Nashville,9/30/2015 2:42:00 PM,2,0,0,36.083380,-86.727470,NOLENSVILLE PKE,,,,8.00,Feet,South,WELCH RD,,,,0.00,N,Not at Intersection, ,Non-Junction,None,,,         ,William,Durham,Cloudy,Angle,no,no,no,no,no,False
100970349,METROPOLITAN NASHVILLE POLICE DEPT,20150911941,Davidson,Nashville,9/30/2015 4:25:00 PM,2,0,0,36.122890,-86.750860,I 440,,,,0.00,,,,,,,6.30,N,Not at Intersection,N,Non-Junction,None,,,         ,William,Durham,Cloudy,Front to Rear,no,no,no,no,yes,False
100970359,METROPOLITAN NASHVILLE POLICE DEPT,20150911690,Davidson,Nashville,9/30/2015 4:33:00 PM,2,0,0,36.128180,-86.728330,I 24,,,,0.00,,,,,,,51.30,N,Not at Intersection, ,Non-Junction,None,,,         ,Jessie,Meadows,Clear,Front to Rear,no,no,no,no,no,False
100970360,METROPOLITAN NASHVILLE POLICE DEPT,20150911810,Davidson,Nashville,9/30/2015 5:00:00 PM,2,0,0,36.105540,-86.718040,I 24,,,,0.00,,,,,,,54.05,N,Not at Intersection, ,Non-Junction,None,,,         ,Jessie,Meadows,Rain,Other,no,no,no,no,no,False
100970361,METROPOLITAN NASHVILLE POLICE DEPT,20150911938,Davidson,Nashville,9/30/2015 5:32:00 PM,2,0,0,36.105540,-86.718040,I 24,,,,0.00,,,,,,,54.05,N,Not at Intersection,N,Non-Junction,None,,,         ,Jessie,Meadows,Rain,Front to Rear,no,no,no,no,no,False
100970365,METROPOLITAN NASHVILLE POLICE DEPT,20150911586,Davidson,Nashville,9/30/2015 3:45:00 PM,1,0,0,36.169040,-86.693920,JUNE DR,,,,84.00,Feet,East,AMHERST DR,,,,0.00,N,Not at Intersection,N,OtherLocation,None,,,         ,Brent,Palte,Cloudy,Not Collision with Motor Vehicle in Transport,no,no,no,yes,yes,False
100970366,METROPOLITAN NASHVILLE POLICE DEPT,20150911874,Davidson,Nashville,9/30/2015 5:07:00 PM,2,1,0,36.169100,-86.766300,I 24,,,,0.00,,,,,,,48.75,N,Not at Intersection,N,Non-Junction,None,,,         ,Cressie,Prill,Rain,Front to Rear,no,no,no,no,no,False
100970367,VANDERBILT UNIVERSITY POLICE,15-0911896,Davidson,Nashville,9/30/2015 4:50:00 PM,2,0,0,36.143020,-86.806290,25TH AVS,,,,0.00,,,,,,,0.00,,Not at Intersection, ,Non-Junction,None,,,         ,Errikka,Wilbourn,Cloudy,"Sideswipe, Same Direction",no,no,no,yes,no,Campus
100970377,METROPOLITAN NASHVILLE POLICE DEPT,20150911784,Davidson,Nashville,9/30/2015 4:39:00 PM,3,1,0,36.163380,-86.787800,CHARLOTTE AV,,,,0.00,,,10TH CIRN,,,,0.00,Y,Four-Way,N,Intersection,None,,,         ,Pedro,Rivera Chaparro,Clear,Angle,no,no,no,no,no,False
100970379,METROPOLITAN NASHVILLE POLICE DEPT,20150912151,Davidson,Nashville,9/30/2015 6:55:00 PM,2,1,0,36.080380,-86.723110,HARDING PL,,,,58.00,Feet,East,HARDING MALL DR,,,,0.00,N,Not at Intersection,N,Non-Junction,None,,,         ,Jessie,Meadows,Rain,Front to Rear,no,no,no,no,yes,False
100970383,METROPOLITAN NASHVILLE POLICE DEPT,20150912178,Davidson,Nashville,9/30/2015 6:48:00 PM,2,0,0,36.128590,-86.777890,FRANKLIN PKE,,,,0.00,,,8TH AVS,,,,0.00,Y,Four-Way,N,Intersection-Related,None,,,         ,Tien,Nguyen,Rain,"Sideswipe, Same Direction",no,no,no,no,yes,False
100970386,METROPOLITAN NASHVILLE POLICE DEPT,20150912153,Davidson,Nashville,9/30/2015 6:49:00 PM,2,0,0,36.143500,-86.794410,EDGEHILL AV,,,,0.00,,,17TH AVS,,,,0.00,Y,Four-Way, ,Intersection,None,,,         ,Clyde,Stambaugh,Rain,Angle,no,no,no,no,no,Campus
100970397,METROPOLITAN NASHVILLE POLICE DEPT,20150902363,Davidson,Madison,9/27/2015 6:15:00 PM,2,0,0,36.238810,-86.723860,GALLATIN PKES,,,,0.00,,,WALTON LN,,,,0.00,Y,T-Intersection, ,Intersection,None,,,         ,Carlos,Urrutia,Clear,Front to Rear,no,no,no,no,no,False
100970398,METROPOLITAN NASHVILLE POLICE DEPT,20150912183,Davidson,Nashville,9/30/2015 6:20:00 PM,2,0,0,36.126670,-86.814900,I 440,,,,0.00,,,,,,,2.25,N,Not at Intersection, ,Non-Junction,None,,,         ,Torian,Cox,Rain,Front to Rear,no,no,no,no,yes,False
100970418,METROPOLITAN NASHVILLE POLICE DEPT,20150912416,Davidson,Nashville,9/30/2015 7:36:00 PM,2,0,0,36.181400,-86.749390,GALLATIN AV,,,,30.00,Feet,North,MANSFIELD ST,,,,0.00,N,Not at Intersection,N,Non-Junction,None,,,         ,Daniel,Garrett,Cloudy,Angle,no,no,no,no,yes,False
100970427,METROPOLITAN NASHVILLE POLICE DEPT,20150912026,Davidson,Nashville,9/30/2015 12:00:00 AM,2,0,0,36.104270,-86.795380,MAPLEHURST AV,,,,326.00,Feet,East,GRANNY WHITE PKE,,,,0.00,N,Not at Intersection, ,Non-Junction,None,,,         ,Tien,Nguyen,Cloudy,Angle,no,no,no,no,no,False
100970436,METROPOLITAN NASHVILLE POLICE DEPT,20150912187,Davidson,Nashville,9/30/2015 7:00:00 PM,2,3,0,36.080440,-86.717940,JONQUIL DR,,,,12.00,Feet,North,HARDING PL,,,,0.00,N,Not at Intersection,N,Non-Junction,None,,,         ,William,Durham,Rain,HeadOn,no,no,no,no,no,False
100970440,METROPOLITAN NASHVILLE POLICE DEPT,20150912212,Davidson,Nashville,9/30/2015 7:07:00 PM,2,1,0,36.195510,-86.744390,TREVECCA AV,,,,0.00,,,MCCLURKAN AV,,,,0.00,Y,Four-Way,N,Intersection,None,,,         ,Cressie,Prill,Rain,Angle,no,no,no,no,yes,False
100970445,METROPOLITAN NASHVILLE POLICE DEPT,20150912030,Davidson,Nashville,9/30/2015 5:45:00 PM,2,0,0,36.200320,-86.618600,LEBANON PKE PVTDR,,,,0.00,,,LEBANON PKE,,,,0.00,Y,Four-Way, ,Non-Junction,None,,,         ,Darryl,Williams,Rain,Angle,no,no,no,no,no,False
100970448,METROPOLITAN NASHVILLE POLICE DEPT,20150912356,Davidson,Nashville,9/30/2015 7:54:00 PM,1,0,0,36.079780,-86.678010,FRANKLIN LIMESTONE RD,,,,626.00,Feet,South,MULLINS RD,,,,0.00,N,Not at Intersection,N,Non-Junction,None,,,         ,William,Durham,Rain,Not Collision with Motor Vehicle in Transport,no,no,no,no,no,False
100970451,METROPOLITAN NASHVILLE POLICE DEPT,20150911818,Davidson,Nashville,9/30/2015 4:52:00 PM,2,0,0,36.192970,-86.801830,ROSA L PARKS BLVD,,,,0.00,,,ATHENS WAY,,,,0.00,Y,Four-Way, ,Intersection,None,,,         ,Michael,Brooks,Cloudy,Front to Rear,no,no,no,no,no,False
100970452,METROPOLITAN NASHVILLE POLICE DEPT,20150912567,Davidson,Nashville,9/30/2015 8:35:00 PM,2,0,0,36.160840,-86.774490,2ND AVS,,,,0.00,,,SHELBY ST PEDESTRIAN BRIDGE GR,,,,0.00,Y,OTHER,Y,Intersection,None,,,         ,Michael,Brooks,Cloudy,Front to Rear,no,no,no,no,yes,False
100970459,METROPOLITAN NASHVILLE POLICE DEPT,20150912311,Davidson,Nashville,9/30/2015 8:13:00 PM,2,0,0,36.085900,-86.649190,UNA ANTIOCH PKE,,,,399.00,Feet,South,MURFREESBORO PKE,,,,0.00,N,Not at Intersection,N,Non-Junction,None,,,         ,Jessie,Meadows,Rain,Angle,no,no,no,no,no,False
100970465,METROPOLITAN NASHVILLE POLICE DEPT,20150907689,Davidson,Madison,9/29/2015 2:15:00 PM,2,0,0,36.261600,-86.677850,SANDHURST DR,,,,0.00,,,E OLD HICKORY BLVD,,,,0.00,Y,OTHER,N,Intersection,None,,,         ,William,Estes,Cloudy,Angle,no,no,no,no,no,False
100970488,METROPOLITAN NASHVILLE POLICE DEPT,20150912650,Davidson,Nashville,9/30/2015 9:50:00 PM,3,1,0,36.044850,-86.663050,BELL RD,,,,450.00,Feet,West,CANE RIDGE RD,,,,0.00,N,Not at Intersection,N,Non-Junction,None,,,         ,Jessie,Meadows,Rain,Front to Rear,no,no,no,no,no,False
100970494,METROPOLITAN NASHVILLE POLICE DEPT,20150911709,Davidson,Antioch,9/30/2015 2:46:00 PM,2,0,0,36.009930,-86.612310,HEIL QUAKER BLVD,,,,0.00,Feet,East,BRIDGESTONE PKWY,,,,0.00,N,Not at Intersection,N,"Driveway, Alley Access, etc",None,,,         ,Kevin,Keating,Clear,Angle,no,no,no,no,yes,False
100970495,METROPOLITAN NASHVILLE POLICE DEPT,20150911674,Davidson,Nashville,9/30/2015 3:18:00 PM,3,0,0,36.045490,-86.711950,OLD HICKORY BLVD,,,,391.00,Feet,East,NOLENSVILLE PKE,,,,0.00,N,Not at Intersection,N,"Driveway, Alley Access, etc",None,,,         ,Kevin,Keating,Clear,Angle,no,no,no,no,no,False
100970496,METROPOLITAN NASHVILLE POLICE DEPT,20150912023,Davidson,Nashville,9/30/2015 9:00:00 AM,2,0,0,36.026690,-86.711290,ALTHORP WAY,,,,54.00,Feet,South,LORDS CHAPEL DR,,,,0.00,N,Not at Intersection,N,Non-Junction,None,,,         ,Kevin,Keating,Unknown,Unknown,no,no,no,no,yes,False
100970497,METROPOLITAN NASHVILLE POLICE DEPT,20150912444,Davidson,Nashville,9/30/2015 8:19:00 PM,2,0,0,36.064790,-86.628480,HAMILTON CHURCH RD,,,,0.00,,,MURFREESBORO PKE,,,,0.00,Y,Four-Way, ,Intersection-Related,None,,,         ,Kevin,Keating,Cloudy,Front to Rear,no,no,no,no,no,False
100970499,METROPOLITAN NASHVILLE POLICE DEPT,20150912820,Davidson,Nashville,9/30/2015 12:00:00 AM,1,0,0,36.096570,-86.644480,SMITH SPRINGS RD,,,,1026.00,Feet,West,UNA RECREATION RD,,,,0.00,N,Not at Intersection,N,Non-Junction,None,,,         ,Marcus,Mitchell,Cloudy,Not Collision with Motor Vehicle in Transport,no,no,no,no,no,False
100970505,METROPOLITAN NASHVILLE POLICE DEPT,20150901137,Davidson,Nashville,9/27/2015 3:50:00 AM,3,0,0,36.111580,-86.711430,BRILEY PKWYS,,,,368.00,Feet,East,BRILEY PKWYN,,,,0.00,N,Not at Intersection,N,Non-Junction,None,,,         ,Thomas,Burns,Rain,"Sideswipe, Same Direction",no,no,no,no,no,False
100970514,METROPOLITAN NASHVILLE POLICE DEPT,20150896928,Davidson,Madison,9/25/2015 1:57:00 PM,2,0,0,36.262210,-86.712210,GALLATIN PKES,,,,0.00,,,E OLD HICKORY BLVD,,,,0.00,Y,Four-Way,N,Intersection-Related,None,,,         ,Carlos,Urrutia,Rain,Front to Rear,no,no,no,no,yes,False
100970553,METROPOLITAN NASHVILLE POLICE DEPT,20150907072,Davidson,Nashville,9/29/2015 10:00:00 AM,2,1,0,36.135980,-86.790730,14TH AVS,,,,0.00,,,WEDGEWOOD AV,,,,0.00,Y,Four-Way,N,Intersection-Related,None,,,         ,Gregory,Lindstrom,Rain,Angle,no,no,no,no,no,False
100970573,METROPOLITAN NASHVILLE POLICE DEPT,20150910190,Davidson,Nashville,9/30/2015 7:15:00 AM,2,0,0,36.154100,-86.837070,I 40,,,,0.00,,,,,,,205.10,N,Not at Intersection,N,Non-Junction,None,,,         ,Daniel,Alford,Cloudy,Front to Rear,no,no,no,no,no,False
100970575,METROPOLITAN NASHVILLE POLICE DEPT,20150911220,Davidson,Nashville,9/30/2015 1:42:00 PM,2,0,0,36.114840,-86.747240,NOLENSVILLE PKE,,,,99.00,Feet,North,CENTRAL AV,,,,0.00,N,Not at Intersection,N,Non-Junction,None,,,         ,Marc,Haugen,Rain,Front to Rear,no,no,no,no,no,False
100970592,METROPOLITAN NASHVILLE POLICE DEPT,20150911306,Davidson,Nashville,9/30/2015 2:11:00 PM,1,0,0,36.090200,-86.633140,NASHBORO BLVD,,,,292.00,Feet,West,LAKESIDE VILLAS PVTDR,,,,0.00,N,Not at Intersection,N,Non-Junction,None,,,         ,James,Curtis,Cloudy,Not Collision with Motor Vehicle in Transport,no,no,no,yes,yes,False
100970615,VANDERBILT UNIVERSITY POLICE,15-0910711,Davidson,Nashville,9/30/2015 9:45:00 AM,1,1,0,36.138950,-86.803660,CHILDRENS WAY,,,,206.00,Feet,West,23RD AVE S,,,,0.00,N,Not at Intersection,N,"Driveway, Alley Access, etc",None,,,         ,Tiffany,Alexander,Cloudy,Not Collision with Motor Vehicle in Transport,yes,no,no,yes,no,Campus
100970673,METROPOLITAN NASHVILLE POLICE DEPT,2015-0911254,Davidson,Nashville,9/30/2015 1:35:00 PM,2,0,0,36.183820,-86.748370,EASTLAND AV,,,,0.00,,,GALLATIN AV,,,,0.00,Y,T-Intersection, ,Intersection,None,,,         ,Coleman,Womack,Cloudy,"Sideswipe, Same Direction",no,no,no,no,no,False
100970685,METROPOLITAN NASHVILLE POLICE DEPT,20150901824,Davidson,Nashville,9/27/2015 12:04:00 PM,2,0,0,36.142120,-86.775780,CHESTNUT ST,,,,0.00,,,FORT NEGLEY BLVD,,,,0.00,Y,Four-Way,Y,Intersection-Related,None,,,         ,John,Daugherty,Clear,Angle,no,no,no,no,no,False
100970700,METROPOLITAN NASHVILLE POLICE DEPT,2015-0910400,Davidson,Nashville,9/30/2015 8:18:00 AM,2,0,0,36.195450,-86.776150,I 65,,,,0.00,,,,,,,86.55,N,Not at Intersection,Y,Entrance/Exit Ramp Related,None,,,         ,Darryl,Morton,Cloudy,Front to Rear,no,no,no,no,yes,False
100970745,METROPOLITAN NASHVILLE POLICE DEPT,2015-0911328,Davidson,Nashville,9/30/2015 2:18:00 PM,3,1,0,36.080400,-86.717930,HARDING PL,,,,0.00,,,RECOVERY RD,,,,0.00,Y,Four-Way,N,Intersection,Utility Zone,Other,Activity Area,         ,William,Whitworth,Cloudy,Angle,no,no,no,no,yes,False
100970782,METROPOLITAN NASHVILLE POLICE DEPT,20150911232,Davidson,Nashville,9/30/2015 1:50:00 PM,2,0,0,36.210350,-86.775830,I 65,,,,0.00,,,,,,,87.60,N,Not at Intersection,N,Non-Junction,Construction Zone,Work On Shoulder Or Median,Activity Area,         ,Aaron,Wigginton,Cloudy,"Sideswipe, Same Direction",no,no,no,no,no,False
100970832,METROPOLITAN NASHVILLE POLICE DEPT,20150912775,Davidson,Not in City Limit,9/30/2015 10:24:00 PM,2,4,0,36.261600,-86.677850,SANDHURST DR,,,,0.00,,,E OLD HICKORY BLVD,,,,0.00,Y,OTHER,N,Non-Junction,None,,,         ,Samuel,Miller,Cloudy,Angle,no,no,no,no,no,False
100970840,METROPOLITAN NASHVILLE POLICE DEPT,2015-0912608,Davidson,Nashville,9/30/2015 9:00:00 PM,1,0,0,36.145520,-86.662700,ROYAL PKWY,,,,83.00,Feet,East,AIRPORT CENTER DR,,,,0.00,N,Not at Intersection,N,Non-Junction,None,,,         ,Bradley,McIntyre,Clear,Not Collision with Motor Vehicle in Transport,no,no,no,no,no,False
100970860,METROPOLITAN NASHVILLE POLICE DEPT,2015-0899677,Davidson,Nashville,9/26/2015 5:00:00 PM,2,0,0,36.163040,-86.874220,FRISCO AV,,,,119.00,Feet,West,24TH ST,,,,0.00,N,Not at Intersection,N,Non-Junction,None,,,         ,Alex,Lampley,Clear,Angle,no,no,no,no,no,False
100970983,METROPOLITAN NASHVILLE POLICE DEPT,20150899639,Davidson,Nashville,9/26/2015 3:00:00 PM,2,0,0,36.084960,-86.703330,HARDING PL,,,,33.00,Feet,East,TRAVELERS INN DR,,,,0.00,N,Not at Intersection,N,Non-Junction,None,,,         ,Jared,Jenkins,Clear,Front to Rear,no,no,no,no,no,False
100970999,METROPOLITAN NASHVILLE POLICE DEPT,20150905277,Davidson,Nashville,9/28/2015 7:27:00 PM,2,0,0,36.041270,-86.777600,OLD HICKORY BLVD,,,,413.00,Feet,West,BRENTWOOD COMMONS WAY,,,,0.00,N,Not at Intersection, ,Non-Junction,None,,,         ,Miguel,Garcia,Clear,Front to Rear,no,no,no,no,no,False
100971008,METROPOLITAN NASHVILLE POLICE DEPT,20150900292,Davidson,Nashville,9/27/2015 6:40:00 PM,2,0,0,36.052220,-86.682440,TUSCULUM RD,,,,54.00,Feet,East,BENZING RD,,,,0.00,N,Not at Intersection,N,Non-Junction,None,,,         ,Jared,Jenkins,Clear,Front to Rear,no,no,no,no,no,False
100971058,METROPOLITAN NASHVILLE POLICE DEPT,20150898016,Davidson,Nashville,9/26/2015 10:32:00 PM,2,4,0,36.053900,-86.667460,HICKORY HOLLOW PKWY,,,,1460.00,Feet,East,MT VIEW RD,,,,0.00,N,Not at Intersection,N,Non-Junction,None,,,         ,Jared,Jenkins,Clear,HeadOn,no,no,no,no,no,False
100971116,Nashville Airport Police,2015-02199,Davidson,Nashville,9/29/2015 4:30:00 PM,2,0,0,0.000000,0.000000,SHORT TERM PARKING LOT,,,,0.50,Miles,West,DONELSON PIKE,PIKE,SRSR255,,0.00,N,Not at Intersection, ,Non-Junction,None,,,         ,Delphia,Murphy,Clear,"Sideswipe, Same Direction",no,no,no,yes,no,False
100971338,METROPOLITAN NASHVILLE POLICE DEPT,20150907467,Davidson,Not in City Limit,9/29/2015 12:33:00 PM,2,0,0,36.101330,-86.934260,I 40,,,,0.00,,,,,,,198.25,N,Not at Intersection,N,Non-Junction,None,,,         ,Jack,Crouch,Rain,"Sideswipe, Same Direction",no,no,no,no,yes,False
100971476,THP District 3 - Nashville,315049943,Davidson,Not in City Limit,9/28/2015 7:30:00 AM,2,0,0,35.975230,-86.644430,KIDD RD,,,,0.00,,,BATTLE RD,,,,0.00,Y,OTHER, ,Non-Junction,None,,,         ,Charles,Achinger,Clear,"Sideswipe, Opposite Direction",no,no,no,no,no,False
100971624,METROPOLITAN NASHVILLE POLICE DEPT,20150897499,Davidson,Madison,9/25/2015 7:35:00 PM,2,0,0,36.264360,-86.711460,GALLATIN PKEN,,,,489.00,Feet,North,STATE RT 45,,,,0.00,N,Not at Intersection,N,Non-Junction,None,,,         ,Carlos,Urrutia,Rain,Angle,no,no,no,no,no,False
100972052,METROPOLITAN NASHVILLE POLICE DEPT,20150897486,Davidson,Nashville,9/25/2015 7:00:00 PM,4,3,0,36.069160,-86.691170,I24 E EXT RAMP,,,,0.00,Feet,,I 24,,,,0.00,Y,T-Intersection,N,Entrance/Exit Ramp Related,None,,,         ,Oscar,Gomez,Rain,"Sideswipe, Same Direction",no,no,no,no,yes,False
100972076,METROPOLITAN NASHVILLE POLICE DEPT,20150903379,Davidson,Nashville,9/28/2015 3:18:00 AM,1,1,0,36.154630,-86.779160,8TH AVS,,,,0.00,,,LAFAYETTE ST,,,,0.00,Y,Roundabout,N,Unknown,None,,,         ,Carlos,angulo,Clear,Not Collision with Motor Vehicle in Transport,no,no,no,no,no,False
100972273,METROPOLITAN NASHVILLE POLICE DEPT,2015-0910524,Davidson,Nashville,9/30/2015 8:00:00 AM,2,0,0,36.079490,-86.644600,MURFREESBORO PKE,,,,0.00,,,EDGE O LAKE DR,,,,0.00,Y,Four-Way, ,,None,,,         ,Jeb,Johnston,,,no,no,no,no,no,False
100972284,METROPOLITAN NASHVILLE POLICE DEPT,2015-0910175,Davidson,Nashville,9/30/2015 7:08:00 AM,2,0,0,36.153000,-86.701080,ACORN DR,,,,402.00,Feet,South,MASSMAN DR,,,,0.00,N,Not at Intersection, ,Non-Junction,None,,,         ,Jeb,Johnston,Rain,Front to Rear,no,no,no,yes,yes,False
100972347,Nashville Airport Police,2015-02176,Davidson,Nashville,9/27/2015 12:00:00 AM,2,0,0,0.000000,0.000000,HANGER,LN,SR635,00,300.00,Feet,West,FLIGHT SERVICE,DR,SR00,00,0.00,N,Not at Intersection,N,Non-Junction,None,,,         ,William,Green,Clear,Rear to Side,no,no,no,yes,yes,False
100972486,THP District 3 - Nashville,315048970,Davidson,Not in City Limit,9/23/2015 5:03:00 PM,2,0,0,36.331520,-86.901280,I 24,,,,0.00,,,,,,,33.00,N,Not at Intersection, ,Non-Junction,None,,,         ,Chantilly,Worling,Clear,Not Collision with Motor Vehicle in Transport,no,no,no,no,yes,False
100973309,METROPOLITAN NASHVILLE POLICE DEPT,20150908264,Davidson,Not in City Limit,9/29/2015 5:20:00 PM,2,0,0,36.022830,-86.712380,NOLENSVILLE PKE,,,,85.00,Feet,North,PERSIA WAY,,,,0.00,N,Not at Intersection, ,Non-Junction,None,,,         ,Miguel,Garcia,Clear,Front to Rear,no,no,no,no,no,False
100973355,METROPOLITAN NASHVILLE POLICE DEPT,20150910497,Davidson,Nashville,9/30/2015 8:55:00 AM,4,0,0,36.241810,-86.750410,I 65,,,,0.00,,,,,,,90.45,N,Not at Intersection,N,Entrance/Exit Ramp Related,Construction Zone,Work On Shoulder Or Median,Transition Area,         ,William,Estes,Rain,Front to Rear,no,no,no,no,yes,False
100973551,METROPOLITAN NASHVILLE POLICE DEPT,2015-0925335,Davidson,Nashville,9/23/2015 9:23:00 AM,2,0,0,36.069590,-86.693910,HAYWOOD LN,,,,0.00,,,EZELL RD,,,,0.00,Y,Four-Way, ,Intersection,None,,,         ,Stanley,Collins,Clear,Angle,no,no,no,no,no,False
100973716,METROPOLITAN NASHVILLE POLICE DEPT,20150912663,Davidson,Nashville,9/30/2015 12:00:00 AM,1,0,1,36.150040,-86.675930,ROYAL PKWY,,,,0.00,,,PERIMETER PLACE DR,,,,0.00,Y,T-Intersection,N,Intersection,None,,,15-0661  ,Christopher,Augustin,Cloudy,Not Collision with Motor Vehicle in Transport,no,no,no,no,no,False
100973754,METROPOLITAN NASHVILLE POLICE DEPT,20150904833,Davidson,Madison,9/28/2015 4:05:00 PM,2,0,0,36.241220,-86.674410,NEELYS BEND RD,,,,283.00,Feet,West,CHEYENNE BLVD,,,,0.00,N,Not at Intersection,N,"Driveway, Alley Access, etc",None,,,         ,Nathan,Dungan,Clear,Angle,no,no,no,yes,no,False
100974005,METROPOLITAN NASHVILLE POLICE DEPT,20150909678,Davidson,Nashville,9/30/2015 1:58:00 AM,2,0,0,36.149670,-86.769810,4TH AVS,,,,0.00,,,MCCANN ST,,,,0.00,Y,Four-Way,N,Non-Junction,None,,,         ,Wallis,Massey,Clear,Front to Rear,no,no,no,yes,no,False
100974067,METROPOLITAN NASHVILLE POLICE DEPT,2015-0892348,Davidson,Nashville,9/24/2015 6:20:00 AM,2,0,0,36.172910,-86.769370,I 24,,,,0.00,,,,,,,48.25,N,Not at Intersection,N,Non-Junction,None,,,         ,Byron,Boelter,Clear,"Sideswipe, Same Direction",no,no,no,no,no,False
100974119,METROPOLITAN NASHVILLE POLICE DEPT,20150906786,Davidson,Nashville,9/29/2015 8:17:00 AM,1,0,1,36.245260,-86.901900,OLD HICKORY BLVD,,,,2500.00,Feet,North,SULPHUR CREEK RD,,,,0.00,N,Not at Intersection,N,Non-Junction,None,,,15-0656  ,Donald,Davidson,Rain,Not Collision with Motor Vehicle in Transport,no,no,no,no,no,False
100974520,METROPOLITAN NASHVILLE POLICE DEPT,20150908723,Davidson,Not in City Limit,9/29/2015 7:40:00 PM,2,0,0,36.265730,-86.791070,I 24,,,,0.00,,,,,,,41.45,N,Not at Intersection, ,Non-Junction,None,,,         ,Nathan,Dungan,Clear,"Sideswipe, Same Direction",no,no,no,no,no,False
100975067,METROPOLITAN NASHVILLE POLICE DEPT,20150908262,Davidson,Nashville,9/29/2015 5:15:00 PM,2,0,0,36.237890,-86.724120,GALLATIN PKES,,,,0.00,,,GALLATIN PKE SB EXT RAMP,,,,0.00,Y,T-Intersection, ,"Driveway, Alley Access, etc",None,,,         ,Nathan,Dungan,Clear,Angle,no,no,no,no,no,False
101003542,METROPOLITAN NASHVILLE POLICE DEPT,2015-0904796,Davidson,Nashville,9/28/2015 4:00:00 PM,3,0,0,36.151190,-86.853610,54TH AVE N,,,,0.00,,,US HWY 70,,,,0.00,Y,T-Intersection, ,Intersection-Related,None,,,         ,Alex,Lampley,Clear,Front to Rear,no,no,no,no,yes,False
101042892,METROPOLITAN NASHVILLE POLICE DEPT,20150907724,Davidson,Nashville,9/29/2015 2:36:00 PM,2,0,1,36.372380,-86.891760,WHITES CREEK PKE,,,,0.00,,,COOPERTOWN RD,,,,0.00,Y,T-Intersection,N,Intersection,None,,,15-0657  ,William,Waters,Cloudy,"Sideswipe, Opposite Direction",no,no,no,no,no,False